{"epoch": 199, "batch_size": 128, "net": "CompressionNet_tiny", "best_acc": 61.57834101382488, "parameters": 504741, "train_loss": [4.307050479542125, 4.205074292963201, 4.105937554619529, 4.013046117262407, 3.9213945692235774, 3.8495480754158713, 3.800554141131314, 3.719043762033636, 3.6874528364701704, 3.6324171152981846, 3.5790937597101387, 3.5535972205075352, 3.484932283921675, 3.4907778046347877, 3.4547286467118696, 3.3700371568853207, 3.33969652002508, 3.313276381926103, 3.272040033340454, 3.258279865438288, 3.2126384605060925, 3.1918709364804356, 3.207518291473389, 3.1531787395477293, 3.0709464463320644, 3.056395318291404, 3.030741986361417, 3.053716958652843, 3.0614044839685612, 3.0051764965057375, 2.9486276063052093, 2.942210743644021, 2.8896827697753906, 2.8863500941883435, 2.871478639949452, 2.9023428049954503, 2.897901201248169, 2.8513700181787662, 2.8430003079501067, 2.80009182583202, 2.8420035448941317, 2.795419692993164, 2.7667713165283203, 2.7518509994853626, 2.698493008180098, 2.7075434424660423, 2.7343352924693716, 2.764824698188088, 2.671931184421886, 2.612783280285922, 2.644032738425515, 2.6479927149685945, 2.6632586695931173, 2.6000543334267356, 2.5902257052334874, 2.5539057168093593, 2.5869416496970437, 2.6279701926491477, 2.581662563844161, 2.4993429444052957, 2.462453265623613, 2.4467422008514403, 2.4193672852082684, 2.435219073295593, 2.4451387492093173, 2.378726083582098, 2.4761296272277833, 2.3895672798156737, 2.3755618052049114, 2.373005333813754, 2.3433405074206264, 2.3384112574837426, 2.2653365460309116, 2.2697445327585393, 2.2916308012875644, 2.304599829153581, 2.2533091046593405, 2.2055540193210947, 2.200139186599038, 2.2115514213388616, 2.190238735892556, 2.2033981236544524, 2.2016092387112702, 2.1848515879024157, 2.167175390503623, 2.1295734123750165, 2.114092089913108, 2.1045583486557007, 2.204398215900768, 2.0996175852688874, 2.1028048103505914, 2.0844727039337156, 2.0960454962470316, 2.0953975655815817, 2.07438420382413, 2.030026086893949, 2.03546395518563, 2.0423615433953026, 1.9822530031204224, 1.9742506829175082, 2.0187559019435537, 2.0279789664528587, 1.9341746070168235, 1.940835369716991, 1.9353791410272772, 1.9654407674616032, 1.935486336187883, 1.9221260656010022, 1.8989322272214022, 1.8940597339109941, 1.9255759997801347, 1.9523698438297619, 1.8996851509267634, 1.8761246507818048, 1.868399529023604, 1.8623777931386774, 1.8683289376172152, 1.8457204103469849, 1.8106738610701127, 1.8515803228725087, 1.844369357282465, 1.7799129789525812, 1.7612765312194825, 1.8080495119094848, 1.7900574727491898, 1.7676236195997759, 1.7670008312572132, 1.7757263660430909, 1.72294537154111, 1.7177984237670898, 1.7244464765895497, 1.7394211899150502, 1.721067138151689, 1.6930263020775536, 1.701896578615362, 1.6907881259918214, 1.6726318792863326, 1.6579754981127652, 1.677349777655168, 1.6508222514932807, 1.6460908282886852, 1.6245409900491887, 1.6107288360595704, 1.5923246253620496, 1.615466629375111, 1.6105020262978293, 1.6209539565173063, 1.5781203811818902, 1.5726918198845603, 1.587114522673867, 1.5799750263040715, 1.5607473048296843, 1.5781212351538918, 1.5484654708342118, 1.545825795693831, 1.5448238242756236, 1.522586592760953, 1.5156608906659212, 1.517116776379672, 1.4936464374715632, 1.5108157938176936, 1.506356919895519, 1.4810655984011563, 1.4710407148707996, 1.4510543974963102, 1.454827694459395, 1.461487492648038, 1.439897101575678, 1.4328740596771241, 1.4538121917031028, 1.4341290994123979, 1.43813467242501, 1.4167442538521506, 1.4302498405629938, 1.4130484429272738, 1.4208834019574252, 1.418141404065219, 1.4041753086176785, 1.4010785102844239, 1.387227107178081, 1.385575289076025, 1.3951091029427267, 1.3712157477032054, 1.3722666935487227, 1.3996733405373314, 1.3740732236341997, 1.3768157395449552, 1.361937258460305, 1.368353750488975, 1.3760539423335683, 1.3754035624590788, 1.371046694842252, 1.3817574457688766, 1.3621270223097368, 1.3738291133533824, 1.3784301844510165, 1.3679192673076284, 1.357503394647078, 1.3850598682056774, 1.3629265882752157], "train_acc": [8.73073044229938, 10.963838063679585, 13.5571243336695, 15.19953897132978, 16.755510733323728, 19.046246938481488, 19.66575421409019, 20.63103299236421, 21.322575997694855, 21.970897565192335, 22.18700475435816, 23.18109782452096, 23.541276473130672, 23.728569370407723, 24.218412332516927, 24.996398213513903, 25.702348364788936, 26.336262786342026, 26.94136291600634, 26.624405705229794, 27.618498775392595, 28.223598905056907, 27.589684483503817, 28.987177640109493, 30.38467079671517, 30.903328050713153, 31.2202852614897, 30.58637083993661, 30.874513758824378, 31.551649618210632, 32.315228353263215, 32.90592133698314, 33.122028526148966, 33.35254286125919, 34.24578590981127, 33.43898573692552, 33.25169283964846, 33.85679296931278, 33.972050136867885, 34.59155741247659, 33.69831436392451, 34.807664601642415, 35.96023627719349, 35.326321855640394, 36.13312202852615, 36.3204149258032, 36.464486385247085, 35.700907650194495, 36.536522114969024, 37.732315228353265, 37.343322287854775, 37.17043653652212, 37.22806512029967, 38.3086010661288, 38.38063679585074, 39.27387984440282, 38.97132977957067, 38.20775104451808, 39.20184411468088, 40.195937184843686, 40.714594438841665, 40.714594438841665, 41.73750180089324, 41.63665177928252, 40.95951591989627, 42.19853047111367, 40.44085866589828, 42.02564471978101, 42.47226624405705, 42.18412332516928, 42.71718772511166, 43.29347356288719, 44.532488114104595, 44.31638092493877, 43.682466503385676, 43.61043077366374, 44.95029534649186, 45.742688373433225, 44.21553090332805, 44.907073908658695, 45.31047399510157, 45.0223310762138, 45.98760985448783, 45.829131249099554, 45.64183835182251, 47.12577438409451, 46.93848148681746, 46.79441002737358, 45.25284541132402, 47.22662440570523, 47.11136723815012, 47.19781011381645, 47.35628871920473, 47.41391730298228, 47.471545886759834, 49.31566056764155, 48.321567497478746, 48.14868174614609, 49.21481054603083, 50.15127503241608, 49.200403400086444, 48.364788935311914, 50.35297507563752, 50.09364644863852, 50.09364644863852, 49.8775392594727, 51.14536810257888, 50.77078230802478, 50.914853767468664, 51.707246794410025, 50.2521250540268, 49.618210632473705, 51.721653940354415, 52.38438265379628, 51.721653940354415, 52.41319694568506, 51.77928252413197, 52.68693271862844, 53.07592565912692, 52.75896844835038, 52.65811842673966, 54.199683042789225, 53.839504394179514, 52.917447053738655, 53.46491859962541, 54.6030831292321, 54.271718772511164, 53.99798299956779, 54.660711713009654, 54.96326177784181, 54.45901166978822, 54.41579023195505, 54.703933150842815, 55.30903328050713, 56.14464774528166, 55.5971761993949, 56.288719204725545, 56.18786918311483, 56.05820486961533, 56.08701916150411, 56.69211929116842, 57.91672669644144, 57.49891946405417, 57.41247658838784, 57.181962253277625, 57.095519377611296, 57.614176631609276, 58.19046246938481, 58.27690534505115, 57.39806944244345, 58.377755366661866, 58.5794554098833, 57.599769485664886, 58.910819766604234, 57.97435528021899, 58.882005474715456, 59.76084137732315, 58.449791096383805, 59.285405561158335, 59.42947702060222, 59.97694856648898, 59.47269845843538, 60.23627719348797, 60.06339144215531, 60.29390577726552, 60.38034865293186, 61.04307736637372, 61.67699178792681, 61.302405993372716, 60.76934159343034, 61.24477740959516, 61.21596311770638, 61.66258464198242, 61.27359170148394, 61.50410603659415, 61.97954185275897, 61.53292032848293, 61.54732747442731, 61.73462037170437, 62.45497766892379, 61.96513470681458, 61.97954185275897, 61.99394899870336, 62.45497766892379, 62.15242760409163, 62.55582769053451, 62.8151563175335, 63.16092782019882, 62.54142054459012, 62.87278490131105, 63.088892090476875, 63.103299236421265, 62.45497766892379, 62.94482063103299, 62.00835614464774, 62.296499063535514, 62.74312058781155, 63.57873505258608, 62.685492004034, 62.90159919319983],