{"epoch": 199, "batch_size": 128, "net": "resnet18", "best_acc": 76.78571428571429, "parameters": 11228325, "train_loss": [3.8752563563260165, 3.3572170994498514, 2.994301834973422, 2.753996177153154, 2.5669861273332075, 2.4080328897996384, 2.2251576098528774, 2.0358527595346625, 1.8558364521373403, 1.6697530659762296, 1.5307344371622258, 1.3765535896474665, 1.273331718011336, 1.1855723478577354, 1.0602647770534863, 0.8880414800210432, 0.8522695194591176, 0.7242560218680989, 0.6440730609677054, 0.5687022133307024, 0.4856953374364159, 0.3525658604773608, 0.40090965872461143, 0.3419658067551526, 0.2542131994258274, 0.19386287927627563, 0.12013257579369978, 0.09342018101703037, 0.07347080206329172, 0.05627839433198625, 0.035297167978503484, 0.022957061197270045, 0.013638289746913043, 0.009359856474805962, 0.010249270426786758, 0.008454359826547178, 0.01091331752355803, 0.011263261329043995, 0.009553519687192006, 0.009294736876406452, 0.009334415349770676, 0.008984713019295171, 0.008886100030080838, 0.009660814660177989, 0.00892844471064481, 0.01118874317035079, 0.010223737900907344, 0.008582834975624625, 0.007806332510980693, 0.008093087705360217, 0.009136580354110762, 0.007653156642548063, 0.0074716675518588585, 0.007264857155016877, 0.008694985085590318, 0.01014847220344977, 0.8590344768186862, 1.0720746246251194, 0.6152553688396107, 0.4363837469707836, 0.31064117090268567, 0.17271609211509878, 0.11532050885937431, 0.08206230584870686, 0.03324633469297127, 0.016838972228155894, 0.008166283915158022, 0.007486165670508688, 0.006652721157297492, 0.006679078699512915, 0.0065586094956167715, 0.005672536409375342, 0.005483424405313351, 0.006192697830159556, 0.00537234825420786, 0.006302196494388309, 0.007129025543955239, 0.006724061799997633, 0.006091305668550459, 0.006485858220945705, 0.006457674135030671, 0.006699811345474286, 0.0073902986266396265, 0.008062201010232622, 0.0067598058418794115, 0.006427867723290216, 0.006579547307708046, 0.007012263846329667, 0.007281015500087629, 0.006548638921231031, 0.006626762166111307, 0.006554479376328262, 0.006845371319319714, 0.0072677668268707665, 0.006717914711175994, 0.006204619444906712, 0.006448608420958573, 0.006069047164849259, 0.006236378128894351, 0.006510312630879608, 0.00618536647578532, 0.006241538443348625, 0.006276352479207245, 0.0063374649648639285, 0.006383410104635087, 0.00637162672355771, 0.006719181923703714, 0.006812114082276821, 0.007183062280951576, 0.0069097789512439205, 0.00663299121978608, 0.006369179525327953, 0.11732759754258124, 0.8050764506513423, 0.5608540025624362, 0.2463149372826923, 0.10642723014408892, 0.04860179268501021, 0.01729604159905152, 0.011028616807677529, 0.006749308371747082, 0.005192756695164876, 0.005267390896650878, 0.004795727209950035, 0.004067243843085386, 0.004758001482960852, 0.0046062265607443725, 0.0038523582318289716, 0.00411296868908473, 0.003922089993615042, 0.0043866305654360485, 0.004099156250330535, 0.004354066190055825, 0.004182492873885415, 0.004358422895893455, 0.0044810525522652, 0.0046035654631189325, 0.004567657580429857, 0.004697623798115687, 0.004551112414761023, 0.004567181763493202, 0.0045470636126331305, 0.004821233354000883, 0.004599303925748576, 0.004691809102554213, 0.00578920358622616, 0.0051351221489974045, 0.005022068711167032, 0.004959604427726431, 0.004637632226910104, 0.0050771439701996065, 0.004866699180142446, 0.00489188629117879, 0.004572103134441105, 0.004705950579690662, 0.004882887022739107, 0.004779222946275364, 0.004619423194195737, 0.0049300290136174724, 0.005148701602593064, 0.00503594896925444, 0.004790374865247445, 0.004882759770209139, 0.005070282599296082, 0.0049610030456361445, 0.005052321683615446, 0.004896463466469537, 0.00477000821212476, 0.0048800743735310705, 0.005113967766307972, 0.005133952835405415, 0.00522353669882498, 0.005490616171366789, 0.004902786257761446, 0.004978549933399666, 0.0048987221650101925, 0.004946996838870374, 0.004900380600751801, 0.005020448861813003, 0.005075475891036066, 0.005018616582012989, 0.004983361476016315, 0.00490691953508014, 0.0052744268185713076, 0.005156396117738702, 0.005457878459922292, 0.005002384874123064, 0.005025563753125343, 0.005071714622053233, 0.0051047352777624675, 0.0051033813464031975, 0.005015746796165, 0.004915258377282457, 0.005178858953612772, 0.005068122959611091, 0.005138568995012478, 0.005138352648778395, 0.005653173870153048, 0.004923417457294735, 0.00500903298062357],