{"epoch": 199, "batch_size": 128, "net": "CompressionNet_large", "best_acc": 68.72, "parameters": 8733028, "train_loss": [4.262977923273735, 3.959545899535079, 3.7816799016254943, 3.6491106952852603, 3.55203427378174, 3.441926073235319, 3.3411695518152182, 3.24513407619408, 3.163940872987518, 3.0868205890021363, 3.030818556885585, 2.9924478902841165, 2.9371477167319764, 2.8792849343146205, 2.8436049579659386, 2.805934477949996, 2.773440823835485, 2.7421574043800763, 2.7026349906726264, 2.673540724512866, 2.645814028542365, 2.6303029231098303, 2.6115385632380805, 2.562323684887508, 2.558705971369048, 2.5372821827373846, 2.509053219919619, 2.5102766480897087, 2.468666066294131, 2.4611761021187237, 2.4366558189587213, 2.4073099998561927, 2.382442952726808, 2.3769485566317274, 2.3685400860998636, 2.340075748960685, 2.3441651971138957, 2.3243241590612076, 2.3313253733813, 2.3099089007243476, 2.295155161786872, 2.280387559510253, 2.2690937613587243, 2.262751739348292, 2.2383811345795537, 2.226400972327308, 2.2224084843150185, 2.1998887034633277, 2.185247231322481, 2.1677350964387663, 2.1878379388233586, 2.1404659132213544, 2.146791866673228, 2.1302646066221738, 2.108075395874355, 2.0924458772020267, 2.091871240254863, 2.080619091268086, 2.0783965002240428, 2.0548049467603873, 2.0401034461872656, 2.0269434171564438, 2.025878821187617, 2.012147776611016, 2.0092817346763123, 1.9953175402053482, 1.9690830274616056, 1.957787125616732, 1.9726786814687196, 1.9625359703512752, 1.9463030285847462, 1.9304740563073122, 1.9137784931665796, 1.9085903317117325, 1.9111281987041464, 1.8758677774682984, 1.8867957854209958, 1.8687499157912897, 1.858671830438287, 1.849478900280145, 1.8405313467430642, 1.825326325643398, 1.8137492856101307, 1.7910998904186746, 1.795467068472177, 1.7977908712518795, 1.770868348648481, 1.764552041697685, 1.751451667617349, 1.734502519792913, 1.7196719119006105, 1.7116183508997378, 1.7034183865617913, 1.7083373880752213, 1.680173651336709, 1.6818613615792122, 1.6575104659780517, 1.6529738482306986, 1.639683756072198, 1.6196824037815298, 1.6168804479681926, 1.6035841401580655, 1.5997849833934814, 1.5867288969361875, 1.5802469756597144, 1.565109427322817, 1.5460870302546665, 1.5267022204825946, 1.5345064697363187, 1.5073888664660247, 1.5004555675989526, 1.4923589961303165, 1.4731959927722316, 1.4628217903244527, 1.456979751282031, 1.4421541035327765, 1.44207236589983, 1.407727105690695, 1.3975077808055731, 1.3839695624378332, 1.3750282838521406, 1.3649956867518023, 1.343899313446201, 1.3291773422599753, 1.3211488610948139, 1.3118180983206804, 1.2957084695701404, 1.2813084204788403, 1.2636104581301169, 1.2620010270791895, 1.237694456144367, 1.2255704957810813, 1.2082423393988548, 1.1951696993140004, 1.1805743206187587, 1.1701131318231373, 1.1631591316989012, 1.1320376868747994, 1.1258608814700486, 1.1244634790798587, 1.1014317568305814, 1.0793451278106025, 1.0726134702372734, 1.0486415145952073, 1.0301470687932066, 1.0141607538208632, 1.0066015000843331, 0.9913386437289246, 0.962526714862765, 0.9495321829300707, 0.952083659751336, 0.9252678809873284, 0.912065000942601, 0.8891022554443925, 0.8734285967124392, 0.8551309468496181, 0.8469105477223311, 0.8216693755763266, 0.8052568875462808, 0.7901331219831695, 0.7683723929440579, 0.7556047095819507, 0.7359421158690587, 0.7119003880359328, 0.7004027376546884, 0.6869849362946532, 0.6622091680384048, 0.6415556505360567, 0.6310803859739962, 0.6213017471153718, 0.5927086143999758, 0.585595891070183, 0.5675627557213044, 0.5495236342215477, 0.5352672293515461, 0.5219061979857247, 0.5053747890855346, 0.48302302206568704, 0.47229133809314056, 0.4597937024920188, 0.44845819236982204, 0.4365207753751589, 0.42207739526963295, 0.4151176176107753, 0.40471686983047545, 0.3903297071185563, 0.38577052371581194, 0.37361911312698404, 0.3687969598242694, 0.3671602846487709, 0.3582856651309811, 0.35444009723260883, 0.34610062281189063, 0.3446326315631647, 0.33927567021163835, 0.33923183076674374, 0.3369826178645234, 0.33278117940553925, 0.3387178577806639, 0.33379930326395935], "train_acc": [4.672, 8.174, 11.108, 13.202, 14.812, 16.66, 18.22, 20.116, 21.536, 22.848, 24.304, 24.73, 25.972, 27.02, 27.704, 28.544, 29.02, 29.86, 30.458, 31.172, 31.768, 32.078, 32.488, 33.422, 33.898, 34.206, 34.632, 34.722, 35.574, 35.734, 36.23, 36.732, 37.538, 37.534, 37.874, 38.476, 38.64, 38.808, 38.878, 39.324, 39.348, 39.806, 40.118, 40.346, 40.388, 41.038, 41.01, 41.714, 42.122, 42.2, 41.864, 42.738, 42.882, 43.066, 43.458, 43.758, 44.008, 44.142, 44.386, 44.876, 45.28, 45.374, 45.56, 45.856, 45.762, 46.224, 46.856, 47.148, 46.938, 46.974, 47.352, 47.782, 48.11, 48.222, 48.128, 49.172, 48.572, 49.23, 49.38, 49.436, 49.732, 50.238, 50.368, 50.884, 50.694, 50.598, 51.248, 51.782, 51.882, 52.434, 52.736, 53.014, 53.086, 52.572, 53.614, 53.586, 54.102, 54.248, 54.57, 54.86, 55.106, 55.372, 55.362, 55.842, 56.022, 56.142, 56.908, 57.232, 57.056, 57.592, 57.98, 57.846, 58.466, 58.78, 58.674, 59.426, 59.254, 60.178, 60.474, 60.686, 61.142, 60.988, 61.806, 61.822, 62.502, 62.62, 62.856, 63.242, 63.656, 63.662, 64.272, 64.448, 64.944, 65.538, 65.796, 65.924, 66.244, 67.126, 67.008, 67.386, 67.83, 68.51, 68.598, 69.196, 69.636, 69.95, 70.078, 70.672, 71.566, 71.8, 71.604, 72.388, 73.048, 73.604, 73.658, 74.174, 74.67, 75.098, 75.69, 76.054, 76.704, 77.048, 77.484, 77.994, 78.442, 79.056, 79.608, 80.214, 80.59, 80.862, 81.61, 81.932, 82.452, 83.078, 83.544, 83.81, 84.356, 84.942, 85.244, 85.732, 86.18, 86.4, 86.836, 87.19, 87.268, 87.904, 87.866, 88.62, 88.578, 88.634, 88.958, 89.026, 89.166, 89.356, 89.576, 89.558, 89.818, 89.686, 89.5, 89.632],