{"epoch": 199, "batch_size": 128, "net": "CompressionNet_medium", "best_acc": 67.78, "parameters": 4294852, "train_loss": [4.143594785114688, 3.7467394320251386, 3.523789533873653, 3.35699458256402, 3.237771137291208, 3.1081739758591516, 3.0215842937264603, 2.9407304754037686, 2.868124299037182, 2.810831480318933, 2.7565283958259448, 2.713385364283686, 2.685880164661066, 2.6396069727895206, 2.61546293975752, 2.5976971073833575, 2.5613531413895396, 2.5357560465098037, 2.5304547295241098, 2.5036496329490485, 2.476562858542518, 2.474510382508378, 2.448694980967685, 2.4164391798741374, 2.4228374863524573, 2.4052527938657406, 2.37254290355136, 2.3798754492684093, 2.3591752506582937, 2.3551730661440993, 2.334135462865805, 2.3324714984430375, 2.3203952275883513, 2.287552752458226, 2.2782005717992173, 2.283735618871801, 2.2767758046269724, 2.2608771004030466, 2.2416937951846503, 2.2299003293142294, 2.2406351273626925, 2.209107289838669, 2.217455450836045, 2.2007135216842224, 2.198709141567845, 2.1768351567675697, 2.1821810272343627, 2.167894998474804, 2.1522203671657825, 2.1483561401172064, 2.151057611645945, 2.135745876890314, 2.130744907862085, 2.119612102008537, 2.1153617234486144, 2.1028440977301437, 2.0899690795127692, 2.070757480838415, 2.077935925530046, 2.0570491902968464, 2.051739997875965, 2.0480788732733566, 2.041514059771662, 2.036147495060016, 2.0171629318495845, 2.0110249702278002, 1.9932113071841657, 1.9899939222408987, 1.9900332149642204, 1.9762091215919046, 1.9600844925931653, 1.9602294206009496, 1.946833933100981, 1.941268469366576, 1.9387065861231225, 1.9263147295588423, 1.9060720549824903, 1.9125681066756968, 1.9073476696868077, 1.8911533852672333, 1.8845667229284107, 1.8647511688339742, 1.8707434643260048, 1.8600105580771367, 1.8506250933308126, 1.8421361452478278, 1.8325524766121983, 1.8181126163438763, 1.8091014096194216, 1.8008212966992116, 1.7977726950364954, 1.7900940067018085, 1.7803104179899405, 1.7615216686902448, 1.7502176560404357, 1.7432008182911007, 1.7407592681362807, 1.732356189461925, 1.7160883327884138, 1.7037672868470097, 1.6956291713982896, 1.67595511873055, 1.6821110840038875, 1.663091181794091, 1.6543904622192578, 1.64279049589201, 1.631215628455667, 1.61734886090164, 1.6109641171477336, 1.5985335386012827, 1.5912512059101973, 1.5936357700611319, 1.5599925234494612, 1.5508614680956088, 1.5446110918088947, 1.5521641259303178, 1.524551376967174, 1.514991798669176, 1.5041747654185575, 1.487339487161173, 1.4850521358992437, 1.4730424774272362, 1.4574647443678679, 1.4327466033608711, 1.4252167720623943, 1.4213910816270676, 1.4133593981223338, 1.4065228343924598, 1.386947638695807, 1.3809468362032604, 1.3560328264065715, 1.3379470719705762, 1.335700245921874, 1.3168197772691927, 1.3213849058541496, 1.2921458423290106, 1.2761450882458016, 1.263043085937305, 1.2585983533993401, 1.2408696132547714, 1.2342399515764182, 1.2268208958913602, 1.1999048331509465, 1.188467477746022, 1.1695285277903233, 1.16737216284208, 1.1515758769286564, 1.1328552353107715, 1.1173080416286694, 1.1048764783098264, 1.0901101262063322, 1.070433938747172, 1.062223424082217, 1.0396755430704492, 1.0225162324698076, 1.0161985796125954, 0.9905796165356551, 0.9710302735533556, 0.9580725368941226, 0.9531017083036321, 0.9342757291196252, 0.9079462881283382, 0.9068817022206533, 0.8786442874337707, 0.8660196177947247, 0.8470415597986383, 0.832980082696661, 0.8125072723764288, 0.8066568257253798, 0.7862341479419748, 0.7684664375641767, 0.7484982703500391, 0.7328392787815055, 0.7142059399801142, 0.7039282387479797, 0.6986590543061572, 0.6812193871611525, 0.6651984377742728, 0.6499360962901883, 0.6418897033195057, 0.6227217216778289, 0.6208421979718806, 0.6004746287222713, 0.5948172861048023, 0.5902731250923918, 0.5808049463250143, 0.5587355314618181, 0.5580178335347139, 0.5516652038030307, 0.5421300102835116, 0.5376586827170818, 0.5334371352744529, 0.5306985230015977, 0.5299161804454101, 0.520075385680284, 0.5179106583223319, 0.5152653397044258, 0.5135448182482854, 0.5148386256316738, 0.510173676492613], "train_acc": [6.288, 11.718, 15.574, 18.314, 20.692, 22.97, 24.632, 25.902, 27.808, 28.718, 29.766, 30.352, 31.078, 32.106, 32.478, 33.112, 33.808, 34.042, 34.282, 34.942, 35.364, 35.728, 36.094, 36.598, 36.502, 37.22, 37.58, 37.606, 38.06, 38.244, 38.624, 38.866, 38.796, 39.402, 39.95, 39.61, 40.046, 40.524, 40.814, 41.162, 40.796, 41.668, 41.34, 41.616, 41.866, 42.174, 41.968, 42.396, 42.59, 42.776, 42.862, 43.404, 43.486, 43.748, 43.674, 43.69, 44.088, 44.516, 44.188, 44.82, 44.994, 45.378, 45.052, 45.3, 45.728, 46.28, 46.522, 46.476, 46.534, 46.62, 47.284, 47.378, 47.41, 47.682, 47.724, 47.938, 48.506, 48.226, 48.272, 48.794, 49.1, 49.648, 49.092, 49.596, 49.782, 50.068, 50.246, 50.326, 50.596, 50.884, 50.894, 51.272, 51.212, 51.71, 51.936, 52.446, 52.108, 52.248, 53.102, 53.104, 53.368, 53.824, 53.592, 54.192, 54.388, 54.72, 54.974, 55.04, 55.582, 55.882, 55.962, 55.648, 56.668, 56.85, 56.794, 56.774, 57.414, 57.772, 58.046, 58.272, 58.248, 58.736, 59.03, 59.896, 59.936, 60.01, 59.962, 60.4, 61.084, 60.624, 61.456, 61.998, 62.136, 62.606, 62.428, 63.104, 63.722, 63.788, 63.958, 64.186, 64.528, 64.874, 65.558, 65.626, 66.07, 66.174, 66.752, 67.182, 67.44, 67.94, 67.866, 68.692, 69.158, 69.354, 70.004, 70.198, 71.116, 71.116, 71.698, 71.742, 72.262, 72.922, 72.892, 73.84, 74.1, 74.536, 75.028, 75.488, 75.91, 76.204, 77.002, 77.298, 77.784, 78.324, 78.488, 78.94, 79.202, 79.802, 80.17, 80.412, 81.158, 81.126, 81.526, 81.946, 81.898, 82.258, 83.012, 83.034, 83.124, 83.588, 83.744, 83.714, 83.818, 83.812, 84.14, 84.044, 84.278, 84.484, 84.244, 84.46],