{"epoch": 199, "batch_size": 128, "net": "CompressionNet_tiny", "best_acc": 59.34, "parameters": 504676, "train_loss": [4.338964191544086, 4.0651488206575594, 3.939030862525296, 3.8213348114277093, 3.7345227536642946, 3.660474210748892, 3.5824602028293073, 3.520343554904089, 3.4372052524400796, 3.3733555807177065, 3.3287739418351743, 3.2779932644056236, 3.2427610253434045, 3.2107246068432507, 3.1949922977506047, 3.1468213195995904, 3.123717355606196, 3.1336921554087374, 3.1106590938080303, 3.091648973162522, 3.067638351484333, 3.0594273107436, 3.025104894052686, 3.0214269008782817, 3.004765633731852, 3.0021830714877, 2.985898856311808, 2.976319853302158, 2.9806750235350234, 2.964008628864727, 2.9403767665024, 2.9357229827919884, 2.9262853144379832, 2.9181415363955683, 2.909624499738064, 2.897027726063643, 2.8954318972194897, 2.888271800697307, 2.8690353793561307, 2.865572890357288, 2.843176861858124, 2.8582864752815813, 2.846854587345172, 2.8452727922698116, 2.8366182417515904, 2.8149905418191117, 2.8160791787345087, 2.80645607865375, 2.8082264567275184, 2.788916920761928, 2.7974948694029123, 2.7832912551167674, 2.772276542985531, 2.779213873016865, 2.764273661786638, 2.7557190751175744, 2.733108726608784, 2.7414555043515647, 2.729983816976133, 2.72645828912935, 2.7169847903044326, 2.720796826550418, 2.6980543734167544, 2.700744589881214, 2.705630810974199, 2.6788109519597514, 2.6904045279373596, 2.6736757651619287, 2.668155948829163, 2.656290715917602, 2.6575451964307626, 2.6539328183664384, 2.6437923810671053, 2.6414947412203036, 2.6204837545409534, 2.6338900135606145, 2.605493461384493, 2.611045939843063, 2.5937643435300157, 2.5813347835979803, 2.5800717870902528, 2.571447856590876, 2.556999050442825, 2.565193317735287, 2.540349054824361, 2.5594994588886077, 2.53719501483166, 2.52978783800169, 2.5100405264998336, 2.515110571366137, 2.515397212694368, 2.4984288142465263, 2.4857029256308474, 2.4766459007702215, 2.4785129694682557, 2.4680488969358945, 2.459111617349298, 2.4348266819858795, 2.4535208364276935, 2.435685820896607, 2.4276506647734384, 2.4032531790721143, 2.4053318436493347, 2.408644900602453, 2.38447947849703, 2.385041567065832, 2.380866393713695, 2.3624818032354953, 2.3519135228813153, 2.3445501287879846, 2.3291437019167653, 2.323349141098959, 2.3191979919248227, 2.296288962559322, 2.29121775974703, 2.290048334299756, 2.2877401281195833, 2.267004050562144, 2.263088170524753, 2.2470527744049305, 2.2382615496740317, 2.2320370570473047, 2.2287538027214575, 2.2032934049206316, 2.1953157360291544, 2.1824113173253092, 2.1645974609857936, 2.16290878975178, 2.150328556290063, 2.141571064739276, 2.107708600780848, 2.1144165889076563, 2.1085694741714947, 2.094064289041797, 2.084613068329404, 2.0772397164493572, 2.0554986231772188, 2.0500174937650675, 2.0329074521198907, 2.031354399288402, 2.007713207808297, 1.9966485835707095, 1.982193337681958, 1.9788283975532903, 1.9526805743536986, 1.9403813333462572, 1.9281478181214589, 1.922925405490124, 1.9071066275886868, 1.8854765645073503, 1.8745141565952155, 1.8636580126364823, 1.8507999328091322, 1.8288535849212686, 1.826897845243859, 1.8030859305120794, 1.7838631996413326, 1.773562890489388, 1.7643423232885882, 1.7566188253710031, 1.7364169371402478, 1.73080472080299, 1.7066951078527115, 1.6790560316246794, 1.6746053460918728, 1.6618985739510383, 1.645490289039319, 1.6224841614208563, 1.6066275914306836, 1.5959994177074384, 1.577159281886752, 1.5709442796609592, 1.5509172418843145, 1.5298415721225007, 1.5131785967160978, 1.5069330595338437, 1.4894200173180427, 1.4677762604125626, 1.4612559881966438, 1.4485549743827957, 1.426569547189776, 1.4127521975266049, 1.3993027734634516, 1.3863189446041957, 1.3808655840966402, 1.352718647636111, 1.3496531854810008, 1.3466212586368747, 1.323503013462057, 1.3145407162359, 1.3143952200784708, 1.3044137329701573, 1.294280746556304, 1.2851668331019408, 1.2917524562467395, 1.2826825855942943, 1.2806731706385113, 1.2773937348209683, 1.2725804498433457, 1.2731721029257226], "train_acc": [3.494, 6.38, 8.288, 10.242, 11.616, 12.838, 14.16, 15.274, 16.476, 17.68, 18.442, 19.174, 19.704, 20.474, 20.786, 21.446, 21.898, 21.874, 22.182, 22.63, 23.23, 23.228, 24.032, 24.064, 24.714, 24.76, 24.966, 25.124, 25.034, 25.382, 25.866, 25.932, 26.37, 26.472, 26.68, 26.86, 26.872, 27.172, 27.34, 27.668, 28.158, 27.992, 28.354, 28.052, 28.194, 28.646, 28.684, 29.47, 29.378, 29.584, 29.502, 29.666, 29.79, 29.906, 30.032, 30.408, 30.786, 30.738, 30.842, 30.888, 31.116, 31.506, 31.12, 31.806, 31.526, 32.29, 31.652, 32.4, 32.174, 32.436, 32.468, 32.83, 32.794, 32.924, 33.48, 33.088, 33.782, 33.654, 33.732, 34.404, 34.502, 34.62, 34.77, 34.794, 35.358, 34.93, 35.604, 35.56, 35.766, 35.696, 35.994, 36.332, 36.88, 36.756, 36.844, 37.124, 37.236, 37.884, 37.304, 37.548, 37.886, 38.628, 38.278, 38.488, 39.058, 39.056, 38.79, 39.416, 39.546, 40.028, 40.202, 40.566, 40.31, 41.134, 41.078, 41.194, 41.112, 41.952, 42.146, 42.444, 42.424, 42.496, 42.682, 43.262, 43.338, 43.81, 44.03, 44.066, 44.752, 44.694, 45.372, 45.204, 45.018, 46.072, 45.948, 46.11, 46.664, 46.766, 47.246, 47.236, 48.034, 48.052, 48.594, 48.304, 49.07, 49.388, 49.676, 49.992, 50.324, 50.63, 50.786, 51.322, 51.558, 51.92, 52.232, 52.73, 52.974, 53.058, 53.298, 53.626, 54.224, 54.25, 54.904, 55.684, 55.884, 56.04, 56.332, 57.032, 57.094, 57.616, 57.856, 58.43, 58.512, 58.876, 59.522, 59.376, 60.056, 60.316, 60.656, 61.124, 61.272, 61.748, 62.08, 62.326, 62.424, 63.206, 62.88, 63.358, 63.826, 63.922, 64.234, 64.38, 64.644, 64.672, 64.632, 64.666, 64.834, 64.828, 65.208, 65.014],