{"epoch": 199, "batch_size": 128, "net": "CompressionNet_base", "best_acc": 65.04, "parameters": 1140820, "train_loss": [4.219958748658905, 3.8627535717566603, 3.697343367749773, 3.565735095602167, 3.458070775736933, 3.368517093341369, 3.275396012894028, 3.1925293691932697, 3.136891894938086, 3.0705725701568682, 2.998924967578, 2.9761070949037363, 2.9259505802408206, 2.889742371981101, 2.872459457353558, 2.8361204383928147, 2.805907193352194, 2.7939416447563854, 2.770123442725452, 2.740736253426203, 2.7237615170686142, 2.6974721430512645, 2.70351980714237, 2.688711723098365, 2.6689400014365114, 2.6472723282816464, 2.6238712002249325, 2.6173482630258937, 2.6203451266374125, 2.5968088884182903, 2.5824177990789, 2.587179483964925, 2.568336505109392, 2.5666404703389043, 2.5410005808486353, 2.5572100978373262, 2.538166515662542, 2.520671199044913, 2.5227445708516307, 2.51599452440696, 2.5088572764335693, 2.4787902021042223, 2.4906900526617495, 2.4842603407857364, 2.4702304040684417, 2.46352278911854, 2.4630495940937713, 2.450597024634671, 2.441851111019359, 2.4353260164675503, 2.4237037988574914, 2.4225613747716257, 2.420174619425898, 2.4209426678050203, 2.3909246360554413, 2.380064770083903, 2.3859413215876235, 2.3847124780840274, 2.3641490671031007, 2.3646335742052864, 2.354217307951749, 2.354198906732642, 2.3408531929220993, 2.32798620166681, 2.331889875709553, 2.324910044060339, 2.309782927603368, 2.298966815099692, 2.285000044366588, 2.2883038715938167, 2.27381978254489, 2.264717306627337, 2.265467178486192, 2.2571488942026785, 2.2385582451320367, 2.229671137412186, 2.2242326187660626, 2.217888814409066, 2.208222195620427, 2.20821824281112, 2.186418101915618, 2.1996966286388506, 2.1732715621323844, 2.164100841792953, 2.1598277985287444, 2.1403883003517796, 2.1539940120618972, 2.129708930659477, 2.1105910804875365, 2.115361507286501, 2.1089599437420934, 2.0905129699146046, 2.091956846854266, 2.0786350590493674, 2.065581111346974, 2.0611210689520285, 2.044015943546734, 2.0340966330769725, 2.0273870345576643, 2.0161985869297894, 2.0099470237331927, 1.9852830784400102, 1.9899286495145325, 1.9771016647138864, 1.9651970332845703, 1.9528680000158831, 1.943526404288114, 1.9280422724726256, 1.9203313082990134, 1.9102769224235163, 1.9017071351980614, 1.8770078289539307, 1.8658235396265679, 1.8516539667573426, 1.8475393925786323, 1.8320191220554245, 1.8134635763095164, 1.797464507315165, 1.7857676842023649, 1.7840709546033073, 1.7684045258690329, 1.768165310630408, 1.7506410243261197, 1.7318475700705254, 1.721788985954831, 1.6980785299140169, 1.6960804355723778, 1.671691692088876, 1.6682842201589014, 1.6508356649857348, 1.6338832262531875, 1.6183854344555788, 1.594134657584188, 1.5884440533645319, 1.5816709961732636, 1.5577981557382647, 1.553419773231077, 1.5352874178715679, 1.5068017271778467, 1.5000040204933538, 1.4848679139486054, 1.469791155946834, 1.4427170262617224, 1.438802563016067, 1.411981626544767, 1.4041391260483687, 1.3930218547506406, 1.364241857662835, 1.3589300398936357, 1.3454983638375617, 1.3299655703937305, 1.2939403769000413, 1.280126898032625, 1.271321543799642, 1.2538750171661377, 1.2298148311007664, 1.2099235426739354, 1.1985745030595822, 1.182796005855131, 1.1515846691473062, 1.1428106190908291, 1.1241551817530562, 1.1058785596771923, 1.0831165071338644, 1.0585122154191937, 1.042884522691712, 1.020669201908209, 1.0091621651673865, 0.9905784896877415, 0.9676153173532023, 0.9499380990977178, 0.9272102446812193, 0.916107073464357, 0.899564290747923, 0.8758545255721988, 0.8668425183771821, 0.8449828030203309, 0.8316487404696472, 0.8173427880572541, 0.7958018549567903, 0.7837019518513204, 0.764552749331345, 0.7556977884848709, 0.7432707677716794, 0.7335557037454736, 0.713756329491925, 0.7067077823764528, 0.7018880771706476, 0.6885577599563257, 0.6819143446205217, 0.6758185728736545, 0.6736491388829468, 0.6620191793002741, 0.6591339299593435, 0.6581719575635613, 0.6517341466206114, 0.6454910186245618, 0.645371178074566, 0.6404199094875999, 0.6429337785981805], "train_acc": [5.332, 9.892, 12.456, 14.832, 16.682, 18.31, 19.702, 21.248, 22.556, 23.28, 24.508, 25.122, 26.034, 26.968, 26.988, 28.042, 28.494, 28.804, 28.914, 29.822, 30.27, 30.53, 30.486, 30.828, 31.094, 31.734, 32.16, 32.198, 32.498, 32.668, 33.076, 33.098, 33.452, 33.458, 33.952, 33.878, 34.22, 34.448, 34.304, 34.314, 34.72, 35.238, 35.084, 35.354, 35.8, 35.808, 35.934, 36.082, 36.018, 36.27, 36.46, 36.56, 36.504, 36.328, 37.08, 37.664, 37.442, 37.254, 37.652, 38.042, 38.206, 38.166, 38.462, 38.64, 38.768, 38.89, 39.306, 39.188, 39.836, 39.604, 39.81, 40.23, 39.884, 40.368, 40.608, 40.934, 40.822, 41.442, 41.288, 41.32, 41.95, 41.5, 42.244, 42.312, 42.608, 42.848, 42.792, 43.204, 43.288, 43.516, 43.93, 43.914, 43.94, 44.324, 44.748, 44.796, 45.258, 45.394, 45.54, 45.838, 45.922, 46.492, 46.586, 46.712, 47.132, 47.442, 47.654, 48.218, 48.176, 48.122, 48.762, 49.118, 49.344, 49.642, 49.794, 50.45, 50.85, 51.066, 51.29, 51.294, 52.152, 52.072, 52.328, 52.852, 53.008, 53.726, 53.744, 53.958, 54.144, 54.566, 54.894, 55.398, 55.992, 56.062, 56.414, 56.81, 56.78, 57.568, 58.116, 58.568, 58.722, 58.924, 59.778, 59.822, 60.49, 60.856, 60.906, 61.734, 61.916, 62.082, 62.512, 63.396, 63.43, 64.08, 64.542, 64.978, 65.408, 65.844, 66.354, 66.98, 67.318, 67.512, 68.4, 68.798, 69.358, 69.72, 70.506, 70.588, 71.0, 71.67, 72.18, 73.014, 73.27, 73.598, 74.124, 74.47, 75.052, 75.344, 75.782, 76.418, 76.788, 77.048, 77.492, 77.828, 78.232, 78.802, 78.8, 79.186, 79.522, 79.744, 79.784, 79.832, 80.176, 80.216, 80.518, 80.534, 80.58, 80.664, 80.88, 80.766],