{"epoch": 199, "batch_size": 128, "net": "CompressionNet_small", "best_acc": 60.89, "parameters": 727620, "train_loss": [4.1410448868256395, 3.631010025663449, 3.3350049010323137, 3.1161028558335953, 2.947669062163214, 2.8115226673653058, 2.7283816721738146, 2.642450164346134, 2.5631393471642223, 2.498300678589765, 2.450233592401685, 2.386272427371091, 2.3405016136291388, 2.2969113274303545, 2.2617532511806244, 2.231031996514791, 2.1840320807283797, 2.1556097296497705, 2.136653830023373, 2.1033827642650555, 2.080735672770254, 2.0446224020570134, 2.0200673908833653, 1.9928942552917754, 1.9792959068132483, 1.95205645457558, 1.9264834884487454, 1.9215881123262293, 1.9015155597720914, 1.8780383810667736, 1.8614920331998859, 1.8389322660158358, 1.8283050810284627, 1.805564056272092, 1.7981808676439173, 1.7689591432776293, 1.764021911889391, 1.7459126781014835, 1.7417703784640184, 1.7254148761329748, 1.705850633513897, 1.6956756901558099, 1.6790599533359107, 1.66608130809901, 1.6635750644957013, 1.6493526776428418, 1.6354565065535134, 1.6246654962944558, 1.6115089743338582, 1.602060353664486, 1.598012278147061, 1.5791711697493063, 1.5723876898246043, 1.5484634775030033, 1.545788529278982, 1.536725124739625, 1.5302329368298622, 1.5165536034747462, 1.5160602425675258, 1.502623856829865, 1.4904057674700646, 1.4847796533418738, 1.4754118053504572, 1.4670410195884802, 1.4561267100331727, 1.4484800929608552, 1.4448628242668289, 1.43325622002487, 1.4190324352830268, 1.4222977932761698, 1.400917767258861, 1.397928919328753, 1.3938426660454792, 1.391720968134263, 1.3736852678801397, 1.3690605046194229, 1.3619125848231108, 1.3536936343478425, 1.3466719945373438, 1.3373062979534764, 1.333009110082446, 1.332554007735094, 1.319377764564036, 1.3073740247875223, 1.3031525782611975, 1.2890955772241364, 1.2878903181046781, 1.275780212086485, 1.27854101340789, 1.2657901505984919, 1.253711468728302, 1.2517696500129407, 1.2471676096891808, 1.236238739527095, 1.2300368725796185, 1.225874984965605, 1.2188561644090716, 1.2234511655919693, 1.2069075429226126, 1.204059487870892, 1.1955856380560208, 1.1989224072917344, 1.1863326375441783, 1.1731920358165147, 1.1696791965943163, 1.1665744565027145, 1.1617541064691665, 1.150392907964604, 1.1465407809638002, 1.138434862389284, 1.1337218982789217, 1.1333708575619457, 1.1208854807002464, 1.116512388524497, 1.1184692991054273, 1.1077266053470505, 1.1066087097158213, 1.0928039395290872, 1.0946346650952878, 1.0841363272093751, 1.0776949159019744, 1.0790564843150965, 1.070280041536102, 1.0709276257268607, 1.0578751167677858, 1.0569482944200717, 1.041503572250571, 1.047002626349554, 1.0368330612816774, 1.0410392128902932, 1.0293376913765813, 1.0231033882216725, 1.0164343626297954, 1.0139228693969415, 1.0132496148119192, 1.0001208221211153, 1.0079680281831784, 1.0059979161643007, 0.9915874356503986, 0.983234313747767, 0.9806877963073418, 0.9837901932199288, 0.9765605803036019, 0.9723926784132447, 0.9690076649341437, 0.9681376381908231, 0.95564123736623, 0.9555925694877839, 0.9542419934821555, 0.9579687536220112, 0.9431504006580929, 0.9445944408626508, 0.9454196061929474, 0.9336593465122116, 0.9363307301955455, 0.9279056354556852, 0.9239040027798899, 0.9179692550388443, 0.9231223302424106, 0.920980393581683, 0.9137373668763339, 0.9222763127378185, 0.9137152477603434, 0.903054887681361, 0.9009741806922971, 0.9009756203502646, 0.8944808990144364, 0.8906465146852576, 0.8913616060905749, 0.8922917245294127, 0.8855871071900858, 0.8886462936316, 0.88396117495149, 0.8887366225652378, 0.8835785587120544, 0.8827076162523626, 0.8776531632599014, 0.8772345535895404, 0.8744358217624753, 0.8744018608346924, 0.873612907993824, 0.8768881472480267, 0.8841834190251577, 0.8710966328220904, 0.8652929029501307, 0.8708431678050009, 0.868727992105362, 0.864750953281627, 0.8671926362130343, 0.8687567447152589, 0.8690314039854747, 0.8649471175030369, 0.8647530264866626, 0.8629648321120026, 0.8593444715985252, 0.863615940446439, 0.8619384207688939, 0.8635612288704309, 0.8613296590192848, 0.8601093173331922], "train_acc": [7.108, 13.688, 18.994, 22.882, 25.988, 28.5, 30.54, 32.194, 33.616, 35.122, 36.284, 37.33, 38.518, 39.292, 40.258, 41.102, 41.838, 42.608, 43.37, 44.03, 44.194, 44.85, 45.77, 46.29, 46.502, 47.374, 47.856, 47.868, 48.134, 49.078, 49.352, 49.906, 49.96, 50.504, 50.798, 51.228, 51.612, 52.056, 51.99, 52.4, 53.178, 53.33, 53.538, 53.868, 54.004, 54.266, 54.612, 54.704, 55.092, 55.368, 55.426, 55.568, 56.126, 56.68, 56.508, 56.99, 56.894, 57.496, 57.34, 57.658, 57.822, 58.264, 58.286, 58.374, 58.796, 59.03, 59.31, 59.358, 59.634, 59.726, 60.05, 60.392, 60.26, 60.392, 60.68, 61.108, 61.062, 61.26, 61.496, 61.604, 61.948, 62.014, 62.336, 62.37, 62.718, 62.944, 62.888, 63.096, 63.398, 63.412, 63.71, 63.752, 63.91, 64.024, 64.388, 64.582, 64.644, 64.422, 65.146, 65.012, 65.268, 65.19, 65.656, 65.808, 65.984, 66.124, 66.244, 66.33, 66.382, 66.66, 66.882, 66.9, 66.994, 67.174, 67.322, 67.582, 67.72, 67.798, 67.874, 67.948, 68.22, 68.316, 68.498, 68.732, 68.854, 68.974, 69.096, 69.214, 69.512, 69.396, 69.388, 69.922, 69.844, 69.944, 69.948, 70.158, 70.112, 70.086, 70.456, 70.636, 70.784, 70.696, 71.086, 70.996, 71.044, 71.018, 71.544, 71.476, 71.574, 71.34, 71.756, 71.752, 71.734, 72.264, 71.93, 72.35, 72.394, 72.404, 72.48, 72.326, 72.734, 72.516, 72.456, 72.848, 73.124, 72.95, 73.114, 73.376, 73.072, 73.03, 73.256, 73.212, 73.42, 73.23, 73.194, 73.174, 73.586, 73.608, 73.69, 73.558, 73.582, 73.454, 73.174, 73.938, 73.738, 73.992, 73.76, 73.952, 73.942, 73.916, 73.812, 73.88, 73.854, 74.144, 74.168, 73.958, 73.952, 74.068, 74.048, 73.992],