{"epoch": 199, "batch_size": 128, "net": "CompressionNet_medium", "best_acc": 64.61, "parameters": 17000900, "train_loss": [3.7286112473139066, 3.1594728551557303, 2.8291803741698986, 2.607192841332282, 2.438145458240948, 2.2949275836310425, 2.1907150797221973, 2.0938456415215416, 2.0180088177971216, 1.9427656779813645, 1.8734195906182993, 1.8154816661039581, 1.7515056258272332, 1.7071963609636898, 1.6618146344523905, 1.6063658523437616, 1.560321676761598, 1.520007578003437, 1.4890537865631415, 1.434810493608265, 1.3944849446606453, 1.367674000122968, 1.332176287460815, 1.300615682778761, 1.271419163402694, 1.232919819824531, 1.1959351528331141, 1.1628501331409835, 1.154519346059131, 1.1185698881173682, 1.0763624167198416, 1.0678450975881513, 1.0419086387090366, 1.0095477617915025, 0.9858403567158048, 0.960344311678806, 0.9280071266166999, 0.9195425051557439, 0.881837680669087, 0.8685781242292555, 0.8440714740692197, 0.8265101217552829, 0.8113053818340497, 0.783883740072665, 0.7670157229351571, 0.7409512391480644, 0.7330633348516186, 0.7114367507150411, 0.68753660197758, 0.6873668840016856, 0.66383136096208, 0.6425654218172479, 0.6395649325359812, 0.6146487621090296, 0.6060961219660767, 0.5929958276126696, 0.5717741797494766, 0.5621448919138945, 0.5545792415776216, 0.5460592748411476, 0.5347687867291443, 0.5163519901540273, 0.5111990872856296, 0.49804473876038474, 0.47735419541673585, 0.46542103676234975, 0.4586494958309261, 0.45471093359658177, 0.43839408567799326, 0.4270250063646785, 0.42652995815819794, 0.4143835614480631, 0.40766287173913873, 0.4002486175816992, 0.39188633184603716, 0.3866155739025692, 0.37582188795137283, 0.3672512201854335, 0.36356425350127014, 0.35506170957594574, 0.3453957914086559, 0.3407550473194903, 0.33353268520911333, 0.3212556039052241, 0.315927392838861, 0.3093787100156555, 0.30688413665117814, 0.3054675753311733, 0.29483735774789016, 0.2817506024714016, 0.27338890251143816, 0.27883383277279644, 0.26295390201117985, 0.26006356316149387, 0.2635722470176799, 0.2540223305030247, 0.24853767065898233, 0.2363594179339421, 0.23695642140972645, 0.2293382787129001, 0.22391384239773007, 0.2228022923173807, 0.2178919506271172, 0.21702462632942687, 0.2075605245731066, 0.20341952808220368, 0.20143139543359542, 0.19342696911576765, 0.18911910718283081, 0.1882080148972209, 0.18642688153878503, 0.17695782288832737, 0.17036284666384577, 0.16848749753154452, 0.16652639618005288, 0.15550288511321064, 0.15614446368821136, 0.16253478534500618, 0.15012740863063145, 0.1527540170780533, 0.14148171506155177, 0.13844947031963512, 0.14107542743196572, 0.13420048011157215, 0.1275118800818615, 0.1249322392084562, 0.12585783051445965, 0.11960372367821386, 0.12033114773804879, 0.11671460465625728, 0.11169289560307322, 0.10670914649582275, 0.10512373891785322, 0.09967053388638417, 0.1040279967067263, 0.0970528504961287, 0.09815326041025121, 0.09553063385036138, 0.09542509814833894, 0.09356467671635206, 0.08921444535141101, 0.0855615967193909, 0.08224895244459514, 0.08422895976821022, 0.08035351237868105, 0.07429200280314821, 0.07755275800719362, 0.07401648020643331, 0.06835819430925581, 0.07049970154214621, 0.06707028661618757, 0.0648923036963929, 0.06669757216620971, 0.06476578191446755, 0.06328378704941029, 0.06062360530685815, 0.0566840721008456, 0.056140476985431995, 0.055737241627434105, 0.057252478721501576, 0.05210399397832277, 0.055081119937131474, 0.05235951955018141, 0.049963216166324015, 0.05085419582874726, 0.04848644008045382, 0.04813818219344101, 0.04802202731323288, 0.04722159996966991, 0.04476970780040602, 0.04380739788474786, 0.042443959993998644, 0.04508771124007681, 0.04400284670750656, 0.04256136963010558, 0.04150275284986552, 0.04173174961124692, 0.040939841751733326, 0.038887488054316445, 0.038461334661573476, 0.03897478330351622, 0.037780324182928066, 0.03695347018020652, 0.03730984932392874, 0.03621262037183356, 0.03618085268251312, 0.0368569529796367, 0.035858107337732904, 0.03606241811043047, 0.03479658878501266, 0.037228751649527485, 0.035295055243079465, 0.037282481398957464, 0.03470070920039035, 0.035474928132856215, 0.03449255914267753, 0.03483126553661569, 0.036685430179195254, 0.03670701936311315, 0.034660954052186985], "train_acc": [13.068, 22.512, 28.724, 33.406, 36.626, 39.632, 41.838, 44.442, 45.726, 47.518, 49.204, 50.556, 51.942, 53.214, 53.714, 55.24, 56.312, 57.224, 58.16, 59.26, 60.35, 60.992, 61.784, 62.776, 63.24, 64.346, 64.968, 65.994, 66.226, 66.944, 68.146, 68.416, 69.09, 69.718, 70.614, 71.326, 71.974, 72.156, 73.282, 73.64, 74.174, 74.802, 75.106, 75.962, 76.462, 77.334, 77.152, 78.06, 78.748, 78.554, 79.098, 79.96, 80.048, 80.718, 81.064, 81.394, 81.84, 82.2, 82.428, 82.686, 83.184, 83.584, 83.728, 84.232, 84.802, 85.09, 85.334, 85.624, 85.804, 86.228, 86.332, 86.756, 86.95, 87.208, 87.498, 87.492, 87.912, 88.208, 88.172, 88.486, 88.718, 89.008, 89.27, 89.658, 89.748, 90.016, 90.046, 90.186, 90.562, 90.784, 91.096, 90.894, 91.476, 91.682, 91.454, 91.748, 91.882, 92.304, 92.242, 92.552, 92.734, 92.612, 92.974, 92.892, 93.186, 93.366, 93.44, 93.712, 93.726, 93.834, 93.91, 94.174, 94.43, 94.442, 94.502, 94.89, 94.902, 94.636, 95.082, 95.026, 95.428, 95.414, 95.292, 95.552, 95.828, 95.936, 95.964, 96.11, 96.084, 96.156, 96.368, 96.448, 96.588, 96.668, 96.57, 96.774, 96.822, 96.834, 96.946, 96.962, 97.046, 97.184, 97.31, 97.176, 97.414, 97.552, 97.41, 97.6, 97.808, 97.776, 97.88, 97.954, 97.848, 97.948, 97.952, 97.952, 98.194, 98.202, 98.178, 98.204, 98.352, 98.254, 98.336, 98.41, 98.372, 98.46, 98.55, 98.484, 98.542, 98.648, 98.618, 98.674, 98.64, 98.608, 98.686, 98.674, 98.716, 98.722, 98.766, 98.836, 98.848, 98.852, 98.888, 98.86, 98.95, 98.918, 98.89, 98.888, 98.95, 98.922, 98.834, 98.908, 98.94, 98.948, 98.868, 98.904, 98.942, 98.896, 98.834, 98.916],