{"epoch": 199, "batch_size": 128, "net": "convnextv2_pico", "best_acc": 53.54, "parameters": 8604580, "train_loss": [4.0689419950060834, 3.686897667472625, 3.5608003462671927, 3.465089733338417, 3.4164476504411234, 3.346795042457483, 3.29912523296483, 3.2557784132945264, 3.218748702417554, 3.187691589755475, 3.169055354564696, 3.1458092040722936, 3.1199738320792116, 3.103091796645728, 3.070004486976682, 3.0673123595049923, 3.039657636676603, 3.01510490663826, 2.9994198763766864, 2.9782231000378308, 2.9635051040698195, 2.9482084034044114, 2.9328217811291784, 2.908889778434773, 2.8997190669369513, 2.887642182962364, 2.8748756997725544, 2.857509433156084, 2.850009669428286, 2.824286163920332, 2.815970667182942, 2.8013503118549163, 2.7908132265290946, 2.7802008381280143, 2.7656903858379938, 2.746930546162988, 2.749675548290048, 2.7134898367440305, 2.717084736470371, 2.7101894485980957, 2.6854114105634372, 2.6842483724169717, 2.667450022514519, 2.665087359030838, 2.6410527802489296, 2.642436065942125, 2.6180303200431494, 2.617929393982948, 2.609039058465787, 2.6021572988661354, 2.5830810213332898, 2.5720932971486046, 2.565820196400518, 2.5556879927740073, 2.5380288036278142, 2.5469284710067006, 2.519886782712034, 2.513297823079102, 2.5057703210874593, 2.4915389572567954, 2.4807353806312737, 2.484401479706435, 2.463793958849309, 2.458739125210306, 2.4418872427147673, 2.4399574449300157, 2.417159081115137, 2.411857005275424, 2.39248375697514, 2.385908462812224, 2.3771813190196784, 2.345076126820596, 2.3471040234846225, 2.3290887753981764, 2.3227807606577566, 2.302734867081313, 2.2869714949746878, 2.2660546092426075, 2.254242198546524, 2.238233322987471, 2.2347038776978203, 2.224754400570374, 2.1987779771580414, 2.186541934452398, 2.1802854437352446, 2.1691733754199483, 2.156526367377747, 2.1424859338404274, 2.1397417036773603, 2.118035011889075, 2.10839690393804, 2.0907397004954347, 2.0907930330852107, 2.062412924778736, 2.055174136405711, 2.0471918439621204, 2.0354266069124423, 2.024819472561712, 2.0219193587217794, 2.0055866686584394, 1.9822177079022694, 1.9808327962675363, 1.948014608124638, 1.9478172021143882, 1.9481876061090728, 1.9214705161731263, 1.922180658106304, 1.8986859858188483, 1.897019833250119, 1.875249469676591, 1.8687309185257348, 1.853137545573437, 1.8403271823892813, 1.831555365906347, 1.8197653400318703, 1.8072370870034102, 1.7903502960034343, 1.7808274170931648, 1.7642535474294287, 1.7555359897711087, 1.7385120266843634, 1.7384733135438026, 1.7142233680886076, 1.6935290378682755, 1.6914256829434953, 1.667690781376246, 1.656394431353225, 1.6508551031122427, 1.6319532126112057, 1.6176012156869444, 1.6024539354817031, 1.59248728215542, 1.5799034754638477, 1.5663287164000295, 1.5403956366926812, 1.5315154796975958, 1.5111820060578758, 1.494645616130146, 1.493746393324469, 1.473856358424477, 1.4516312231493118, 1.4424219838798504, 1.4115397283793105, 1.4086353083705658, 1.3857667558943219, 1.3676435752293032, 1.3520765982930312, 1.3394169911094334, 1.3070042054061695, 1.299141930802094, 1.2770274470529288, 1.2596565372193866, 1.238343726643516, 1.2231410534485527, 1.1985343527001189, 1.1849405754862539, 1.1673665345477326, 1.1498135465490238, 1.118778106501645, 1.0964455003933529, 1.0738656682431544, 1.057721007205641, 1.0397967743446759, 1.0152158491751726, 0.9917764194176325, 0.9743057411649952, 0.9574801966052531, 0.9198579760768529, 0.9025219099600906, 0.8827419633145832, 0.8603131589682206, 0.8356641021835834, 0.8128844577333202, 0.7860846979843686, 0.7569613684626186, 0.7382349545693458, 0.7062351103024105, 0.6960378780846705, 0.6710478499569856, 0.6484617740296952, 0.6254890343112409, 0.6094758945810216, 0.5897306448510845, 0.5722963704782373, 0.5522122266499893, 0.5315987655268911, 0.5155391656529263, 0.5028811546847644, 0.48834556630810205, 0.47794464367734807, 0.464541785095049, 0.4533437020943293, 0.4445724212147696, 0.4427997594141899, 0.43291453758011694, 0.4325728090217961, 0.42332245969711363, 0.4227986775167153, 0.42574265648794296, 0.4154081912449254], "train_acc": [8.904, 13.384, 15.716, 16.958, 17.878, 19.38, 20.072, 20.814, 21.622, 22.114, 22.508, 23.038, 23.122, 23.456, 24.272, 24.464, 24.74, 25.224, 25.312, 25.908, 26.32, 26.894, 27.106, 27.398, 27.754, 27.962, 28.32, 28.674, 28.492, 29.308, 29.384, 29.742, 29.936, 30.25, 30.176, 30.704, 30.524, 31.114, 31.322, 31.31, 31.79, 31.626, 32.272, 32.356, 32.618, 32.692, 33.028, 33.44, 33.344, 33.448, 34.026, 34.234, 34.048, 34.532, 34.492, 34.622, 35.046, 35.204, 35.468, 35.68, 35.546, 35.982, 36.366, 36.552, 37.05, 36.82, 37.236, 37.608, 37.772, 38.306, 38.122, 38.928, 38.552, 39.212, 39.39, 39.772, 40.014, 40.424, 40.682, 40.862, 41.278, 41.166, 41.712, 42.0, 42.184, 42.316, 42.656, 43.106, 43.316, 43.436, 43.598, 44.268, 43.92, 44.858, 44.878, 45.038, 45.28, 45.31, 45.802, 45.842, 46.496, 46.508, 46.952, 47.136, 47.078, 47.818, 47.812, 48.468, 48.446, 48.782, 48.916, 49.326, 49.812, 49.802, 50.106, 50.508, 50.868, 51.034, 51.338, 51.448, 51.994, 51.996, 52.61, 53.036, 53.054, 53.512, 53.704, 53.63, 54.486, 54.744, 55.292, 55.512, 55.704, 55.934, 56.432, 56.736, 57.382, 57.568, 57.692, 58.348, 58.76, 58.748, 59.698, 59.552, 60.262, 61.036, 61.158, 61.302, 62.122, 62.446, 62.818, 63.396, 63.762, 64.478, 65.158, 65.136, 65.82, 66.038, 67.096, 67.498, 67.958, 68.518, 69.052, 69.414, 70.134, 70.838, 70.974, 72.232, 72.654, 73.328, 73.958, 74.578, 75.212, 75.916, 76.852, 77.366, 78.316, 78.652, 79.44, 80.258, 80.802, 81.344, 82.112, 82.64, 83.254, 83.93, 84.428, 84.814, 85.282, 85.758, 86.174, 86.654, 86.888, 86.818, 87.41, 87.356, 87.85, 87.694, 87.686, 87.906],