{"epoch": 199, "batch_size": 128, "net": "convnextv2_atto", "best_acc": 53.78, "parameters": 3419500, "train_loss": [4.045323729819959, 3.6969493557425106, 3.5799495106767814, 3.497059092192394, 3.420972746046608, 3.36689356952677, 3.3204730118022248, 3.292068773523316, 3.2450228091091144, 3.229679278400548, 3.1970129086233467, 3.1805790928013793, 3.162363612133524, 3.128368964280619, 3.106650106132488, 3.0906364125059085, 3.0572402074818723, 3.0514453701351, 3.024928986873773, 3.005106612544535, 2.9851591727312874, 2.9799853560259884, 2.969382372658576, 2.9443672550913624, 2.934629805557563, 2.91721104538959, 2.913126031456091, 2.901916980133642, 2.890027978536113, 2.8742791606337215, 2.874737640780866, 2.8535901939167694, 2.852455226356721, 2.8420390119333097, 2.824378995944167, 2.815667725585001, 2.816989129766479, 2.793757872203427, 2.78103546779174, 2.7779732774895476, 2.7690336039609007, 2.7507101641896434, 2.7329774768761053, 2.7224039702159364, 2.7203603498161297, 2.7052024526669243, 2.6958838295753655, 2.682595101158942, 2.679571746255431, 2.6818975164457357, 2.654606999033857, 2.6456204149729152, 2.6416855053523616, 2.6252419722964393, 2.6224122529139606, 2.6071724379459003, 2.6027869556261147, 2.5879594663829755, 2.5833552237361896, 2.585422184156335, 2.5624809868805243, 2.5590571893755434, 2.5559511477380155, 2.5415386238976208, 2.533715563966795, 2.5220957198716185, 2.510246362222735, 2.505970989651692, 2.500605932586943, 2.48540090295055, 2.4692270871623396, 2.4646971189152556, 2.45418961304228, 2.4467712866375817, 2.4313122604204263, 2.4366177183282955, 2.4295023704123926, 2.4121795529904575, 2.401736685077248, 2.393081529975852, 2.3794159633119394, 2.3693226264870684, 2.379166086921302, 2.37198315191147, 2.3530952171291535, 2.339550293010214, 2.3413209210881187, 2.322133878002996, 2.325157282907335, 2.297316631697633, 2.3015583003573403, 2.287890204383284, 2.281690138685124, 2.2752475467179436, 2.2614116122960435, 2.25467310262763, 2.247645094571516, 2.237738290406249, 2.2256600948245935, 2.2205538457007052, 2.2067221552514664, 2.2018005570487293, 2.1824087169774047, 2.1751183792758173, 2.1676523956801277, 2.1610651452218175, 2.1639047153770465, 2.149294666317113, 2.132707487286814, 2.1324790710073604, 2.1152714920775666, 2.0864999681482534, 2.0878120932127815, 2.079742213649213, 2.060853397144991, 2.054189724690469, 2.050120019851743, 2.033662298146416, 2.0201881925773133, 2.005343158531677, 2.0064788221398278, 1.9984248538151421, 1.9778990876644165, 1.969905069112168, 1.9500756102144872, 1.9443985629264655, 1.9378303502831618, 1.9267596573475987, 1.9091463869489977, 1.8999299762194113, 1.8886447958934032, 1.8756075103569518, 1.870373027099063, 1.8498288972298507, 1.844094232525057, 1.8283406788735743, 1.8178980948065249, 1.8097074397689545, 1.7885667451507294, 1.772482267426103, 1.7627620120792438, 1.743061097686553, 1.7364801497715514, 1.7260373882625415, 1.7108058594071958, 1.700446830686096, 1.6926172691233017, 1.6715150327633714, 1.6550416949459963, 1.645383054643031, 1.620574866414375, 1.6162645060692906, 1.5989147119814782, 1.5799562976793255, 1.56774490080831, 1.5432953776605904, 1.5312358043382845, 1.5200257761704037, 1.506087267185416, 1.4829979003847713, 1.4727860646479576, 1.4581322108998018, 1.4420143399397125, 1.413717547036193, 1.4076898311410109, 1.3817713428336336, 1.3635412053683835, 1.3508998847678495, 1.3288900382683406, 1.3190151742657128, 1.2901421794501107, 1.2714470711815389, 1.263076650212183, 1.2488525232390675, 1.2330891011316147, 1.2062086414193254, 1.1893237573106576, 1.173740595350485, 1.1579799646001947, 1.1291800786162276, 1.1222966163969406, 1.098124256981608, 1.0889858652258773, 1.068054950908017, 1.0490460177821577, 1.0364159802951471, 1.0208287309197819, 1.0053999905696, 0.9917756477585229, 0.9737121439955728, 0.9691900473726375, 0.9581044403183491, 0.9484236592526936, 0.9408791647542774, 0.9400034270932912, 0.9250766929153287, 0.9287205250061992, 0.9223879898905449, 0.9173396042240854, 0.9124852187188385], "train_acc": [8.928, 13.234, 15.18, 16.628, 17.922, 18.774, 19.824, 20.444, 21.044, 21.334, 21.722, 22.102, 22.496, 23.258, 23.308, 23.814, 24.366, 24.516, 25.058, 25.51, 25.72, 26.072, 26.228, 26.566, 26.958, 27.408, 27.144, 27.266, 27.466, 28.218, 28.016, 28.578, 28.39, 28.784, 28.87, 29.198, 29.064, 29.404, 29.87, 29.954, 29.86, 30.372, 30.968, 31.074, 30.948, 31.486, 31.52, 31.83, 31.784, 31.502, 32.348, 32.476, 32.382, 32.966, 32.996, 33.27, 33.266, 33.818, 33.712, 33.65, 34.116, 34.338, 34.05, 34.592, 34.74, 34.968, 35.394, 35.564, 35.46, 35.724, 36.186, 35.988, 36.534, 36.696, 37.02, 36.658, 37.056, 37.098, 37.52, 38.062, 38.052, 38.498, 38.182, 38.278, 38.712, 38.64, 38.84, 39.282, 39.222, 39.678, 39.572, 39.944, 40.412, 40.102, 40.594, 40.68, 41.05, 40.998, 41.094, 41.316, 41.606, 41.918, 42.028, 42.542, 42.55, 42.736, 42.54, 42.924, 43.2, 43.172, 43.682, 44.218, 44.29, 44.584, 44.934, 44.98, 45.03, 45.44, 45.828, 45.882, 45.976, 46.042, 46.654, 46.532, 47.596, 47.474, 47.54, 47.934, 48.184, 48.504, 48.764, 49.112, 49.168, 49.384, 49.64, 50.206, 50.194, 50.482, 51.108, 51.392, 51.558, 51.988, 52.206, 52.314, 52.678, 52.896, 53.052, 53.518, 53.92, 54.17, 54.67, 54.944, 55.188, 55.882, 56.116, 56.674, 56.876, 57.282, 57.782, 57.922, 58.24, 58.878, 59.156, 59.938, 60.072, 60.736, 61.166, 61.532, 61.838, 62.268, 63.04, 63.706, 63.55, 64.08, 64.502, 65.12, 65.76, 65.996, 66.356, 67.14, 67.262, 67.96, 68.056, 69.012, 69.35, 69.536, 70.04, 70.58, 71.028, 71.292, 71.53, 71.894, 72.04, 72.29, 72.344, 72.97, 72.796, 72.952, 73.0, 73.268],