{"epoch": 199, "batch_size": 128, "net": "convnextv2_femto", "best_acc": 54.18, "parameters": 4886740, "train_loss": [4.054389559094559, 3.687261589957625, 3.5726129081852904, 3.492303644604695, 3.424632554773784, 3.3609878510770286, 3.3094968399428346, 3.2690479194416717, 3.236063643184769, 3.209662722199774, 3.1663071426284284, 3.1479794344938625, 3.1183134960701397, 3.082768957938075, 3.0656523747212443, 3.0440578387521415, 3.034134447727057, 3.008142896320509, 2.997043259003583, 2.982863790848676, 2.9593403680855053, 2.9515349962522306, 2.933688752791461, 2.9252488668007617, 2.903436949795774, 2.9017721271270984, 2.8795709518520423, 2.8655971633198924, 2.853191497685659, 2.8442185601919814, 2.8368988457848046, 2.8195412183356714, 2.7893715429184076, 2.7883457832629115, 2.7701663184348884, 2.7591423982244625, 2.7535552332163467, 2.7415107772173477, 2.734221898076479, 2.7223778161246455, 2.711098303270462, 2.7123474190607095, 2.6895750471393165, 2.6916222456471086, 2.680011627314341, 2.6800829315429455, 2.6702886554591188, 2.655879761556835, 2.6462535821568327, 2.63782992021507, 2.6292475221102194, 2.6219365157739585, 2.610572402739464, 2.5900409044816977, 2.5943850788009137, 2.580854399429868, 2.571548444230843, 2.556508643547897, 2.5490392736156884, 2.5442293391508213, 2.531656451847242, 2.5243221853700137, 2.5156317379163657, 2.499550935252548, 2.490290377451026, 2.4697118116461714, 2.475526112119865, 2.4551965897650363, 2.435824288736524, 2.4322141887586746, 2.425592994141152, 2.4157079293599826, 2.3938483204073306, 2.3950695564679783, 2.379283935517606, 2.356137569907986, 2.3530275025940917, 2.344618116498298, 2.319383346821036, 2.3139810095662656, 2.317368415920326, 2.2976917229649967, 2.2830307126959877, 2.2599620779456995, 2.262209363605665, 2.244436130804174, 2.243431181249106, 2.214936972883961, 2.219996355683602, 2.2004531926816076, 2.1847454553369974, 2.1715842049445033, 2.171247417969472, 2.1446275387883493, 2.136411353450297, 2.1206325591372712, 2.115299892242607, 2.113923039582684, 2.0903390167314377, 2.070156071192163, 2.066579333046818, 2.0569263044220714, 2.0388343358588648, 2.0304891343616767, 2.0146702552390527, 2.0067091070477616, 1.9921552558689166, 1.9771039998134994, 1.9660124647647828, 1.9589987343839368, 1.9400728386076516, 1.9386815308305003, 1.9336383156764232, 1.9000393685782353, 1.891541867914712, 1.8946483369983371, 1.8830765293687202, 1.8703797287343409, 1.847211186538267, 1.8444051202910636, 1.8331221936608824, 1.816508865722305, 1.8081635373937504, 1.7825754390043371, 1.7853043835486293, 1.7648653487110382, 1.7467120416329036, 1.7399866285226535, 1.7246391803712187, 1.7065591738961847, 1.6922096864646659, 1.6874627621887286, 1.676691767504758, 1.6619768813443, 1.641255670496265, 1.6312632417434927, 1.620873095129457, 1.616496075449697, 1.5857946070868645, 1.5728191054995408, 1.5682796861814416, 1.5397986258997027, 1.53056864329921, 1.520989398212384, 1.495137320455078, 1.486846646689393, 1.467704539103886, 1.4547387858485932, 1.42685607449173, 1.4149678625414133, 1.3964516616538358, 1.3874024543006096, 1.3641675260975539, 1.3456110230187321, 1.328709028261092, 1.3181711199033597, 1.2919452454123046, 1.2788278995572453, 1.2511954949335065, 1.2425892764650037, 1.2250422001494776, 1.209344614192348, 1.1762670395929185, 1.1512514194259253, 1.1433879399238644, 1.1294831708264168, 1.0959206035984752, 1.077943751726614, 1.0568845078463445, 1.034200843490298, 1.0093735851290282, 0.9909879376211435, 0.9705813472228282, 0.9530391694639649, 0.9320270873396598, 0.9061023737768383, 0.8869193028610991, 0.8603057547298538, 0.8439644331212544, 0.8154785264178616, 0.7998427481907407, 0.7720058228048827, 0.7642231092733496, 0.7362814688926462, 0.7235896504291183, 0.7038103325287705, 0.6912944847360596, 0.670712616208874, 0.6593925189941435, 0.6427077778312557, 0.6334188909786741, 0.6234765704483023, 0.6134759640449758, 0.6017307959249257, 0.5993267474576945, 0.5919882127695986, 0.59203655297494, 0.584310014000939, 0.5891696714684177, 0.5832108115143788], "train_acc": [9.018, 13.646, 15.434, 16.752, 17.798, 18.75, 19.806, 20.688, 21.168, 21.522, 22.398, 22.584, 23.362, 23.9, 24.442, 24.522, 24.838, 25.436, 25.518, 25.814, 26.21, 26.488, 26.788, 26.886, 27.38, 27.35, 27.976, 27.986, 28.118, 28.628, 28.618, 29.068, 29.592, 29.592, 29.9, 30.36, 30.45, 30.588, 30.482, 31.056, 31.25, 31.176, 31.504, 31.542, 31.694, 31.854, 31.972, 32.218, 32.502, 32.594, 32.782, 33.036, 33.116, 33.678, 33.694, 33.78, 34.132, 34.164, 34.664, 34.816, 34.564, 34.892, 35.424, 35.236, 35.504, 36.09, 36.018, 36.38, 36.794, 36.656, 37.204, 37.094, 37.7, 37.558, 37.826, 38.468, 38.466, 38.696, 39.344, 39.234, 39.286, 39.876, 39.758, 40.524, 40.052, 40.652, 40.954, 41.4, 41.26, 41.634, 41.766, 42.246, 42.382, 42.878, 43.168, 43.23, 43.56, 43.7, 44.092, 44.582, 44.486, 44.606, 45.346, 45.392, 45.858, 45.956, 46.072, 46.664, 46.818, 46.876, 47.458, 47.222, 47.584, 48.32, 48.442, 48.55, 48.588, 48.89, 49.65, 49.336, 50.022, 50.166, 50.208, 50.654, 50.894, 51.372, 51.792, 52.036, 52.122, 52.72, 53.13, 53.036, 53.472, 53.82, 53.934, 54.288, 54.768, 54.898, 55.446, 55.812, 55.956, 56.702, 56.78, 56.958, 57.702, 57.916, 58.326, 58.55, 59.46, 59.994, 60.202, 60.1, 60.878, 61.306, 61.702, 61.884, 62.522, 62.996, 63.474, 63.802, 64.18, 64.624, 65.556, 66.304, 66.27, 66.624, 67.588, 67.896, 68.652, 69.302, 70.068, 70.512, 71.074, 71.66, 72.014, 72.868, 73.272, 74.044, 74.756, 75.244, 75.902, 76.74, 77.08, 77.834, 78.13, 78.836, 79.396, 79.852, 80.226, 80.81, 81.004, 81.49, 81.978, 82.31, 82.294, 82.416, 82.434, 82.772, 82.576, 82.756],