{"epoch": 199, "batch_size": 4096, "net": "convnextv2_tiny", "best_acc": 41.33, "parameters": 27943396, "train_loss": [5.055643851940449, 4.48172037418072, 4.33248259471013, 4.271564483642578, 4.2773871788611775, 4.182709987346943, 4.105354235722468, 4.0331381651071405, 4.025415713970478, 3.93513613480788, 3.864869136076707, 3.8042840774242697, 3.774820456138024, 3.7502263692709117, 3.700923442840576, 3.6479010031773496, 3.638164080106295, 3.571943301420945, 3.539343632184542, 3.6202322152944713, 3.5093730046198917, 3.466474313002366, 3.4486852425795336, 3.3892764311570387, 3.358384847640991, 3.3161240174220157, 3.2673639884361854, 3.2434978668506327, 3.2110680433420034, 3.1815294302426853, 3.120612566287701, 3.0963352093329797, 3.093230210817777, 3.0463522580953746, 2.9723312304570126, 2.973530439230112, 2.940803050994873, 2.9127984046936035, 2.8438160786261926, 2.8298925986656775, 2.7618746757507324, 2.7224055987138014, 2.7188947750971866, 2.7017220717210035, 2.637404075035682, 2.5772990446824293, 2.5722145484044003, 2.5179085731506348, 2.491868642660288, 2.4374172687530518, 2.3904077456547665, 2.375585537690383, 2.3220428136678843, 2.277654794546274, 2.26420547411992, 2.1883312922257643, 2.1424389435694766, 2.1225510377150316, 2.0948914931370664, 2.0433520262057963, 2.0195760268431444, 1.9287866537387555, 1.9042281004098744, 1.9131348408185518, 1.8131213646668654, 1.7929864663344164, 1.7223007220488329, 1.6480827423242421, 1.5867506449039166, 1.5416544675827026, 1.4748214024763842, 1.422106073452876, 1.3520068755516639, 1.2873845925697913, 1.2033636845075166, 1.1708918259694026, 1.135960239630479, 1.059164441548861, 1.090299624663133, 0.9317819246878991, 0.8443201642770034, 0.778225261431474, 0.7373566489953262, 0.6992488549305842, 0.6099863006518438, 0.5605686077704797, 0.5607455900082221, 0.4900089685733502, 0.4518824930374439, 0.40626622621829694, 0.3579661227189578, 0.3250376077798697, 0.31716570945886463, 0.28934818735489476, 0.25442446997532475, 0.23485397375546968, 0.21609999124820417, 0.19480120218717134, 0.1809401145348182, 0.15872210837327516, 0.14449322911409232, 0.13332226987068468, 0.11969029674163231, 0.11482171141184293, 0.10410121369820374, 0.09639131220487449, 0.09040685571157016, 0.07458816354091351, 0.06827280469811879, 0.06314679177907798, 0.06322612642095639, 0.057648553871191464, 0.05632746047698534, 0.050178963117874585, 0.043563612951682165, 0.040493352768512875, 0.035648459425339334, 0.03103121083516341, 0.028777850218690358, 0.026358958047169905, 0.024675586619056188, 0.02128674849294699, 0.019251246578418292, 0.018430233718110964, 0.015381626999722077, 0.015197445925038595, 0.016169827574720748, 0.015608814115134569, 0.01320121859988341, 0.014338538265572144, 0.012703549260130296, 0.012448692909226967, 0.010179237820781194, 0.010392404376314236, 0.009711238304869486, 0.00883303346255651, 0.007666053107151618, 0.008199817644288907, 0.006476462782862095, 0.006145960472237606, 0.0054831660997409085, 0.00596471272337322, 0.005337457333763058, 0.005694276205478952, 0.004033501313712735, 0.004413608085507384, 0.005390602647541807, 0.004641799900967341, 0.004250031752655139, 0.003822425899740595, 0.003437508112536027, 0.003347182288192786, 0.0034669453027443243, 0.003264467231929302, 0.003267436180836879, 0.003784361922253783, 0.002841308623409042, 0.0029708238479752955, 0.002605979169647281, 0.002926364881344713, 0.002661014378715593, 0.0026743945110445986, 0.0025173975960709727, 0.0024819290892292675, 0.0023897632490843534, 0.0024210150675991406, 0.002218593485080279, 0.002210614477427533, 0.0020762747153639793, 0.002212100250359911, 0.002379843983082817, 0.002432411053003027, 0.0021025725067234957, 0.002040349135103707, 0.001969703043309542, 0.002010259025085431, 0.0019955444597424222, 0.002188505076516706, 0.0018434852200488632, 0.0019574637453143415, 0.0018914887108481848, 0.0018482956712922226, 0.0017155552050098777, 0.002081623166584625, 0.0018903734162449837, 0.001926613344739263, 0.002098659366870729, 0.0018024107871147303, 0.0017539551436829453, 0.0019313260339773619, 0.0016940741871411984, 0.0017739308442777167, 0.001778425657763504, 0.0019338640491836346, 0.0017267540321112252, 0.0017808987490402965, 0.0016857942593140672, 0.0016837401512580423, 0.0017517578447810733, 0.001904896693304181], "train_acc": [1.576, 2.52, 3.294, 4.39, 4.512, 5.41, 6.514, 7.702, 7.742, 8.542, 9.622, 10.38, 10.55, 11.16, 11.79, 12.542, 12.952, 13.998, 14.662, 13.516, 15.176, 16.07, 16.31, 17.538, 17.928, 18.704, 19.362, 19.848, 20.614, 21.008, 22.166, 22.67, 22.82, 23.418, 24.854, 25.102, 25.518, 26.05, 27.378, 27.94, 29.132, 30.314, 30.274, 30.146, 31.508, 32.672, 33.29, 33.826, 34.656, 35.754, 36.59, 36.886, 38.026, 39.142, 39.704, 41.278, 42.066, 42.158, 42.816, 44.046, 44.37, 46.566, 47.086, 46.62, 49.14, 49.374, 51.138, 52.836, 54.236, 55.272, 57.058, 58.274, 59.928, 61.68, 63.972, 64.696, 65.75, 67.492, 66.654, 70.87, 73.652, 75.562, 76.736, 77.61, 80.628, 81.952, 82.076, 84.06, 85.518, 86.764, 88.226, 89.616, 89.694, 90.558, 91.628, 92.4, 92.918, 93.664, 94.202, 94.96, 95.484, 95.76, 96.194, 96.372, 96.724, 96.99, 97.24, 97.732, 97.956, 98.188, 98.184, 98.306, 98.296, 98.456, 98.706, 98.856, 98.988, 99.108, 99.224, 99.3, 99.37, 99.434, 99.5, 99.492, 99.646, 99.612, 99.59, 99.626, 99.674, 99.66, 99.72, 99.702, 99.78, 99.744, 99.784, 99.81, 99.824, 99.844, 99.856, 99.874, 99.884, 99.874, 99.874, 99.892, 99.93, 99.932, 99.9, 99.898, 99.906, 99.926, 99.92, 99.93, 99.938, 99.922, 99.916, 99.914, 99.948, 99.924, 99.942, 99.934, 99.946, 99.954, 99.944, 99.942, 99.942, 99.936, 99.948, 99.948, 99.954, 99.946, 99.926, 99.94, 99.948, 99.954, 99.948, 99.958, 99.944, 99.942, 99.964, 99.954, 99.962, 99.952, 99.954, 99.942, 99.96, 99.962, 99.952, 99.954, 99.966, 99.952, 99.958, 99.956, 99.962, 99.956, 99.964, 99.964, 99.956, 99.95, 99.968, 99.956],