{"epoch": 199, "batch_size": 128, "net": "convnextv2_nano", "best_acc": 47.87, "parameters": 15046900, "train_loss": [4.6581923455533465, 4.617678426415719, 4.581004430570871, 4.386879557538825, 4.0137757261086, 4.048739737561902, 4.213266272679009, 4.010172122579706, 3.857845611889344, 3.767035526387832, 3.6687643058464654, 3.613952320859865, 3.5700199445495215, 3.5316920847539097, 3.5106616672652455, 3.4786810874938965, 3.4487227076459726, 3.4483696121693876, 3.400955192878118, 3.3889986297968404, 3.3536717403880165, 3.3348227266765313, 3.324052396027938, 3.303180110424071, 3.2906825219273874, 3.2801522385433812, 3.2673510956337384, 3.262371892514436, 3.239306803554525, 3.237763540824051, 3.216236218771971, 3.2047017395039044, 3.1940862608077887, 3.1800953158942025, 3.1854785555768808, 3.171396301835394, 3.156614824329191, 3.150757621926115, 3.1435376469741394, 3.1342569482905787, 3.132739962214399, 3.1251317460823547, 3.1148057502249014, 3.098799737213213, 3.101766869844988, 3.085074250350523, 3.088812920138659, 3.0633988892635724, 3.062498968885378, 3.0616005509710678, 3.046050140619888, 3.0308449115899516, 3.0232556201612857, 3.00416485183989, 2.997909554435164, 2.9919941120440394, 2.9752161082099464, 2.9643016215175617, 2.9627906172476766, 2.9603811023790207, 2.946951508826917, 2.9451612212773783, 2.9292133659353037, 2.917064889312705, 2.9111345863098377, 2.914283657927647, 2.89977820572036, 2.8888210146628377, 2.893952056270121, 2.8715284956080835, 2.8589533229008355, 2.8500926567770333, 2.848937158999236, 2.844637632979761, 2.826235391904631, 2.818351863900109, 2.812201810309954, 2.7897542437629017, 2.7883982469358712, 2.773854019086989, 2.764481221928316, 2.751633500199184, 2.762791672630993, 2.729457443632433, 2.727375529916085, 2.720649287523821, 2.7100164493941286, 2.6998770901614138, 2.7017283427440906, 2.6896553667609955, 2.679191977166764, 2.668374134756415, 2.658040654019017, 2.66069580831796, 2.641782310612671, 2.637673076766226, 2.62452111219811, 2.6255997928512067, 2.609036077318899, 2.5971681047278596, 2.5846850542766053, 2.5785382854968995, 2.571991432048476, 2.5522125419753285, 2.5561873967690234, 2.5386525816319847, 2.534524754185201, 2.5211725564259093, 2.5233339464572992, 2.511055089018839, 2.5040752674307662, 2.4982919016152696, 2.4887078637662143, 2.483472029571338, 2.4651945512313063, 2.4471937042977805, 2.445639381018441, 2.4463378758076817, 2.430194374240573, 2.414045732954274, 2.417631336490212, 2.4008669121491026, 2.402653952388812, 2.381073278234438, 2.383447168733153, 2.367260361571446, 2.358023864533895, 2.3534949264867837, 2.343130581519183, 2.328060961745279, 2.3273723613270714, 2.320371976288993, 2.3099575814078834, 2.291560798959659, 2.282651189038211, 2.2697392653321367, 2.2652585289972214, 2.2508715702139814, 2.2540700356368824, 2.239011462996988, 2.2316686597931414, 2.21771066085152, 2.2016778327619937, 2.197338815845187, 2.1797422262103967, 2.173607989650248, 2.158056423487261, 2.1563207533048545, 2.1407678541929824, 2.131574925864139, 2.1250791049674342, 2.107729118803273, 2.0987341050296795, 2.0883843542059974, 2.078525411198511, 2.0714957915303653, 2.0552137626711366, 2.052035090258664, 2.0333119944843183, 2.022712465747238, 2.011672853813757, 1.996823418780666, 1.9901796451310063, 1.965272278432041, 1.9692266338011797, 1.9522679038059987, 1.9390791685075102, 1.9268003970460819, 1.9127143087899288, 1.9004022236675253, 1.892770460194639, 1.8715869084648464, 1.863661423363649, 1.8552752007608828, 1.8468088942110692, 1.8290095003059759, 1.8126908080352238, 1.798116674508585, 1.7907344453475054, 1.7774073175152245, 1.7632216300500934, 1.7535715914138443, 1.7439855474340336, 1.7345516779233732, 1.7218984655102196, 1.7056766111222679, 1.7015849739084463, 1.6947381563503723, 1.6767544313464933, 1.6754182872869778, 1.6600941197036783, 1.6589785481962707, 1.651312440557553, 1.6477256845635222, 1.640086857559126, 1.6347608267498748, 1.629824115797077, 1.6261377880335464, 1.6334015265145265, 1.6236780735537828], "train_acc": [1.018, 1.132, 1.424, 3.906, 8.32, 8.294, 6.176, 8.938, 11.224, 12.432, 14.166, 14.712, 15.234, 16.014, 16.096, 16.744, 17.038, 17.302, 18.232, 18.554, 19.144, 19.478, 19.478, 20.154, 20.326, 20.368, 20.748, 20.882, 21.048, 21.176, 21.6, 21.824, 22.188, 22.486, 22.154, 22.348, 22.626, 22.82, 22.912, 23.298, 23.146, 23.358, 23.422, 23.5, 23.552, 24.24, 23.938, 24.474, 24.64, 24.906, 24.896, 24.844, 25.226, 25.546, 25.576, 26.088, 25.996, 26.548, 26.308, 26.544, 26.812, 26.692, 27.268, 27.202, 27.448, 27.204, 27.694, 27.712, 27.626, 28.054, 28.45, 28.568, 28.5, 28.748, 29.052, 29.15, 29.428, 29.93, 29.692, 29.98, 30.278, 30.516, 30.436, 31.028, 31.158, 31.294, 31.474, 31.25, 31.254, 31.76, 31.872, 32.254, 32.322, 32.424, 32.742, 32.706, 33.268, 33.012, 33.578, 33.65, 33.9, 34.058, 34.066, 34.682, 34.32, 34.834, 34.974, 35.128, 34.95, 35.402, 35.694, 35.58, 35.974, 36.034, 36.52, 36.828, 36.504, 36.432, 36.978, 37.31, 37.21, 37.518, 37.424, 38.06, 37.97, 38.382, 38.442, 38.536, 38.902, 39.256, 39.254, 39.484, 39.542, 39.616, 40.194, 40.59, 40.344, 40.44, 40.722, 40.988, 41.35, 41.388, 41.68, 41.718, 42.208, 42.578, 42.6, 42.926, 42.932, 43.312, 43.662, 43.754, 44.262, 44.24, 44.49, 44.744, 45.198, 44.904, 45.566, 45.928, 46.006, 46.47, 46.354, 47.42, 46.864, 47.504, 47.608, 48.062, 48.074, 48.768, 48.772, 49.194, 49.564, 49.628, 49.822, 50.196, 50.542, 50.962, 51.102, 51.352, 51.774, 51.94, 52.254, 52.436, 52.596, 53.146, 52.858, 53.394, 53.728, 53.774, 54.23, 54.584, 54.422, 54.572, 54.708, 54.86, 55.012, 55.168, 55.008, 55.172],