{"epoch": 199, "batch_size": 128, "net": "densenet121", "best_acc": 67.73, "parameters": 7056356, "train_loss": [4.057401436369132, 3.3351430466108005, 2.9734845722422882, 2.707248793233691, 2.511475228897446, 2.362996110221004, 2.2529197547136977, 2.169955736231011, 2.111763912393614, 2.044380205976384, 1.9940529515981065, 1.960012599330424, 1.9236558395273544, 1.888032329661767, 1.8590596950877354, 1.8312976942647754, 1.808608445974872, 1.8098118789970417, 1.7769809586312764, 1.7641645054073285, 1.7484282733839187, 1.7213800026632635, 1.7049989377141304, 1.692400935970609, 1.6796336710605475, 1.6731896223619467, 1.6582853086769123, 1.6395637507328902, 1.632840903823638, 1.6239939129261105, 1.6099518753988358, 1.5967551719806994, 1.5969839233266727, 1.5848026598810845, 1.5670669609323487, 1.556847868063261, 1.5629984189177413, 1.550556987752695, 1.5314681316580614, 1.5303616273738538, 1.519465896784497, 1.5107444850989924, 1.5034094311087334, 1.505676041173813, 1.481310170019984, 1.4827030534329622, 1.4734518159076075, 1.4676928456177187, 1.460709233418145, 1.453751596953253, 1.4414993582479179, 1.4431649699540394, 1.4312071876452708, 1.4195710457194493, 1.4123092161115174, 1.4005266242015086, 1.4149122783899917, 1.3922023683252847, 1.379123200998282, 1.390145857315844, 1.3681847902819932, 1.364014450851304, 1.3581843609395234, 1.3373455342734257, 1.358171384047974, 1.3383030417325246, 1.3300041977097006, 1.3253886030458124, 1.3108861705531245, 1.2992906817389875, 1.2865179074389854, 1.2782848661817858, 1.2803101210338075, 1.2653477408392044, 1.2608581593884227, 1.2527381855508555, 1.2479333322676247, 1.22884422967501, 1.2209634529355238, 1.21218741138268, 1.1957473818908262, 1.1920864979934205, 1.1862025792946291, 1.175416612716587, 1.161234372564594, 1.1541727429155804, 1.143682318880125, 1.1432533477578322, 1.1171886971234666, 1.1100855321835374, 1.1084910484835924, 1.0918294552646939, 1.0799944315420087, 1.0602641630050775, 1.0564123936321423, 1.043196742034629, 1.0309129932042582, 1.0242459617002542, 0.9915800841568071, 0.9866778274326373, 0.9795163005514218, 0.959342425741503, 0.9534635159670545, 0.9410000833708917, 0.9233093249523426, 0.9071948566400182, 0.8890977642115425, 0.8898555415365702, 0.8704337791713608, 0.8475586954894883, 0.8301763493386681, 0.8248162516547591, 0.8079824403423788, 0.7981498681980631, 0.7782238192875367, 0.7625153592175535, 0.7440820210577582, 0.721040881350827, 0.714289784583899, 0.6859059933658755, 0.6873356785310809, 0.6600741479555359, 0.6367406525727733, 0.6254394449236448, 0.6100912842604206, 0.6016811358044519, 0.5769824124205752, 0.55339852272702, 0.5298828681564087, 0.520538347913786, 0.49610421976165087, 0.4877935732569536, 0.4640112291364109, 0.45194860736427406, 0.4348843760807496, 0.42341039506980527, 0.39507465979174883, 0.37809044172239425, 0.3488727829340474, 0.3391672004290554, 0.33250787819895294, 0.32264461503614245, 0.29939008890972724, 0.27173993288708465, 0.254168557084125, 0.24582393688466542, 0.23079678496283948, 0.21703830698643195, 0.19481170672894743, 0.1743273036101895, 0.16652572461787393, 0.15491483055645852, 0.13766018779533903, 0.12889388340818303, 0.11779653989826627, 0.10512740113546172, 0.09514786795620113, 0.08574384367069625, 0.07192884155494325, 0.06768016924943461, 0.05737371898501578, 0.04981030828183722, 0.04578077281965776, 0.04059939176473014, 0.03792209386387292, 0.03358604195896927, 0.03069100170241445, 0.02849159061508563, 0.024941737844568233, 0.024147742304026776, 0.022068476995162647, 0.021420711660972033, 0.020213500963395362, 0.019965850981547857, 0.018940509961503545, 0.017811313359652792, 0.017864948750742713, 0.01742142575133182, 0.016591175790409297, 0.016406642898316958, 0.015604502654841642, 0.015543307014562361, 0.015442934506537054, 0.014774439383603042, 0.014284927481332857, 0.014543894854614802, 0.014199812784600441, 0.014225296800017662, 0.014212637164337022, 0.014040917315332175, 0.013978376092575014, 0.01380871197022974, 0.013582072707841081, 0.013409155846127997, 0.013362701441568639, 0.013588639072683232, 0.013716084419337608, 0.013454278337928798, 0.013594842582579007, 0.013550932751373028], "train_acc": [9.236, 18.718, 25.228, 30.296, 34.208, 37.41, 40.192, 41.738, 43.014, 44.59, 45.662, 46.642, 47.244, 48.258, 48.818, 49.548, 50.122, 49.998, 50.802, 51.29, 51.826, 52.212, 52.608, 52.908, 53.186, 53.554, 53.922, 54.12, 54.258, 54.51, 54.95, 55.328, 55.282, 55.764, 55.874, 56.254, 55.994, 56.292, 56.874, 56.808, 57.016, 57.344, 57.51, 57.4, 58.142, 58.048, 58.106, 58.33, 58.552, 58.65, 58.874, 58.894, 59.134, 59.412, 59.644, 59.802, 59.456, 60.218, 60.494, 60.4, 60.894, 61.068, 61.01, 61.738, 61.12, 61.954, 61.818, 61.662, 62.316, 62.51, 62.736, 63.12, 63.12, 63.13, 63.372, 63.57, 63.768, 64.622, 64.512, 64.728, 65.108, 65.116, 65.446, 65.474, 65.944, 66.192, 66.366, 66.538, 67.296, 67.09, 67.362, 67.738, 68.204, 68.684, 68.65, 69.048, 69.492, 69.498, 70.638, 70.616, 70.672, 71.206, 71.418, 71.668, 72.368, 72.398, 73.148, 73.13, 73.684, 74.412, 74.948, 74.88, 75.582, 75.538, 76.274, 76.638, 77.158, 77.864, 78.028, 78.922, 78.824, 79.588, 80.25, 80.668, 81.222, 81.36, 82.324, 82.934, 83.656, 83.876, 84.648, 84.92, 85.634, 85.956, 86.628, 87.024, 87.976, 88.64, 89.472, 89.766, 90.118, 90.444, 91.246, 92.082, 92.672, 93.096, 93.414, 94.032, 94.736, 95.466, 95.736, 96.044, 96.674, 96.978, 97.272, 97.748, 98.088, 98.258, 98.754, 98.852, 99.136, 99.282, 99.442, 99.524, 99.582, 99.71, 99.73, 99.8, 99.832, 99.838, 99.876, 99.876, 99.888, 99.89, 99.894, 99.914, 99.918, 99.912, 99.922, 99.92, 99.946, 99.93, 99.94, 99.946, 99.946, 99.942, 99.954, 99.954, 99.95, 99.936, 99.948, 99.95, 99.962, 99.952, 99.95, 99.952, 99.956, 99.96, 99.942, 99.948],