{"epoch": 199, "batch_size": 128, "net": "efficientnet_b2", "best_acc": 61.46, "parameters": 7841894, "train_loss": [4.580553719454714, 4.0576548619038615, 3.941664046338757, 3.8357521219326713, 3.7460273025590745, 3.712781048186905, 3.5877635527754683, 3.5168140416255085, 3.4883183926877463, 3.3979373606269623, 3.3331190801947317, 3.2453927408398875, 3.179304596103366, 3.1288710725886744, 3.0727393584483114, 3.0235377010482045, 2.964153121499454, 2.910056850184565, 2.8748389369691423, 2.8265491739258435, 2.7778918743133545, 2.7441578173576415, 2.705247479631468, 2.66785585727838, 2.6438331061312, 2.6211158796344574, 2.5941900560618056, 2.5716909917114337, 2.554398266555708, 2.5379649946451797, 2.5200337955104115, 2.496724387873774, 2.480936209564014, 2.469770321150875, 2.4575548519563797, 2.4501592033659407, 2.4237471288427366, 2.4168264987828483, 2.413806102159993, 2.3971035443913298, 2.3877925290476028, 2.381592746280953, 2.360651862285936, 2.35307309176306, 2.347544610347894, 2.3381825371471514, 2.3389026868678724, 2.3321789024431077, 2.3161693421166265, 2.309603948117522, 2.3038091854671077, 2.290730466928019, 2.2807076919414198, 2.2666898856077657, 2.2676479913999357, 2.2617339935449077, 2.256703724031863, 2.2484201936770583, 2.24956529219742, 2.2399398954323186, 2.227507239717352, 2.221757538788154, 2.2092546962411204, 2.2046077473998986, 2.1966763021391067, 2.1868410604384243, 2.180780465035792, 2.180797172019549, 2.1730385976069417, 2.163546551523916, 2.156857087179218, 2.15558856649472, 2.1378629271636536, 2.1440060544196906, 2.1232553174733506, 2.115967596583354, 2.1138712481769453, 2.104206015081967, 2.094723708489362, 2.0928316268774556, 2.085909738260157, 2.0873112056566323, 2.0657833589007484, 2.067175875539365, 2.0697025774080124, 2.055135932724799, 2.0484360035728004, 2.047408158516945, 2.041849358612314, 2.031075177900017, 2.014529707181789, 2.009153948720459, 2.000437989869081, 1.9963805547455693, 1.992451929985105, 1.9863957785584432, 1.9780170655311526, 1.9717653090386744, 1.9653300699370597, 1.9571337568790406, 1.9495648578609652, 1.934328448741942, 1.932799572225117, 1.9185776579410523, 1.9105657738492923, 1.9021923432264791, 1.906834291984968, 1.8990696680820203, 1.8848849339863223, 1.8846073382345916, 1.8703510288692191, 1.8521114749371852, 1.8474204308541535, 1.8327566513320064, 1.83254883508853, 1.8353075423204075, 1.8201769383057305, 1.810317182175034, 1.805252461787075, 1.7920951050565677, 1.788032256733731, 1.783254037122897, 1.7724421243838338, 1.7577056494515266, 1.748580281996666, 1.7407789321811609, 1.7434190786098276, 1.722579791112934, 1.717641948434093, 1.7058082971426531, 1.6982474424649991, 1.6987777042876728, 1.6869617618258348, 1.673195513313079, 1.660367361724834, 1.644202184494194, 1.6462773947459657, 1.6323105843780596, 1.6151075085715565, 1.6118833701628859, 1.5984304490906502, 1.5942493774701871, 1.5827168098191167, 1.5711860223804288, 1.555323995592649, 1.5431121032866066, 1.5294775170133548, 1.5276476150888312, 1.5261393041561937, 1.5029979816178227, 1.4996468523884063, 1.484512973624422, 1.4742009517786754, 1.457560838031037, 1.452962252794934, 1.4349761704349762, 1.4266646460194112, 1.4142931455846333, 1.4002407225196625, 1.3868287582226726, 1.375571673788378, 1.369630926862702, 1.351297416955309, 1.3410028771061422, 1.33198862719109, 1.3240568259792864, 1.3073195350139648, 1.2880569658316006, 1.2753626817022747, 1.2630877087793082, 1.2490670488923408, 1.243755267251788, 1.2224147487479402, 1.2081074479900662, 1.1984508778433056, 1.1835213564241025, 1.174001350274781, 1.1590358742972469, 1.1530561300799669, 1.140580360846751, 1.1210228219971328, 1.1157985190906183, 1.1012981660530696, 1.0898471968558134, 1.075250887504929, 1.0660903325776006, 1.0584073767942541, 1.0460710648990348, 1.0327384900254057, 1.031747792078101, 1.015748963788952, 1.0130020651366094, 1.0138249746368975, 1.0055949309902728, 0.996360442065217, 0.9903812252956888, 0.9903264600602563, 0.9914848318185343, 0.9863565914771136, 0.9835491095052655], "train_acc": [3.552, 6.526, 8.26, 9.828, 11.08, 11.584, 13.32, 14.756, 15.312, 16.866, 17.86, 19.168, 20.688, 21.466, 22.314, 23.35, 24.316, 25.22, 26.018, 26.914, 27.83, 28.68, 29.256, 30.11, 30.482, 30.968, 31.672, 31.838, 32.37, 32.798, 33.146, 33.318, 33.93, 34.166, 34.336, 34.536, 35.26, 35.328, 35.426, 35.876, 35.892, 36.054, 36.568, 36.72, 36.738, 36.732, 37.112, 37.194, 37.672, 37.494, 38.134, 38.23, 38.24, 38.594, 38.524, 38.912, 39.048, 38.812, 39.016, 39.45, 39.654, 39.878, 40.104, 40.178, 40.472, 40.518, 40.486, 40.754, 40.506, 41.26, 41.106, 41.208, 41.572, 41.44, 42.074, 42.014, 42.202, 42.34, 42.702, 42.53, 42.726, 42.918, 43.424, 43.088, 43.438, 43.832, 43.502, 43.762, 44.184, 44.196, 44.518, 44.652, 44.974, 45.134, 44.824, 45.124, 45.364, 45.828, 45.918, 45.992, 46.398, 46.542, 46.368, 46.844, 47.226, 47.222, 47.014, 47.318, 47.708, 47.818, 47.988, 48.37, 48.37, 49.076, 49.234, 48.962, 49.382, 49.676, 49.594, 49.718, 50.174, 50.14, 50.464, 50.97, 50.82, 51.256, 51.526, 51.732, 51.878, 51.922, 52.044, 52.582, 52.532, 53.056, 53.4, 53.828, 53.818, 53.898, 54.458, 54.428, 54.95, 54.886, 55.434, 55.604, 55.924, 56.406, 56.54, 56.668, 56.56, 57.234, 57.312, 57.736, 58.038, 58.442, 58.64, 58.986, 59.134, 59.672, 59.668, 60.322, 60.568, 60.606, 61.28, 61.248, 61.888, 61.938, 62.316, 62.992, 62.856, 63.566, 63.65, 63.9, 64.39, 64.856, 65.078, 65.646, 65.764, 66.288, 66.512, 66.724, 67.2, 67.236, 67.92, 68.146, 68.492, 68.488, 68.926, 69.48, 69.648, 69.632, 70.046, 70.154, 70.146, 70.448, 70.688, 70.964, 70.662, 70.698, 70.99, 70.994],