{"epoch": 199, "batch_size": 128, "net": "efficientnet_b3", "best_acc": 58.51, "parameters": 10849932, "train_loss": [4.817945508395924, 4.459020959751685, 4.217681218291182, 4.068913211602994, 3.978899245371904, 3.917439596732254, 3.9730634982018826, 3.913137199933572, 3.8016768093304254, 3.744571984576447, 3.6542375374328144, 3.594050547655891, 3.5259398475022574, 3.464841106053813, 3.3833387837080697, 3.308251663851921, 3.255460177541084, 3.204084690879373, 3.1654406624376925, 3.139879815108941, 3.0974120166905394, 3.0679079309448865, 3.0403995349279147, 3.0155343149629092, 2.9747392606857184, 2.9494595491062956, 2.9112043191709787, 2.891018643708485, 2.8700495894302795, 2.8511760308004708, 2.836728229547096, 2.8126117750201995, 2.797443346599179, 2.779070327349026, 2.7671784019226306, 2.7415103320880316, 2.722649482814857, 2.7213758202769873, 2.699693499928545, 2.693698695248655, 2.68443644991921, 2.661107215735004, 2.645301929215336, 2.633397467605903, 2.60914148577034, 2.608348053129738, 2.597316250471813, 2.5668249880261436, 2.558960803024604, 2.544365902386053, 2.5205867424645385, 2.5139363068144034, 2.5000664834171307, 2.4891827063792196, 2.472279041624435, 2.4643157089457794, 2.458809603815493, 2.4574153179402853, 2.4368501666866607, 2.422475153832789, 2.4137876674037457, 2.413998439488813, 2.400578345789019, 2.4039948998814653, 2.38693063399371, 2.3715046189935007, 2.376894109389361, 2.3573294682880803, 2.3612774628812394, 2.3574839796861418, 2.3450320715184714, 2.3387375606600282, 2.3409093267777386, 2.3200686578555487, 2.3138590191331363, 2.3012607170797676, 2.300805215640446, 2.294222918617756, 2.290245878117164, 2.282397607098455, 2.281208431934152, 2.267361308302721, 2.254343827972022, 2.2564244239836397, 2.2444961787489675, 2.2430973507254324, 2.2199780319048013, 2.21957323099951, 2.2136803978239485, 2.2147573671682412, 2.1940590506014614, 2.20452759241509, 2.1816118373285476, 2.1729922151321643, 2.168198361116297, 2.1685105110983103, 2.1601029164955743, 2.1496145469148447, 2.1369332416588085, 2.131813189257746, 2.118574764112682, 2.117747350422013, 2.1083172123755336, 2.1033726070847965, 2.095986484566613, 2.0894013335332846, 2.075699089128343, 2.069811256950164, 2.066180141075798, 2.058256950829645, 2.044207690621886, 2.0345627874364633, 2.030140582252951, 2.0278256186438948, 2.0252625225754954, 1.9947838953998693, 1.9989633118100179, 1.9860111310353974, 1.984535816380435, 1.9777198505523566, 1.9549625767466356, 1.9623819260341127, 1.953581916096875, 1.9389522401877985, 1.9294559967792249, 1.9121308503553385, 1.9179466715859026, 1.8986593411706598, 1.8847948236538625, 1.8807225090158566, 1.881472866858363, 1.8684483351914778, 1.8590180785454753, 1.8423061913541516, 1.8328217271038942, 1.834774456060756, 1.8124636027514172, 1.807284432298997, 1.8016694476232504, 1.7880294862610604, 1.7845425563090294, 1.7676466072306913, 1.761871817166848, 1.7451446617350859, 1.7373025746601622, 1.7293814548750972, 1.7209935450492917, 1.6956445811044834, 1.689855685014554, 1.6846838890743987, 1.6641126154633739, 1.666003671448554, 1.6507144821879198, 1.6338109406059051, 1.6262014707945802, 1.6054437190980253, 1.5949164177755566, 1.5883323536504566, 1.5850195668237594, 1.5612445758736653, 1.5533199923117753, 1.533423329863097, 1.5269369444883694, 1.5124000932859338, 1.4978733529215273, 1.4937115127168348, 1.4744223661130043, 1.4546131971851943, 1.4486539519351462, 1.4378209335114949, 1.4255270598184726, 1.412207404975696, 1.3915555062501326, 1.3820342519094266, 1.3666604123152126, 1.3541220191799466, 1.341598627969737, 1.3273335991003323, 1.312872159511537, 1.297462594935961, 1.288727074327981, 1.2752849666968635, 1.2709389598778142, 1.250643471927594, 1.2392149495956537, 1.2304273605956446, 1.2162560058371794, 1.2104303129493732, 1.2019788964325204, 1.1904719843888831, 1.1720231983362865, 1.1720900822173603, 1.1701612820100906, 1.1629837330649881, 1.1564171122163154, 1.1478810388108958, 1.1528699404138434, 1.1459137460459834, 1.1505179696375756, 1.1360281861346702], "train_acc": [1.682, 2.56, 4.452, 6.094, 6.886, 7.688, 7.512, 8.622, 9.972, 10.756, 12.08, 13.018, 14.378, 15.246, 16.606, 17.792, 18.498, 19.422, 19.95, 20.46, 21.19, 21.732, 22.34, 22.46, 23.156, 23.89, 24.26, 24.566, 25.166, 25.726, 26.238, 26.426, 26.968, 27.172, 27.556, 27.918, 28.296, 28.464, 28.762, 29.156, 29.258, 29.984, 29.996, 30.364, 30.894, 30.88, 31.272, 31.868, 31.952, 32.236, 32.74, 32.882, 33.194, 33.652, 33.902, 33.982, 33.884, 34.148, 34.54, 35.166, 35.088, 35.264, 35.516, 35.686, 35.942, 36.11, 35.958, 36.526, 36.406, 36.788, 36.674, 37.026, 36.766, 37.654, 37.35, 37.91, 37.958, 38.236, 38.076, 38.558, 38.44, 38.588, 38.776, 38.942, 39.228, 39.638, 39.976, 40.076, 40.194, 40.26, 40.55, 40.38, 40.812, 41.096, 41.042, 41.278, 41.818, 41.664, 42.074, 42.116, 42.434, 42.392, 42.862, 43.01, 43.114, 43.132, 43.448, 43.544, 43.808, 44.296, 44.368, 44.588, 44.58, 44.648, 44.936, 45.984, 45.326, 45.872, 45.648, 45.984, 46.5, 46.482, 46.804, 47.136, 47.098, 47.52, 47.774, 47.782, 48.176, 48.506, 48.572, 48.816, 48.764, 49.236, 49.618, 49.668, 50.298, 50.262, 50.446, 50.832, 50.982, 51.106, 51.384, 51.798, 51.936, 52.094, 52.546, 52.932, 53.262, 53.402, 53.774, 53.944, 54.054, 54.648, 54.7, 55.346, 55.626, 55.576, 55.748, 56.372, 56.45, 57.14, 57.194, 57.628, 58.024, 58.068, 58.416, 59.112, 59.124, 59.33, 59.642, 60.078, 60.67, 60.834, 61.1, 61.608, 62.018, 62.342, 62.762, 63.112, 63.186, 63.716, 63.706, 63.958, 64.586, 64.688, 65.058, 65.332, 65.56, 65.92, 66.308, 66.318, 66.414, 66.294, 66.854, 67.108, 66.906, 67.034, 66.682, 67.238],