{"epoch": 199, "batch_size": 128, "net": "efficientnet_b6", "best_acc": 62.55, "parameters": 40966204, "train_loss": [5.0574098840698865, 4.495061209744505, 4.372055672013851, 4.268094139635715, 4.289638231477469, 4.153723525269257, 4.094635943927424, 4.033736471020047, 3.976511966846788, 3.9906274040641687, 3.948406728637188, 3.8831127391142, 3.85937399571509, 3.78789337455769, 3.720358329050986, 3.6824525628248446, 3.6145558430410714, 3.5675331521826936, 3.506089200753995, 3.4679949777510464, 3.409382339023873, 3.3647588860348363, 3.310154421555112, 3.2723128752940145, 3.2059559090363097, 3.1344763872873447, 3.0724959233227898, 3.013962984694849, 2.9761739533270717, 2.9353877077322177, 2.8901870067772046, 2.861763130368479, 2.809905742440382, 2.7866649170360906, 2.755390747123972, 2.731616904973374, 2.6944244316471813, 2.6779004606749397, 2.65991239718464, 2.6315437460799354, 2.6075122655200227, 2.596741750112275, 2.5768098294582513, 2.5552290065209275, 2.538943062048129, 2.522527604456753, 2.5116209474670916, 2.4931797554425876, 2.4841963574099726, 2.4721514806723044, 2.4490824733548764, 2.4479859643580055, 2.440116668296287, 2.431100584661869, 2.4085347554872714, 2.39915396063529, 2.3949613522385698, 2.3807296759027348, 2.3639080896401956, 2.363819429026845, 2.347455551557224, 2.348725568607945, 2.3336849288867256, 2.317432247159426, 2.310488253603201, 2.3008179411558847, 2.293207337179452, 2.2833253889132643, 2.276413448631306, 2.263161262587818, 2.2452634152244118, 2.245804800401868, 2.2342556879648465, 2.228360936159978, 2.2198196719674503, 2.21446367511359, 2.2033073798469873, 2.1893830671334817, 2.1810507929843403, 2.1648810098848075, 2.174342635342532, 2.1592257413108027, 2.1474806402650333, 2.1459686140270184, 2.1280392441908114, 2.1348545148854368, 2.1209553577710905, 2.1240163995786703, 2.0979019583338667, 2.0998978373949484, 2.0831188445201008, 2.083913914078032, 2.0719692377788026, 2.0539316579204083, 2.0531305547260565, 2.032323386358178, 2.0437572093875818, 2.037758136649266, 2.023054900681576, 2.0104344016145865, 1.9993351210108803, 1.98582599260618, 1.9852452918391703, 1.9686195752809725, 1.9599155306511218, 1.9479379727102606, 1.9389764424175253, 1.9357942726910877, 1.9186393745110164, 1.9139417922100448, 1.8916396975822156, 1.9033695331314946, 1.8928560856967935, 1.8716967581483104, 1.8664817392368755, 1.8576169209102231, 1.8461957877249364, 1.8377056911473384, 1.837785717166598, 1.8211862553111122, 1.8041870359264676, 1.7887700436365268, 1.7852253048011408, 1.7841068332457481, 1.7847212299971325, 1.7550258746232523, 1.7502128739491143, 1.7421880762290467, 1.7258459402777044, 1.7036594393308206, 1.705549172733141, 1.6853637311159801, 1.6757297363427595, 1.6683013265395104, 1.6624525785446167, 1.6438352808623058, 1.639882683144201, 1.6166093870806877, 1.6121136300704058, 1.5995720664558508, 1.5825856985033626, 1.5785108423598893, 1.559463153714719, 1.5526425399438804, 1.5334026560454113, 1.5337684791716164, 1.511395753801936, 1.5035520157850613, 1.4914595900899004, 1.4730460713891422, 1.4549510067381213, 1.4439351576978288, 1.4339062353534162, 1.4138259811474538, 1.403292077886479, 1.3873147833377808, 1.3673623292647359, 1.3622674862746997, 1.355437070055081, 1.3435616447492633, 1.3215368382461237, 1.3099878660553252, 1.2802098436123879, 1.2743835786114568, 1.2590206207521737, 1.2396857689713578, 1.22083651455467, 1.2187004564973094, 1.1960188283030029, 1.1816628668314355, 1.159727418514164, 1.1463473628244132, 1.1340223549272093, 1.1093202445208263, 1.0971997650078191, 1.0804898359281632, 1.0735990145932073, 1.0467685837574932, 1.0302665108609992, 1.0236016568320487, 0.9981892050989448, 0.9863783142450825, 0.9672310827943065, 0.9588133753718012, 0.9455005709472519, 0.9341217247421479, 0.9172268070833153, 0.9034706601096542, 0.8928584560104038, 0.8791263717824541, 0.8684475652092253, 0.8633896583486396, 0.8595451765200671, 0.8496442492050893, 0.8384767378992437, 0.8373132843495635, 0.8337192366190274, 0.835022191257428, 0.8284757873591255, 0.8252863909887231], "train_acc": [1.55, 2.462, 3.594, 4.66, 4.46, 5.73, 6.262, 7.214, 8.132, 7.78, 8.418, 9.214, 9.56, 10.384, 11.296, 11.728, 12.884, 13.832, 14.678, 15.104, 16.044, 16.692, 17.614, 18.366, 19.414, 20.758, 21.634, 22.974, 23.492, 24.354, 25.106, 25.392, 26.43, 26.694, 27.574, 28.154, 28.954, 29.36, 29.518, 30.066, 30.394, 31.056, 31.24, 31.516, 32.214, 32.604, 32.808, 32.84, 33.546, 33.888, 34.102, 34.24, 34.482, 34.758, 34.946, 35.33, 35.542, 35.72, 36.394, 35.972, 36.348, 36.55, 36.974, 37.17, 37.37, 37.502, 37.942, 38.022, 38.216, 38.794, 39.164, 39.166, 39.238, 39.424, 39.608, 39.806, 40.29, 40.444, 40.586, 41.012, 40.81, 41.048, 41.564, 41.718, 42.062, 41.84, 42.014, 42.198, 42.858, 42.904, 43.494, 43.202, 43.646, 43.984, 43.742, 44.382, 44.058, 44.802, 44.806, 45.124, 45.518, 45.618, 45.648, 46.11, 46.046, 46.472, 46.742, 46.762, 47.398, 47.446, 47.974, 47.878, 48.266, 48.554, 48.69, 49.136, 49.258, 49.306, 49.616, 49.726, 50.238, 50.87, 50.58, 50.994, 50.73, 51.6, 51.456, 51.888, 52.06, 52.722, 52.65, 53.262, 53.484, 53.832, 54.146, 54.3, 54.098, 55.098, 55.276, 55.592, 56.036, 56.148, 56.54, 56.856, 56.93, 57.35, 57.898, 57.836, 58.216, 58.894, 59.326, 59.416, 59.678, 60.098, 60.548, 61.036, 61.474, 61.486, 61.524, 61.912, 62.388, 63.046, 63.216, 63.734, 64.244, 64.602, 65.096, 65.284, 65.774, 66.144, 66.69, 67.186, 67.504, 67.984, 68.49, 68.908, 69.272, 69.53, 70.13, 70.274, 71.09, 71.28, 71.724, 72.052, 72.416, 72.674, 73.114, 73.634, 73.828, 74.344, 74.586, 74.688, 74.77, 75.022, 75.42, 75.436, 75.336, 75.526, 75.702, 75.922],