{"epoch": 199, "batch_size": 128, "net": "efficientnet_b4", "best_acc": 62.18, "parameters": 17727916, "train_loss": [4.742273992894556, 4.2267863207765854, 4.101136819176052, 4.036411199423358, 3.9824750453919706, 3.9418887927404147, 3.895259477903166, 3.809964023892532, 3.7505160091478196, 3.7013204829467226, 3.627368104427367, 3.5657715736447697, 3.5116629259055836, 3.452644876202049, 3.393424038996782, 3.3153570369076544, 3.2342846631394018, 3.16768508128193, 3.086310267143542, 3.032377261334978, 2.977210733896631, 2.926774093866958, 2.896338163434392, 2.860737422543109, 2.824630481202889, 2.7978623687763653, 2.7716662627656747, 2.741280211816968, 2.7155656790184546, 2.693843976920828, 2.667852468807679, 2.646752470899421, 2.632971854466002, 2.6159172741043597, 2.5942029233478827, 2.577489141308133, 2.552555989731303, 2.5441635398913527, 2.5335484392502727, 2.512851407155966, 2.5083221322130362, 2.4906069110421574, 2.475262568734796, 2.47216421868795, 2.4546898746734387, 2.454877561925317, 2.4337375670137917, 2.4296665819709564, 2.414664394715253, 2.40876163180222, 2.396813989600257, 2.3806986336208062, 2.3821038788236923, 2.3702022764079103, 2.3708741908792947, 2.3692263261131616, 2.3405474555461914, 2.336371766941627, 2.3235486184849456, 2.3226889881026715, 2.312122919065568, 2.286951207138998, 2.2957393927952214, 2.2864182992359563, 2.2657898191905694, 2.2667348345222376, 2.258497908292219, 2.2546023151758687, 2.2361119241665697, 2.228795968053286, 2.2165054421290717, 2.2154420242285178, 2.211865819323703, 2.200732513156998, 2.189624463505757, 2.1862072560488417, 2.172793478002329, 2.1712324427216863, 2.1520906744710624, 2.1537779813532327, 2.1361414782531427, 2.129337358352778, 2.1276660447230427, 2.119049821668269, 2.108264879497421, 2.1089418239300817, 2.103173418118216, 2.0846229602613717, 2.08301168085669, 2.0713722635717953, 2.074866583585129, 2.057613361826943, 2.054555011832196, 2.040223658847077, 2.0328691719133225, 2.020737530630263, 2.015098335188063, 2.011449427555894, 1.9987999828880096, 1.99106856746137, 1.9751563703312593, 1.9677244086399712, 1.9679445967344982, 1.9561198047359887, 1.9487928225256292, 1.946375826740509, 1.9337599173836086, 1.9315465697851937, 1.914670683233939, 1.903071181548526, 1.9006025696654454, 1.8939886108383803, 1.8836968432911827, 1.870202109331975, 1.8644545718532084, 1.852407269770532, 1.8485516712183843, 1.8394086098731937, 1.8292517521802116, 1.8204796265458207, 1.7990358449004191, 1.8007448137263813, 1.780725500467793, 1.7848102790315439, 1.7697462587405348, 1.7672094603633637, 1.754610525372693, 1.744441173265657, 1.7365122265218165, 1.7230055722434197, 1.7136902864022023, 1.7070853298582385, 1.695117510188266, 1.6905169316264979, 1.6635992417250143, 1.6611040665975312, 1.6596508385885098, 1.6336948996614618, 1.6372251245371825, 1.6262890612682723, 1.6112220906235677, 1.6030130807091207, 1.5844614981385448, 1.5770389149560953, 1.5547574368279304, 1.556391275447348, 1.5392841054960285, 1.5264580905285028, 1.5161173560125443, 1.4963991495654405, 1.4804969590033412, 1.483673630772954, 1.467892771791619, 1.4504662508245014, 1.4396034747438358, 1.4279897091028941, 1.4086628146183766, 1.3972860468013206, 1.3834045018686358, 1.37604517765972, 1.3487667891070665, 1.3468493047882528, 1.3249603243130248, 1.3159039822380867, 1.3091869721632174, 1.2820673693171547, 1.2714161474991332, 1.2655149419289415, 1.2430564084321336, 1.2250501351893102, 1.2177022570539313, 1.1946910502355728, 1.185868533675933, 1.1723997225541898, 1.1549880859796957, 1.1395108251620436, 1.125076025038424, 1.118608266343851, 1.0971000738765881, 1.0807062268562024, 1.0654215896525956, 1.0494452243875665, 1.0342012791682387, 1.025894946149548, 1.012508845847586, 0.9941153628441989, 0.9879132096114975, 0.9782873867722728, 0.9674131655327195, 0.9625042554972422, 0.9474592557953446, 0.943104861185069, 0.9350164950351276, 0.9278720509060814, 0.917753939738359, 0.9147782633676553, 0.9172795469803579, 0.9100036207977158, 0.9079321881999141, 0.9083945548442929], "train_acc": [2.578, 4.638, 6.098, 6.728, 7.57, 8.188, 8.976, 10.11, 10.77, 11.638, 12.864, 13.89, 14.578, 15.348, 16.548, 17.744, 19.09, 20.202, 21.76, 22.2, 23.49, 24.436, 24.93, 25.742, 26.446, 26.976, 27.5, 27.988, 28.536, 29.152, 29.646, 30.098, 30.04, 30.866, 31.174, 31.526, 32.382, 32.126, 32.438, 33.188, 32.95, 33.346, 33.782, 33.898, 34.372, 34.564, 34.858, 34.898, 35.196, 35.396, 35.418, 36.114, 35.92, 36.36, 36.266, 36.396, 36.78, 36.934, 37.224, 37.256, 37.478, 38.35, 38.096, 38.382, 38.714, 38.752, 38.656, 39.014, 39.374, 39.252, 39.912, 40.138, 40.082, 40.024, 40.328, 40.536, 40.896, 40.866, 41.444, 41.224, 42.052, 41.892, 42.03, 42.346, 42.614, 42.53, 42.738, 43.038, 42.946, 43.482, 43.57, 43.916, 43.972, 44.44, 44.396, 44.89, 44.964, 44.836, 45.326, 45.66, 46.068, 46.02, 45.926, 46.114, 46.656, 46.708, 46.824, 46.924, 47.468, 47.588, 47.934, 47.992, 48.308, 48.656, 48.776, 48.94, 49.302, 49.024, 49.582, 49.778, 50.502, 50.388, 50.852, 50.646, 51.052, 51.168, 51.542, 51.778, 51.912, 52.488, 52.346, 52.646, 53.196, 53.366, 53.696, 53.654, 53.916, 54.6, 54.45, 54.916, 55.164, 55.27, 56.028, 55.836, 56.578, 56.282, 56.978, 57.524, 57.556, 58.128, 58.596, 58.364, 58.68, 59.102, 59.518, 59.71, 60.09, 60.502, 61.0, 61.068, 61.988, 61.648, 62.576, 62.742, 62.872, 63.508, 63.742, 64.138, 64.52, 64.98, 65.184, 65.926, 65.966, 66.24, 66.624, 67.166, 67.47, 67.83, 68.336, 68.496, 69.178, 69.614, 70.024, 70.168, 70.6, 71.078, 71.0, 71.288, 71.614, 71.826, 72.35, 72.388, 72.81, 72.786, 73.152, 73.268, 73.052, 73.274, 73.374, 73.322],