{"epoch": 199, "batch_size": 128, "net": "efficientnet_b0", "best_acc": 60.88, "parameters": 4135648, "train_loss": [4.6514547206556704, 4.073397793123484, 3.9282233227244423, 3.7609911702782908, 3.6256226353023364, 3.5301148952425594, 3.3900666773471686, 3.308130299038899, 3.2226984226490227, 3.148962353196595, 3.073686462534053, 2.989955349651444, 2.938625155812334, 2.8873337150534706, 2.8332956581164503, 2.7860133032054852, 2.755312892786987, 2.726282652686624, 2.6925346272071, 2.660824220808571, 2.642272404697545, 2.6040685213435335, 2.5917813192548045, 2.5667329169905093, 2.546433096346648, 2.5186424749281704, 2.5077522886378687, 2.495309460193605, 2.47881431774715, 2.4682464075210455, 2.455151785974917, 2.4335295086931388, 2.426433797992404, 2.422703863104896, 2.4014829418543355, 2.4028038350517487, 2.3826265362522485, 2.37374931101299, 2.360547587084953, 2.3532535993229704, 2.3417791338527905, 2.3326625964220833, 2.327766375468515, 2.320397043776939, 2.3032790523050997, 2.3013611550221356, 2.2895248390524587, 2.2815230526887547, 2.2733847241267524, 2.263388769705887, 2.2597903086401314, 2.251244110219619, 2.2423387006725495, 2.233682706837764, 2.224493288323093, 2.2202078039993713, 2.2117905936887503, 2.206453066652693, 2.2096814526926223, 2.182213518625635, 2.1982192962675753, 2.1926083842201916, 2.1834687201873115, 2.1802024493741867, 2.1698244499123613, 2.159706655975498, 2.154169302157429, 2.1505873816092604, 2.142751928790451, 2.1335291444797955, 2.130555937052383, 2.135034526400554, 2.119562238378598, 2.11463087903874, 2.108097034037266, 2.102699034354266, 2.1000195878850834, 2.0876538732167704, 2.08572103208898, 2.0726361225937944, 2.070077102507472, 2.0681875005097647, 2.055784227598049, 2.051998091475738, 2.04131566106206, 2.032220756916134, 2.0390248499867862, 2.022898627364117, 2.0195934318215647, 2.0048189434553962, 2.007488671775974, 1.9972875304234303, 1.9912617191329332, 1.9987249139629666, 1.9860981446702768, 1.975433231619618, 1.9612660225090164, 1.9593171634332602, 1.948808114546949, 1.9396220476121244, 1.9279403128587376, 1.9251170039481824, 1.9172286222048123, 1.9080126605680228, 1.9056449101099273, 1.901349663734436, 1.8927356465088436, 1.875799526643875, 1.8817129293671044, 1.8708442251395692, 1.8657234391897841, 1.8533532512767235, 1.8451372946009916, 1.8425997206012306, 1.8341952382451128, 1.8225296394294486, 1.818908408169856, 1.8079254767474007, 1.7983564391465443, 1.7943780836851702, 1.7785817070690262, 1.7755044717008195, 1.763322685685609, 1.758799110532112, 1.7577557682686145, 1.7387808466811314, 1.7274838234762402, 1.7289735597112905, 1.7169284476038744, 1.7071430518499116, 1.6946849271159647, 1.681930820655335, 1.6811805051915787, 1.6732716709756486, 1.6593116451712215, 1.6500936969161948, 1.6422848457570576, 1.636838602897761, 1.6179202078553416, 1.6077983976934878, 1.594329038239501, 1.5934101477303468, 1.5823396325416272, 1.5746369416756398, 1.5711654881991999, 1.5475611900124708, 1.5374591176772057, 1.5323946110122955, 1.5221108128042782, 1.5143685465883416, 1.500943314998656, 1.4930072733203468, 1.4813402516152852, 1.470051851114044, 1.4621420531626552, 1.446355472440305, 1.4377276720598227, 1.4244131761438705, 1.418564590956549, 1.4075304672236333, 1.3951414344865647, 1.3773355831575516, 1.371607489902955, 1.3524585575094004, 1.3477044200043544, 1.3395583689060357, 1.3174158292048423, 1.310760676251043, 1.298719637076873, 1.2878076013396769, 1.282420767237768, 1.2610370644827937, 1.2539896881184005, 1.2351048181733817, 1.2255196335065701, 1.21614098731819, 1.2048931641651845, 1.1950538673669175, 1.1833085006155322, 1.1701926564621499, 1.1534837539238698, 1.1465846502872379, 1.1386553594828261, 1.1200699743712346, 1.1163343599690196, 1.1014329106606486, 1.0933123633379827, 1.0891995094621274, 1.0731331142013336, 1.0785107201017687, 1.061100931881029, 1.0602827203243286, 1.0536924890240136, 1.0455512736764405, 1.0436115935635384, 1.0428927261811083, 1.0345806871228815, 1.0389066565677028, 1.0329939604110425, 1.027984307397662], "train_acc": [2.468, 6.294, 8.182, 10.696, 13.006, 14.524, 16.96, 18.578, 19.982, 21.17, 22.566, 23.998, 24.924, 25.888, 27.086, 27.58, 28.516, 28.95, 29.488, 30.402, 30.908, 31.406, 31.8, 32.11, 32.822, 33.352, 33.59, 33.78, 34.25, 34.474, 34.396, 35.124, 35.33, 35.1, 35.736, 36.12, 36.122, 36.626, 36.552, 36.894, 37.008, 37.446, 37.032, 37.396, 38.024, 38.28, 38.158, 38.508, 38.84, 39.024, 38.984, 39.282, 39.44, 39.742, 40.05, 39.912, 40.032, 40.12, 39.856, 40.8, 40.414, 40.512, 40.824, 41.0, 41.06, 41.402, 41.504, 41.682, 41.678, 42.018, 42.024, 41.712, 42.056, 42.278, 42.522, 42.512, 42.798, 43.31, 43.046, 43.206, 43.208, 43.44, 43.668, 43.828, 44.182, 44.18, 44.182, 44.628, 44.492, 45.158, 45.024, 45.226, 45.32, 45.152, 45.56, 45.716, 46.004, 46.15, 46.344, 46.504, 46.792, 46.65, 47.212, 47.216, 47.35, 47.344, 47.736, 47.79, 48.098, 48.376, 48.232, 48.58, 48.82, 48.798, 49.146, 49.628, 49.322, 49.548, 50.084, 49.984, 50.594, 50.306, 50.628, 50.944, 50.948, 51.344, 51.634, 51.606, 52.182, 52.122, 52.724, 52.726, 53.038, 52.96, 53.492, 53.678, 53.896, 53.864, 54.472, 54.838, 55.002, 55.172, 55.244, 55.278, 55.654, 56.22, 56.524, 56.74, 56.644, 56.88, 57.42, 57.836, 57.836, 58.114, 58.406, 58.78, 59.136, 59.306, 59.496, 59.85, 59.868, 60.822, 60.686, 61.244, 61.288, 61.296, 62.092, 62.194, 62.67, 62.886, 62.9, 63.434, 63.648, 64.456, 64.394, 64.74, 65.136, 65.3, 65.618, 65.904, 66.466, 66.774, 66.992, 67.486, 67.368, 67.774, 68.172, 68.104, 68.588, 68.534, 69.006, 68.998, 69.32, 69.496, 69.664, 69.526, 69.714, 69.65, 69.892, 69.802],