{"epoch": 199, "batch_size": 128, "net": "efficientnet_b5", "best_acc": 60.27, "parameters": 28545684, "train_loss": [4.9110182447506645, 4.393668904024012, 4.247087450588451, 4.168010501910354, 4.120411030166899, 4.044888827501965, 3.9957328086618875, 4.0023074107401815, 3.926062813195426, 3.9106134057349866, 3.923303094361444, 3.8196351753781213, 3.772454283731368, 3.72253129000554, 3.645607300731532, 3.539221278236955, 3.459481612495754, 3.3925268991524, 3.3329170792913803, 3.2927714034419537, 3.250731348076745, 3.2193479672112426, 3.170414642909604, 3.1378087290107746, 3.0980478168448524, 3.0670081191050733, 3.017356423160914, 2.9907348198658976, 2.9562335447277253, 2.9220783015346283, 2.896626391984008, 2.8736363737784383, 2.8551250083367234, 2.8251490099045933, 2.806925710814688, 2.7826417394916114, 2.764729595550186, 2.755095358699789, 2.737044230141603, 2.7184364509094707, 2.699441923204895, 2.692461455874431, 2.678336469108796, 2.6617233619055787, 2.6533370682650514, 2.640853142189553, 2.622428783065523, 2.608369713244231, 2.601362575960281, 2.5868592786666986, 2.589772967121485, 2.5718250390513777, 2.562700991130546, 2.5483359192948205, 2.5319159158965205, 2.5175659943114765, 2.5150044732691383, 2.497430075160073, 2.49845202072807, 2.485305043437597, 2.475622381395696, 2.4647783153807112, 2.4447623604093978, 2.450652690189879, 2.4351097683772407, 2.4271539672256432, 2.4099956784406893, 2.4112460393734905, 2.3819254786157242, 2.387444274504776, 2.3754207572668715, 2.3636730058723705, 2.3546929466145117, 2.354776230919392, 2.3425616477151663, 2.343544585930417, 2.3320142201450476, 2.3151347503027955, 2.3050427482561076, 2.3048256291148, 2.2833174796360534, 2.27943632974649, 2.2751069803676947, 2.263753770867272, 2.2596022512601768, 2.2448876873611487, 2.2337916150422354, 2.229428322113993, 2.2237227383781883, 2.200618481392141, 2.204857629888198, 2.2036312925236303, 2.1835868279342456, 2.1822797828318214, 2.165673399520347, 2.155826113108174, 2.1487045833826675, 2.143002723488966, 2.1417641868371793, 2.127309274795415, 2.1368125921015237, 2.108452715227366, 2.108336302630432, 2.095192095202863, 2.083830762702181, 2.0789190481995683, 2.0650572968870784, 2.049481400748348, 2.055484602823282, 2.0409031243580382, 2.021813202696993, 2.016888858717116, 2.0105863068719656, 1.9956115337893785, 1.9950834534052388, 1.9810603805210278, 1.974076861615681, 1.9730368541634602, 1.9588510968801005, 1.951096414605065, 1.9330829619751562, 1.936054046196706, 1.9156004772771655, 1.9064121651832404, 1.899121887238739, 1.8955636509239215, 1.871636167816494, 1.8721180358506224, 1.856466391202434, 1.8424264037090798, 1.829794726103468, 1.834041382650585, 1.8111838059657066, 1.8035340010357634, 1.7953626636958793, 1.7803156452105784, 1.7674175461234949, 1.7650568119400298, 1.7521148880424402, 1.73803868135223, 1.7301574478978696, 1.7211135598399756, 1.7087037334661654, 1.695417868206873, 1.6824169671139144, 1.6723942704822705, 1.6596530614911442, 1.641852437992535, 1.629851929671929, 1.6191811165236452, 1.6113752971219895, 1.593657570421848, 1.5768164109695904, 1.5701264130794788, 1.5516059984026662, 1.535718168444036, 1.527716768062328, 1.510100838778269, 1.493447337613996, 1.482577619955058, 1.4704396575308212, 1.448760053385859, 1.4424936097601186, 1.4319589842310951, 1.4163604026560284, 1.3962605054421193, 1.3822641711100898, 1.374441521551908, 1.3542028142668097, 1.33681645295809, 1.3185326173482343, 1.3076830209063752, 1.289248020600175, 1.274765791338118, 1.259903460817264, 1.238847214395128, 1.2227882003540274, 1.2157337761596037, 1.199788475432969, 1.1815843772705255, 1.1701047944900629, 1.152393632380249, 1.142679091762094, 1.124325248743872, 1.1120063618320943, 1.0944167988379594, 1.0869880464985548, 1.0735118303762372, 1.0667374495350186, 1.055922897727898, 1.0413256010131153, 1.0400902967318855, 1.0280164666188039, 1.0200750329305448, 1.015139517271915, 1.0060631248652172, 1.0076013416280527, 1.002789941132831, 1.0070073674706852, 1.0029427549418282], "train_acc": [1.57, 2.884, 4.228, 4.992, 5.84, 6.65, 7.058, 7.25, 8.27, 8.504, 8.412, 9.702, 10.41, 10.884, 12.19, 13.854, 15.414, 16.632, 17.342, 17.886, 18.632, 19.122, 20.298, 20.596, 21.352, 21.804, 22.662, 23.244, 23.662, 24.47, 24.804, 25.202, 25.494, 26.02, 26.342, 26.632, 27.176, 27.236, 27.918, 28.364, 28.604, 28.862, 28.898, 29.456, 29.81, 30.034, 30.44, 30.61, 31.016, 31.12, 31.106, 31.664, 31.75, 32.096, 32.46, 32.724, 32.966, 33.128, 33.398, 33.204, 33.898, 34.016, 34.206, 34.328, 34.882, 34.592, 35.412, 35.432, 36.08, 35.75, 35.974, 36.376, 36.502, 36.764, 36.982, 36.93, 37.016, 37.224, 37.762, 37.848, 38.716, 38.464, 38.42, 38.802, 38.778, 39.194, 39.404, 39.47, 39.608, 40.316, 40.106, 40.484, 40.918, 40.796, 41.186, 41.32, 41.348, 41.514, 41.898, 42.036, 42.034, 42.566, 42.586, 42.792, 43.37, 43.608, 43.63, 43.948, 43.984, 44.14, 44.786, 44.888, 45.052, 45.296, 45.686, 45.748, 46.15, 45.986, 46.372, 46.5, 47.194, 46.774, 47.414, 47.844, 48.048, 48.118, 48.674, 48.65, 48.862, 49.342, 49.532, 49.406, 50.376, 50.386, 50.606, 50.88, 51.182, 51.18, 51.72, 51.93, 52.118, 52.6, 52.694, 52.942, 53.222, 53.438, 54.104, 54.336, 54.834, 55.296, 55.204, 55.756, 55.944, 56.186, 56.61, 57.038, 57.414, 57.83, 58.008, 58.48, 58.664, 59.272, 59.346, 59.624, 59.904, 60.548, 61.116, 61.096, 61.772, 62.046, 62.834, 62.892, 63.288, 63.556, 64.22, 64.774, 65.094, 65.358, 65.584, 66.144, 66.364, 66.828, 66.992, 67.638, 68.178, 68.336, 68.632, 68.796, 69.328, 69.424, 69.496, 69.806, 70.218, 70.42, 70.582, 70.678, 70.722, 70.906, 70.986, 70.752],