{"epoch": 199, "batch_size": 128, "net": "efficientnet_b1", "best_acc": 60.69, "parameters": 6641284, "train_loss": [4.635996911226941, 4.123677365310357, 3.9659904293392017, 3.904571939917172, 3.8641379050281652, 3.737823955848089, 3.6402572609884354, 3.581160239246495, 3.5045596419088065, 3.4235251919387855, 3.3372068161244894, 3.2491052065359054, 3.1811126406540344, 3.109021583176635, 3.0655941554652455, 3.0071039035192233, 2.953996086364512, 2.903281772228153, 2.862455839391255, 2.8229261115383917, 2.7843001431516368, 2.754362721577325, 2.731240906069041, 2.7018637151059592, 2.687434009883715, 2.6745802447619034, 2.6528404344378225, 2.6350978652534582, 2.6215590040397156, 2.600473758814585, 2.593455600616572, 2.5722455752780067, 2.5683873858293302, 2.5453620633810683, 2.5309140346849057, 2.5155280441274424, 2.507810540821241, 2.489723720818834, 2.4690495708104594, 2.4489522605295986, 2.43094057012397, 2.4143730972124184, 2.4091313116995576, 2.3844123441544944, 2.3709967743100413, 2.3639431713182297, 2.348105337918567, 2.34224951816032, 2.341380336400493, 2.3265277686936168, 2.3109173543008086, 2.2990243294659782, 2.2955406288356732, 2.3091204858496974, 2.3285058794728934, 2.2813618442286616, 2.27205915646175, 2.2597238676017506, 2.257183633801882, 2.2536297448150946, 2.245122620821609, 2.230893439344128, 2.2245234531514786, 2.2087566480612204, 2.2012723973949853, 2.1972107795803137, 2.194228493649027, 2.187927950373696, 2.1829276155023014, 2.174223044034465, 2.1666558307150137, 2.161104743133116, 2.1468615498384245, 2.1498048823812734, 2.1362505050571374, 2.1289782691794588, 2.1142611055422926, 2.1098688048170047, 2.1119760518793558, 2.1068058212090026, 2.099144045349277, 2.087212457681251, 2.085257848815235, 2.08148111559241, 2.066945831489075, 2.0584736803303594, 2.055592828089624, 2.0519507358141262, 2.036989422405467, 2.043829484059073, 2.0279515646302793, 2.0161685513718353, 2.016544261856762, 2.016662630278741, 2.0088003267107717, 1.9946019619017306, 1.9856439993509551, 1.9850378713339492, 1.9741939733095486, 1.9654480471940297, 1.9620264402740752, 1.952715404503181, 1.9548683950053456, 1.9365597905405343, 1.937556436299668, 1.93135230437569, 1.9179761479882633, 1.9040166447534586, 1.89900222672221, 1.8924583547255571, 1.8838601280051424, 1.8859415795187207, 1.866697862020234, 1.861250015780749, 1.8485566228247055, 1.847428403851931, 1.8383947757198988, 1.8372076069912338, 1.8215430645686586, 1.821344174997276, 1.7904530629477537, 1.7933499389292333, 1.790890645797905, 1.787585702698554, 1.772852017141669, 1.7671718923637019, 1.7547979184123865, 1.7443652939613519, 1.741204920327267, 1.7298026008679128, 1.7178770779343822, 1.7186462970645837, 1.7008486397735907, 1.6924791421426837, 1.6827938050565208, 1.6683713094047878, 1.668140049175838, 1.6614410175996668, 1.643102024827162, 1.6335378863927348, 1.6316974507573316, 1.6258174918801582, 1.6045885238501116, 1.5989633682743667, 1.586954671098753, 1.5702458144453786, 1.5691433617526003, 1.5486653530994035, 1.554898669957505, 1.5394876451443529, 1.5268071030106996, 1.5110535621643066, 1.5150168192051257, 1.4909821739587028, 1.4889417322700287, 1.467254828309159, 1.4635985650674765, 1.4522365965806614, 1.4353439823136, 1.4280488417886408, 1.4114832439081137, 1.4011882979546666, 1.3940329319985627, 1.3786717112107045, 1.3705333099340844, 1.3563123606050107, 1.3484758031947532, 1.338408429299474, 1.3244196883857708, 1.3088723078103321, 1.2917647800787027, 1.2834742660717586, 1.2682011667114998, 1.2592272420063653, 1.249179199223628, 1.2338175601361658, 1.218035612417304, 1.2040931832455004, 1.1947878022937823, 1.1850537865058235, 1.1720052797471165, 1.1604557666937103, 1.1492822841000374, 1.1372603603336207, 1.1223924603608564, 1.1146312360568424, 1.1024561596038702, 1.0957085438396619, 1.086728585955432, 1.0825312288520892, 1.068953538337327, 1.0668488890313736, 1.055536358405257, 1.0550060519172102, 1.0531374595659164, 1.0428270072583348, 1.0405612223593474, 1.0371958212474424, 1.034554389888978, 1.039216587915445], "train_acc": [2.914, 6.16, 7.764, 8.72, 9.212, 11.362, 12.66, 13.644, 15.088, 16.042, 17.628, 19.276, 20.492, 21.768, 22.398, 23.856, 24.606, 25.316, 26.068, 26.836, 27.862, 28.034, 28.594, 29.426, 29.828, 29.854, 30.442, 30.586, 30.84, 31.436, 31.494, 32.316, 32.112, 32.582, 33.068, 33.034, 33.382, 33.758, 34.176, 34.97, 35.004, 35.226, 35.304, 35.986, 36.428, 36.72, 36.968, 36.898, 37.092, 37.204, 37.732, 37.832, 38.056, 37.61, 37.232, 38.312, 38.504, 38.776, 38.91, 38.956, 39.08, 39.72, 39.664, 39.836, 40.514, 40.034, 40.174, 40.744, 40.796, 41.054, 40.864, 41.254, 41.666, 41.438, 41.624, 41.838, 42.32, 42.428, 42.376, 42.668, 42.774, 42.806, 43.104, 43.344, 43.618, 43.742, 43.808, 43.948, 44.25, 43.916, 44.28, 44.62, 44.786, 44.692, 44.724, 45.208, 45.418, 45.38, 45.734, 45.982, 45.932, 46.308, 46.038, 46.668, 46.696, 46.784, 47.144, 47.55, 47.54, 47.866, 48.13, 47.968, 48.382, 48.62, 48.874, 48.916, 49.174, 49.212, 49.412, 49.678, 50.466, 50.046, 50.244, 50.244, 50.544, 50.608, 51.128, 51.462, 51.296, 51.786, 51.858, 51.956, 52.708, 52.656, 52.86, 53.23, 53.142, 53.406, 53.882, 53.972, 53.856, 54.22, 54.668, 54.988, 55.368, 55.508, 55.608, 56.14, 56.078, 56.384, 56.8, 56.92, 57.12, 57.644, 57.86, 58.286, 58.402, 58.66, 59.004, 59.296, 59.726, 59.852, 60.236, 60.588, 60.826, 60.876, 61.196, 61.616, 62.004, 62.034, 62.798, 62.974, 63.43, 63.766, 63.814, 64.28, 64.758, 65.25, 65.154, 65.578, 65.876, 66.202, 66.474, 66.93, 67.314, 67.516, 67.84, 68.262, 68.328, 68.69, 68.592, 68.656, 69.112, 69.092, 69.254, 69.5, 69.532, 69.81, 69.574, 69.594],