{"epoch": 199, "batch_size": 128, "net": "efficientnet_b7", "best_acc": 62.65, "parameters": 64043060, "train_loss": [5.023432032836368, 4.428701909301836, 4.3243797307124225, 4.247838775215246, 4.222157764922628, 4.185121678330404, 4.156799451164577, 4.1393357628141825, 4.124287241864997, 4.101829886131579, 4.058730569946796, 4.004242299462828, 3.943149460551074, 3.908177436770076, 3.857526382217017, 3.8258772329296296, 3.7782324616561462, 3.731674632757826, 3.6756612102089026, 3.640941466211968, 3.596623618889343, 3.5547389051188594, 3.5071588995511576, 3.465308388785633, 3.4345788815442253, 3.3811989635457773, 3.348853588104248, 3.3044981145492907, 3.27209695098955, 3.2412966998946637, 3.2194273240121123, 3.1813105896610736, 3.1440446498753776, 3.1220481578651293, 3.0819442131940056, 3.045789555210592, 3.0096231293495355, 2.986583611544441, 2.956577817497351, 2.9326092477344794, 2.8953110653421152, 2.87713045110483, 2.8445714855438, 2.8281969914350973, 2.7924337234643413, 2.7671503752393796, 2.749653393655177, 2.725756028729022, 2.711223944983519, 2.688406810736107, 2.6693438001910743, 2.652510452758321, 2.6310821847842476, 2.6315256159018983, 2.6008267829485257, 2.5886271066982727, 2.586278880648601, 2.5595860956879832, 2.550930400638629, 2.533152405868101, 2.5205112747524097, 2.511336943072736, 2.493751880762827, 2.483515158943508, 2.4695441783846492, 2.4553766165243087, 2.448841119971117, 2.428277837345972, 2.4182965157891783, 2.4095014467873535, 2.406310269289919, 2.397298861952389, 2.382976574666055, 2.3760587220911478, 2.364579919049197, 2.353858888301703, 2.3422908978084163, 2.3261513560629257, 2.3262506217297996, 2.3051617459567915, 2.3034742207783263, 2.2942564441724813, 2.2853279193039135, 2.27901627035702, 2.2664879563519413, 2.263449436258477, 2.24532922820362, 2.2520393624025234, 2.235739641482263, 2.226638899739746, 2.2164138717114774, 2.2191709816608283, 2.188542622739397, 2.19149385998621, 2.186237530330258, 2.1699818467240197, 2.1665671999802063, 2.1512070119838276, 2.1468138929523164, 2.13576991051969, 2.1243724518114955, 2.1242778465875882, 2.104734786026313, 2.1029560306797856, 2.0803627095868826, 2.0801922613397585, 2.0746086073653474, 2.0598358986017953, 2.0522027866309864, 2.0354218821391425, 2.0324222645186403, 2.0177596398936513, 2.0181338091945404, 2.008074620495672, 1.9969423984932473, 1.9888042086530524, 1.963712235545868, 1.9564176090538044, 1.9467384345696102, 1.9399515390396118, 1.9303007500860698, 1.916315070198625, 1.9017089529110647, 1.8944487202807765, 1.8881261519458898, 1.8818783321039145, 1.867423219449075, 1.8495368003235448, 1.840564270763446, 1.8312114611306154, 1.8177255306707318, 1.8071870739807558, 1.7907927548488998, 1.7886518398514184, 1.7769427924509853, 1.757345738313387, 1.7499060069813448, 1.7342538617151169, 1.7238042007017014, 1.714569642720625, 1.6928576032828797, 1.687434701968337, 1.674989273785935, 1.6603264799508293, 1.6484183036457851, 1.628719073732186, 1.6181181782041973, 1.6098411348469728, 1.601940194664099, 1.5826213899475838, 1.568800100585079, 1.5561156339962463, 1.5321266355416965, 1.5234414427481648, 1.5044991924329791, 1.4951022567651462, 1.4918232829979314, 1.4685111707433716, 1.448635661083719, 1.4363233229083479, 1.4155180009124835, 1.403644401399071, 1.3860000737792695, 1.367173465926324, 1.352202993829537, 1.3378224023772627, 1.3207405807112185, 1.3041782999587486, 1.288072783928698, 1.2683600797067822, 1.2544500807971906, 1.2403776014552397, 1.2241691358558966, 1.1990223255608699, 1.18259292581807, 1.1645400011935807, 1.1579490657657614, 1.1279236427353472, 1.1088560147358633, 1.0951501922229367, 1.0765517375353353, 1.0632581668131798, 1.045384129904725, 1.0345119076311742, 1.0156791786403607, 0.9993063116927281, 0.9898088385381967, 0.9692056116545597, 0.9618670341303891, 0.9507133597912996, 0.9351435177161566, 0.9332181463765976, 0.9214674999646824, 0.9120359160101322, 0.9051967723595212, 0.9027642109205046, 0.8950129061403787, 0.8928482108713721, 0.8922002121920476, 0.8917198589695688], "train_acc": [1.75, 2.942, 4.098, 4.75, 4.822, 5.216, 5.21, 5.728, 5.798, 5.804, 6.634, 7.436, 8.242, 8.71, 9.578, 9.976, 10.676, 11.358, 12.394, 12.978, 13.584, 13.956, 14.962, 15.594, 15.898, 16.706, 17.038, 17.826, 18.388, 18.81, 19.2, 19.842, 20.524, 21.084, 21.728, 22.416, 23.154, 23.312, 23.796, 24.542, 25.09, 25.63, 25.846, 26.208, 27.188, 27.64, 28.108, 28.438, 28.808, 29.188, 29.758, 29.892, 30.716, 30.382, 31.15, 31.542, 31.822, 32.004, 32.134, 32.732, 33.064, 33.1, 33.45, 33.958, 34.1, 34.594, 34.474, 35.106, 35.446, 35.382, 35.462, 35.914, 36.218, 35.966, 36.222, 36.726, 37.07, 37.344, 37.546, 38.034, 38.158, 38.292, 38.834, 38.724, 38.938, 39.214, 39.35, 39.264, 39.642, 40.048, 40.336, 40.392, 41.256, 40.928, 41.246, 41.262, 41.706, 41.97, 42.022, 42.012, 42.406, 42.79, 43.012, 42.976, 43.786, 43.638, 43.782, 44.386, 44.444, 44.854, 45.096, 45.182, 45.524, 45.626, 45.806, 46.168, 46.654, 46.964, 47.456, 47.69, 47.668, 47.892, 48.368, 48.764, 48.864, 49.042, 49.346, 49.792, 49.998, 50.196, 50.376, 50.924, 51.452, 51.496, 51.486, 52.192, 52.308, 52.836, 52.742, 53.226, 53.782, 53.784, 53.916, 54.44, 54.81, 55.388, 55.608, 55.87, 56.026, 56.658, 56.574, 57.164, 57.704, 57.902, 58.37, 58.722, 58.84, 59.488, 59.648, 60.016, 60.708, 60.974, 61.35, 61.91, 62.16, 62.614, 63.17, 63.412, 63.844, 64.192, 64.794, 65.062, 65.642, 66.072, 66.582, 66.942, 67.138, 68.02, 68.588, 68.614, 69.336, 69.724, 69.992, 70.31, 70.9, 71.286, 71.51, 71.992, 72.24, 72.476, 72.938, 73.058, 73.442, 73.636, 73.654, 73.916, 74.246, 74.31, 74.038, 74.438],