{"epoch": 199, "batch_size": 128, "net": "QuadCompression", "best_acc": 61.53, "parameters": 38176484, "train_loss": [4.198777780508446, 3.787892750157115, 3.629158241364657, 3.49832192101442, 3.3941899083764353, 3.3072713000695115, 3.245636873537927, 3.1670780633111746, 3.1172049210199613, 3.061017838280524, 3.011691304423925, 2.970391402768967, 2.9395638451246957, 2.8913451411839945, 2.864849841198348, 2.831506681564214, 2.8034177515512844, 2.783545458713151, 2.7604047776488088, 2.7277470866737463, 2.699462997943849, 2.6920041501369623, 2.656744047199064, 2.6492420834348636, 2.6119919634231215, 2.597163725996871, 2.6002336847202856, 2.566512606028096, 2.547355510389713, 2.5397113442725843, 2.5254307555420623, 2.5059262724483715, 2.493651235804838, 2.466082406470843, 2.463256665507851, 2.4478155115376348, 2.431464397084073, 2.4113165262105216, 2.3971368769550567, 2.3913550651286872, 2.3822433198504434, 2.3660597106075043, 2.3594729464377284, 2.3431601249958245, 2.33802117807481, 2.3237340712486327, 2.3145831128215546, 2.3074989532265824, 2.296077983763517, 2.2793144844377133, 2.271146161172091, 2.2480783035688083, 2.260679273654128, 2.2414069212306185, 2.238941041100056, 2.2156362722596854, 2.214226585519893, 2.207669187384798, 2.186411790225817, 2.1869753483311296, 2.171607904726892, 2.158384605441862, 2.15132447795185, 2.143784405630263, 2.1362065284148506, 2.1292152593812674, 2.1196614147147255, 2.114205286935772, 2.097353803532203, 2.0893603691359615, 2.096361395343185, 2.0813210217849067, 2.070943046103963, 2.059239435683736, 2.0447766924148327, 2.0339681132675134, 2.035735943128386, 2.0150835550654573, 2.0101103380208127, 2.0014563686097673, 2.0003756934114736, 1.9897998644567816, 1.984253261705189, 1.969296661484272, 1.9622225072377784, 1.9575782386238312, 1.9481542564718926, 1.9379997003413831, 1.9355136604260301, 1.927001979344946, 1.907274972447349, 1.9044808374951259, 1.8960439728958833, 1.883023308671039, 1.8825244839539004, 1.8659135929458892, 1.8637418033521804, 1.861217926530277, 1.8461694592405158, 1.8441659757853164, 1.825741742578004, 1.8215623255580893, 1.8036730310801046, 1.8032830087730036, 1.7906293173885102, 1.7812071715474433, 1.7855161035152347, 1.7687480291137305, 1.7611850972675607, 1.7565789686139588, 1.7466878098295169, 1.7320230598644832, 1.7293001809693358, 1.7213479314008941, 1.7132554426217628, 1.7002562888138129, 1.6995637368058305, 1.6911317530800314, 1.6764893004351564, 1.6733225992573497, 1.6524302532605808, 1.6498573558104923, 1.6357348965257026, 1.6276988355095123, 1.6245250866541168, 1.6181286808170017, 1.6029398666928187, 1.5979500262023847, 1.5946983946558764, 1.5850955162511762, 1.5713554523180209, 1.5643938788977425, 1.553618167977199, 1.5531093113867522, 1.534220296098753, 1.5241096379506924, 1.5195361415443518, 1.519948098970496, 1.506398248550532, 1.4877644999862631, 1.4955781335416047, 1.4806756189717052, 1.4685102368864562, 1.4594963288977933, 1.456730127944361, 1.4575683460820972, 1.4486367848828017, 1.4360452902591443, 1.420479602521033, 1.4217073777142692, 1.4074544799907127, 1.3994651727969079, 1.3953839438345732, 1.38256123273269, 1.382612960417862, 1.3710682642124499, 1.3707591162618165, 1.3595263046376846, 1.3557777621252152, 1.347304549058685, 1.3474360224231126, 1.3453525974012701, 1.3298759833931009, 1.3241727361288826, 1.3253332294161668, 1.3143141708715493, 1.3105621923266164, 1.3057521994766372, 1.3037459498171307, 1.2953291594829706, 1.2906975453467016, 1.2964316734572505, 1.2778187244749435, 1.2796989737264335, 1.2742298471043483, 1.269021203603281, 1.2603842055096346, 1.2584609837483263, 1.2502776922472298, 1.2696631066024762, 1.2501565152421936, 1.2668139836977206, 1.2451210973207907, 1.257735661990807, 1.243774656901884, 1.2413920234231388, 1.2444670570780858, 1.2410094911789955, 1.2370331198967937, 1.2378607066086187, 1.2463539221402629, 1.236912943670512, 1.2232179429829884, 1.2297934717534449, 1.2310080118191518, 1.2267855361599447, 1.2312319397621447, 1.2270282746275978, 1.2343087614039936, 1.2360385967337566], "train_acc": [6.514, 10.852, 13.434, 15.278, 16.768, 18.414, 19.548, 21.026, 21.834, 23.156, 24.134, 24.764, 25.426, 26.402, 26.644, 27.642, 27.78, 28.478, 28.886, 29.694, 30.072, 30.552, 31.094, 31.272, 32.112, 32.262, 32.368, 32.904, 33.442, 33.83, 34.138, 34.402, 34.446, 35.154, 35.348, 35.292, 35.716, 36.086, 36.686, 36.786, 36.886, 37.41, 37.622, 37.82, 38.11, 38.228, 38.414, 38.53, 38.902, 39.128, 39.28, 39.788, 39.656, 40.276, 40.086, 40.34, 40.754, 40.838, 41.104, 41.294, 41.406, 41.748, 42.016, 42.086, 42.52, 42.244, 42.648, 43.086, 43.22, 43.364, 43.088, 43.67, 43.68, 43.886, 44.258, 44.614, 44.62, 44.806, 45.142, 45.34, 45.43, 45.644, 45.514, 46.1, 46.222, 46.334, 46.608, 46.492, 46.764, 46.99, 47.446, 47.594, 47.756, 48.07, 47.762, 48.244, 48.564, 48.518, 48.822, 49.166, 49.496, 49.326, 49.506, 49.73, 50.052, 50.286, 50.236, 50.458, 50.814, 51.05, 51.186, 51.394, 51.596, 51.732, 51.886, 52.006, 52.374, 52.372, 52.862, 52.918, 53.588, 53.28, 53.542, 53.744, 53.676, 54.256, 54.45, 54.668, 54.506, 54.886, 54.934, 55.602, 55.584, 55.572, 56.16, 56.702, 56.516, 56.222, 56.688, 57.23, 57.128, 57.398, 57.694, 57.726, 57.878, 57.86, 58.008, 58.426, 58.964, 58.728, 59.082, 59.168, 59.322, 59.744, 59.952, 60.27, 59.916, 60.258, 60.144, 60.726, 60.646, 60.624, 60.956, 61.13, 61.142, 61.558, 61.57, 61.664, 61.854, 61.764, 61.87, 61.882, 62.344, 62.388, 62.594, 62.448, 62.632, 62.526, 63.072, 62.524, 62.996, 62.712, 63.236, 62.872, 62.952, 63.38, 63.252, 63.256, 63.454, 63.382, 63.132, 63.368, 63.552, 63.562, 63.456, 63.636, 63.558, 63.628, 63.548, 63.396],