{"epoch": 199, "batch_size": 4096, "net": "QuadCompression", "best_acc": 61.06, "parameters": 38176484, "train_loss": [5.292046840374287, 4.165726551642785, 3.9072512846726637, 3.7342296013465295, 3.6178213082827053, 3.4980810422163744, 3.4090727109175463, 3.3197212035839376, 3.2522795567145715, 3.172812718611497, 3.131531311915471, 3.042408796457144, 2.9737298488616943, 2.9241435527801514, 2.8725497539226827, 2.8332064151763916, 2.795219293007484, 2.7214781871208777, 2.697392903841459, 2.6533829065469594, 2.590707705571101, 2.5733799384190488, 2.536635710642888, 2.5647345873025746, 2.5002593443943906, 2.4461856071765604, 2.4285424856039195, 2.3991258327777567, 2.372145120914166, 2.349794479516836, 2.3146564960479736, 2.3043431502122145, 2.2731379178854136, 2.2595725242908182, 2.223326462965745, 2.200315970640916, 2.192591667175293, 2.1670445662278395, 2.152316313523513, 2.142151117324829, 2.1186435039226827, 2.103921468441303, 2.0802790385026197, 2.0656814575195312, 2.055445386813237, 2.0391246447196374, 2.026766740358793, 2.018492524440472, 1.995277762413025, 1.9650695507343, 1.9610136563961322, 1.9367897235430205, 1.930079955321092, 1.915976487673246, 1.9078963811580951, 1.8919042165462787, 1.8891702615297759, 1.8788118545825665, 1.859781366128188, 1.8336469668608446, 1.8305060129899244, 1.8140799082242525, 1.8028238003070538, 1.7936835839198186, 1.7885077458161573, 1.7672676673302283, 1.7496139269608717, 1.734152051118704, 1.7305419078240027, 1.718916076880235, 1.7323207671825702, 1.703932367838346, 1.690270002071674, 1.6826323637595544, 1.668715321100675, 1.6705653667449951, 1.6491205783990712, 1.6428070893654456, 1.6296667685875525, 1.6217433030788715, 1.61390404517834, 1.5842088185823882, 1.5920328543736384, 1.5836371641892653, 1.58063136614286, 1.5751457122656016, 1.5683335340940034, 1.5561884549947886, 1.5554684400558472, 1.5417082126323993, 1.5278396331346953, 1.523971410898062, 1.5071804431768565, 1.500018284871028, 1.4900499673990102, 1.4836064302004301, 1.4829588486598089, 1.4844122208081758, 1.458406952711252, 1.4563449162703295, 1.449103648845966, 1.4323940735596876, 1.4259844743288481, 1.4149177441230187, 1.4214888627712543, 1.4018575503275945, 1.3966734867829542, 1.403645818050091, 1.3861964299128606, 1.3783391255598803, 1.3704688182243934, 1.3623976799157949, 1.362674043728755, 1.3391065139036913, 1.3600210776695838, 1.3317140615903413, 1.3309801450142493, 1.3268266732876117, 1.3206960604741023, 1.3070966463822584, 1.2990633524381197, 1.3015322593542247, 1.298972304050739, 1.3100897990740263, 1.2833851117354174, 1.2844540614348192, 1.2793480891447802, 1.2631638050079346, 1.262119540801415, 1.2481107069895818, 1.2535216074723463, 1.2483516014539278, 1.252336392035851, 1.2421470972207875, 1.2316828049146211, 1.2187937681491559, 1.2233681128575251, 1.221897473702064, 1.2196268210044274, 1.2023179531097412, 1.1941733268591075, 1.1922366894208467, 1.1980348091859083, 1.1971643429536085, 1.1845542742655828, 1.1794763986880963, 1.1817520948556752, 1.1742748663975642, 1.1639178532820482, 1.167488043124859, 1.165635374876169, 1.1536379777468169, 1.1567148978893573, 1.1514774010731623, 1.1547238184855535, 1.1393823348558867, 1.1415955103360689, 1.1344677301553578, 1.1382035108713002, 1.133083233466515, 1.1259692815633922, 1.1177741564237154, 1.1348525285720825, 1.1184450021156898, 1.1217656227258535, 1.1207549755389874, 1.1230486172896166, 1.1178571260892427, 1.1156896627866304, 1.1098387241363525, 1.102223772269029, 1.1157550536669218, 1.1012836969815767, 1.107388239640456, 1.0995732362453754, 1.1001222408734834, 1.0990919700035682, 1.1045253643622766, 1.0899781997387226, 1.0882432185686552, 1.091347731076754, 1.096379041671753, 1.0959380865097046, 1.0955642003279467, 1.0985708144994883, 1.099594079531156, 1.0803119586064265, 1.0864846431292021, 1.0817416998056264, 1.086821803679833, 1.0843942440473116, 1.0821675245578473, 1.09379492356227, 1.0814319665615375, 1.093541640501756, 1.074450502028832, 1.0867520479055552, 1.0796341987756581, 1.074601100041316, 1.0865016900576079], "train_acc": [3.274, 7.282, 10.622, 13.14, 14.914, 16.812, 18.188, 19.79, 20.882, 22.078, 23.164, 24.726, 26.248, 27.112, 27.91, 28.536, 29.61, 31.048, 31.506, 32.284, 33.572, 34.08, 34.638, 34.28, 35.354, 36.246, 37.022, 37.478, 38.114, 38.652, 38.986, 39.294, 40.112, 40.474, 41.042, 41.608, 41.85, 42.218, 42.544, 43.13, 43.222, 43.822, 44.21, 44.488, 44.618, 45.212, 45.136, 45.446, 46.156, 46.628, 46.748, 47.414, 47.432, 47.86, 48.046, 48.534, 48.304, 48.498, 49.274, 49.85, 49.65, 50.206, 50.312, 50.75, 50.75, 50.904, 51.614, 52.088, 51.946, 52.264, 51.988, 52.328, 52.924, 53.22, 53.556, 53.826, 53.654, 54.05, 54.124, 54.582, 54.744, 55.288, 54.984, 55.408, 55.558, 55.462, 55.938, 55.988, 56.03, 56.598, 56.79, 56.796, 57.19, 57.464, 57.498, 57.684, 57.792, 57.818, 58.446, 58.512, 58.636, 59.112, 59.104, 59.56, 59.628, 59.796, 59.964, 59.746, 60.29, 60.164, 60.552, 60.916, 60.756, 61.376, 60.944, 61.582, 61.556, 61.544, 61.902, 62.16, 62.23, 62.432, 62.238, 62.234, 62.76, 62.726, 62.838, 63.134, 63.332, 63.606, 63.396, 63.466, 63.634, 63.896, 64.114, 64.342, 64.682, 64.324, 64.304, 64.904, 64.886, 65.254, 65.18, 65.146, 65.256, 65.446, 65.398, 65.39, 65.752, 66.05, 65.832, 66.118, 66.16, 66.37, 66.302, 66.396, 66.476, 66.536, 66.362, 66.968, 66.55, 67.118, 66.672, 66.88, 67.324, 66.972, 67.03, 67.394, 67.286, 67.24, 67.338, 67.244, 67.42, 67.396, 67.34, 67.482, 67.504, 67.494, 67.834, 67.858, 67.69, 67.742, 67.672, 67.682, 67.418, 67.75, 68.306, 67.742, 68.144, 67.808, 67.968, 67.958, 67.88, 68.15, 67.822, 68.012, 68.036, 68.016, 68.154, 67.934],