{"epoch": 199, "batch_size": 128, "net": "regnetx_080", "best_acc": 54.37, "parameters": 37843748, "train_loss": [4.026190618115008, 3.4812002895433274, 3.2048182908226464, 2.9866927920095145, 2.804024260367274, 2.6480545162239952, 2.507344290423576, 2.3749648353937642, 2.252404584604151, 2.12962698601091, 2.0125265161094763, 1.9016577218804518, 1.8016321262740114, 1.6965959852613757, 1.5889989652901964, 1.490795967828892, 1.3879960406466822, 1.2843616639866549, 1.187886493590177, 1.0716120917778795, 0.981251758840078, 0.874258322179165, 0.7813586885362025, 0.6927473982581702, 0.6245729205248606, 0.54265715818271, 0.4737810705171522, 0.43680252108122686, 0.3870752254486694, 0.34023089943182133, 0.32725997029058157, 0.30379376657631085, 0.2810133785161826, 0.25766149273766276, 0.2357378100876308, 0.22151490352342806, 0.20610475810744877, 0.21008120427656052, 0.1872092057638766, 0.18962006510980903, 0.16326043952990066, 0.17409457957081478, 0.1607252722391692, 0.15764070005939745, 0.15651238421954766, 0.14123504685090327, 0.1325672511821208, 0.12456942481153152, 0.1283085436638816, 0.12518125489506576, 0.12130794152045798, 0.11994203506871258, 0.11184106106915133, 0.10284576930410569, 0.10761500512490339, 0.10160145663258517, 0.09535466817200489, 0.08626155378987722, 0.09496208762183138, 0.09655949239478544, 0.0827018029254187, 0.08023512666887792, 0.0810829467780869, 0.08427144510819175, 0.08527491505131544, 0.07786293473104229, 0.07010476206860426, 0.06705676094936136, 0.07051989874419044, 0.06561420909117174, 0.0719811677113366, 0.06625887558407262, 0.05415292277269999, 0.05757072716093887, 0.05998995284433179, 0.06186777956145423, 0.052427624378477214, 0.05574662193341557, 0.05461441324618847, 0.042292523103744706, 0.049987500011825656, 0.05017023209287116, 0.05079546686300003, 0.04335551967134561, 0.04249717178456771, 0.04178746955354919, 0.043476241373973885, 0.037448943992767034, 0.03892639529822237, 0.03752628914283022, 0.039661963079648706, 0.03397273760505706, 0.034358784152656946, 0.035615342667998026, 0.034135050136748404, 0.029794064558842374, 0.03040879197856959, 0.03170828141815141, 0.03048890992544134, 0.026438132114232044, 0.02487198361660094, 0.026621727968978187, 0.026784998355814448, 0.020019702560356473, 0.01969798439113266, 0.02259683848211013, 0.02779033034444427, 0.02007099536492887, 0.016720711818093533, 0.017055002837310856, 0.013468013173910073, 0.017946236582277605, 0.021368748207678995, 0.02073763973642941, 0.01780183787595795, 0.013828053022139346, 0.011898109725976597, 0.014347321759668819, 0.015296358663691183, 0.015372942754989275, 0.011877879725031964, 0.00965782141957856, 0.009190143411145414, 0.01006884160308677, 0.011777860255551088, 0.013452838977847648, 0.008630096533513197, 0.008292741394843525, 0.006927680012340064, 0.008987935334447023, 0.0099103548601234, 0.00735353392115949, 0.006332510266118967, 0.006722479233044245, 0.005959203916133198, 0.004847778319937946, 0.0064619534047971935, 0.0060417003620117, 0.0054387604338242, 0.004538572316913677, 0.004992714253417395, 0.004468340909613482, 0.004455545220671155, 0.0037018883953783828, 0.004248071494964821, 0.003930562668119121, 0.0031048853520948268, 0.0026989727343707717, 0.0035423459758347287, 0.003607571343941938, 0.004584092360972117, 0.0030131615241906127, 0.002161775211877454, 0.0019466164743687357, 0.001967555463492401, 0.0018276412257269058, 0.0019028754452677548, 0.0017513455113146246, 0.0017055031501867002, 0.0014068640184888253, 0.001533150622092546, 0.0014160873838323716, 0.0015027656734352658, 0.001442968465789469, 0.001020986936278427, 0.0012240893166235206, 0.0014179528476429217, 0.0010899965714007054, 0.0010807643020063337, 0.001231945252496019, 0.0010551168000549757, 0.0009311312379207119, 0.0013991586265989038, 0.000939948086617449, 0.0010227487458570716, 0.0010912861483485844, 0.0008795559022478405, 0.0009849766974163669, 0.0009264230275011706, 0.0008535420473543969, 0.0008443789050701539, 0.0007706004251401661, 0.0007166260330564292, 0.0007628917691784332, 0.0007228138667154376, 0.0007501022184367829, 0.0006852782022281218, 0.0007351353456552573, 0.0007603770098708513, 0.0007989541553823195, 0.0006518629994398206, 0.0006574888026321773, 0.0006325234715549021, 0.0007586041135936612, 0.0007232816357602058, 0.0006934244999179112, 0.0006502889220167667, 0.0007857532237882397, 0.0006905045762542076, 0.0006507847145425461], "train_acc": [8.292, 15.974, 21.206, 24.946, 28.686, 31.926, 34.82, 37.326, 40.172, 42.78, 45.172, 47.516, 49.92, 52.624, 54.966, 57.234, 59.902, 62.732, 64.694, 67.964, 70.402, 73.284, 76.226, 78.678, 80.486, 82.97, 85.148, 86.252, 87.846, 89.328, 89.652, 90.382, 91.066, 91.79, 92.57, 93.0, 93.484, 93.346, 94.092, 94.032, 94.83, 94.462, 94.944, 94.988, 95.052, 95.568, 95.922, 96.192, 95.804, 96.042, 96.236, 96.254, 96.442, 96.858, 96.646, 96.94, 97.05, 97.37, 97.01, 96.944, 97.492, 97.556, 97.518, 97.366, 97.344, 97.592, 97.824, 97.924, 97.858, 98.07, 97.818, 97.994, 98.414, 98.274, 98.186, 98.052, 98.434, 98.348, 98.308, 98.788, 98.502, 98.446, 98.45, 98.75, 98.788, 98.806, 98.716, 98.926, 98.914, 98.922, 98.916, 99.004, 99.044, 98.946, 99.002, 99.104, 99.054, 99.074, 99.148, 99.258, 99.258, 99.274, 99.204, 99.48, 99.454, 99.37, 99.192, 99.458, 99.536, 99.572, 99.63, 99.518, 99.402, 99.422, 99.544, 99.62, 99.688, 99.64, 99.588, 99.556, 99.654, 99.76, 99.744, 99.748, 99.672, 99.644, 99.794, 99.77, 99.842, 99.73, 99.742, 99.808, 99.844, 99.838, 99.822, 99.88, 99.812, 99.848, 99.848, 99.87, 99.864, 99.886, 99.886, 99.906, 99.888, 99.876, 99.906, 99.912, 99.894, 99.888, 99.866, 99.92, 99.932, 99.922, 99.928, 99.942, 99.942, 99.934, 99.948, 99.952, 99.942, 99.942, 99.934, 99.94, 99.964, 99.952, 99.944, 99.956, 99.934, 99.946, 99.95, 99.952, 99.948, 99.954, 99.946, 99.954, 99.952, 99.95, 99.952, 99.958, 99.948, 99.956, 99.966, 99.96, 99.96, 99.962, 99.964, 99.968, 99.954, 99.954, 99.966, 99.974, 99.978, 99.966, 99.958, 99.958, 99.968, 99.956, 99.974, 99.964],