{"epoch": 199, "batch_size": 128, "net": "resnet152", "best_acc": 64.76, "parameters": 58348708, "train_loss": [4.212389280728977, 3.478558553759094, 3.1379214449002006, 2.8911412445175677, 2.7214283900492635, 2.5967142307544915, 2.502770739138279, 2.4281809607430187, 2.3707423447952856, 2.3269827807955727, 2.280029094432626, 2.246944080533274, 2.2201776513663094, 2.1924168667220094, 2.154363874889091, 2.121395612006907, 2.1145557235268986, 2.0745126874855413, 2.058465508853688, 2.0365970259737174, 2.026505298321814, 1.988980519192298, 1.9823418928839056, 1.9559080277562446, 1.948675304422598, 1.9239309745676376, 1.9107522952282214, 1.9136546789227848, 1.896323741244538, 1.874189961596828, 1.8616267659170243, 1.8539014685794215, 1.8497579930078647, 1.8341755891395042, 1.8242522853109844, 1.8100273600014885, 1.7951787755922284, 1.791828689977641, 1.7704784836610565, 1.7639453581836828, 1.7581989243817147, 1.7392485620420608, 1.733810478768995, 1.7239785432205785, 1.7279068929764925, 1.709589178604848, 1.7015610902815523, 1.6951978831644863, 1.6933063137561768, 1.6668003767042818, 1.6516797478546572, 1.6437281010400913, 1.6396753068470284, 1.6358602187212776, 1.6306120206023116, 1.6050603612304648, 1.6053483653861238, 1.6019069791754799, 1.5778632715839864, 1.5763734280300872, 1.5602098974730352, 1.5648614951716664, 1.5338057212512513, 1.5355044115534828, 1.5272771179523614, 1.511674635245672, 1.506621300107073, 1.4871746758975641, 1.486480729659195, 1.471836006549923, 1.459884211840227, 1.4446305423746328, 1.4402183989429718, 1.432242342120851, 1.4068747614045887, 1.4047973822144901, 1.392171619950658, 1.3763947435047315, 1.3715882106205386, 1.3629049233463415, 1.3362819869499987, 1.3199246225454617, 1.3152480505006698, 1.3082445568745704, 1.2839065421267848, 1.274544368009738, 1.2614657999304555, 1.2504452191045523, 1.2335521331833452, 1.2269738214400114, 1.2058616271409233, 1.187794011877016, 1.1766482763887975, 1.1602003286256815, 1.1473454741565772, 1.1297858823900637, 1.11307428986825, 1.09877043505154, 1.0785126835488907, 1.066991617155197, 1.0479834986769634, 1.0217250274575276, 1.01745180492206, 1.0009819956691675, 0.9686837021042319, 0.9538005508120407, 0.9276486566609434, 0.9314846526021543, 0.8985548374597984, 0.8980204301417026, 0.8502822218038847, 0.8474686854635664, 0.8259410456470822, 0.8054688868620207, 0.7740201058290194, 0.7694749556234121, 0.7428649942893202, 0.7249729179817698, 0.70218530754604, 0.678779469960181, 0.6635658198305409, 0.6512170242683967, 0.6316287871211996, 0.6152338441985342, 0.584581137084595, 0.5688671875945137, 0.5645126062433433, 0.5109779931166593, 0.5145022506299226, 0.48357323116963474, 0.47322273498301004, 0.4483067839194442, 0.4226634839306707, 0.4175915083159571, 0.3909588507602892, 0.36393639193776317, 0.3556086476272939, 0.3510551612319239, 0.3260576623251371, 0.30326251487445344, 0.26609207209571245, 0.27233443786497313, 0.2638183193819602, 0.2298586600843598, 0.21625517190569807, 0.19711133418485638, 0.18890980871208488, 0.17247062584247125, 0.15765474750029157, 0.14197175405786167, 0.1251521013257906, 0.11060087250359833, 0.09612038768732639, 0.08854289563453716, 0.07835598997867016, 0.06405998596354671, 0.057034812081614726, 0.046058268665009755, 0.03983860111812039, 0.03395474504184007, 0.028843737400286947, 0.02375358734232233, 0.02206973556329108, 0.018771681455833376, 0.015944680149007177, 0.014491500219811335, 0.013800823438169478, 0.012549763855040835, 0.011695832103405081, 0.01119116965033438, 0.010348035878909137, 0.010520619446830944, 0.009992968599500178, 0.009543429430135909, 0.009537527204283972, 0.009073428246323638, 0.009099072963118439, 0.00911132957848251, 0.008570547982016603, 0.00874759615077387, 0.008537752833693762, 0.00867191617808226, 0.008436826924743403, 0.008203117851563312, 0.008138363688464855, 0.008085768759164893, 0.007892925085028266, 0.007810664358441634, 0.007966122338715036, 0.007854075580740066, 0.007962099708797759, 0.007964129213724866, 0.0077655567558925324, 0.0077803655851470385, 0.00789549317368118, 0.007733050520029252, 0.0076494038282462476, 0.007544072275824102, 0.007750509825446989, 0.0076925147353383285], "train_acc": [7.546, 16.472, 22.246, 26.792, 30.122, 32.558, 34.516, 36.306, 37.444, 38.486, 39.554, 40.056, 41.036, 41.37, 42.258, 43.058, 43.276, 43.938, 44.312, 44.658, 45.298, 45.868, 45.884, 46.548, 46.56, 47.658, 47.952, 47.554, 48.128, 48.672, 48.772, 49.234, 49.07, 49.426, 49.662, 50.164, 50.192, 50.484, 50.852, 51.044, 51.112, 51.69, 51.954, 52.016, 51.966, 52.486, 52.554, 52.81, 52.982, 53.288, 53.922, 53.902, 53.722, 54.2, 54.256, 54.754, 54.838, 54.9, 55.468, 55.464, 55.806, 55.716, 56.292, 56.378, 56.466, 57.076, 57.152, 57.61, 57.828, 57.76, 58.312, 58.612, 58.71, 58.936, 59.57, 59.736, 60.096, 60.686, 60.614, 60.7, 61.378, 61.754, 61.636, 62.012, 62.604, 62.934, 63.252, 63.854, 63.864, 64.048, 64.606, 64.958, 65.308, 65.892, 66.072, 66.456, 66.936, 67.358, 67.838, 68.304, 68.614, 69.468, 69.532, 69.798, 71.008, 70.978, 72.122, 71.804, 72.572, 72.814, 73.932, 74.282, 74.684, 75.246, 76.112, 76.328, 77.062, 77.598, 78.324, 79.048, 79.424, 79.736, 80.094, 80.698, 81.946, 82.31, 82.326, 84.098, 84.024, 84.968, 85.19, 86.24, 86.85, 87.16, 87.952, 88.63, 88.97, 89.088, 89.834, 90.78, 92.084, 91.67, 92.106, 93.146, 93.656, 94.288, 94.524, 95.138, 95.626, 96.068, 96.65, 97.082, 97.598, 97.808, 98.168, 98.6, 98.79, 99.158, 99.286, 99.452, 99.542, 99.682, 99.688, 99.776, 99.858, 99.866, 99.882, 99.9, 99.912, 99.92, 99.922, 99.918, 99.92, 99.932, 99.946, 99.942, 99.936, 99.946, 99.944, 99.93, 99.944, 99.94, 99.948, 99.95, 99.944, 99.964, 99.966, 99.956, 99.954, 99.958, 99.952, 99.954, 99.96, 99.962, 99.956, 99.95, 99.968, 99.968, 99.948, 99.972],