{"epoch": 199, "batch_size": 128, "net": "resnet50", "best_acc": 64.8, "parameters": 23712932, "train_loss": [4.324918558530491, 3.5821240734871087, 3.239661167954545, 2.9899000103211466, 2.7942764838333325, 2.6665685335388574, 2.5788657988428763, 2.5076214511071324, 2.4383721354672367, 2.3838789304504004, 2.3362399934197935, 2.3047846287412717, 2.266849221780782, 2.2190584319326883, 2.1916733827737285, 2.163217759193362, 2.1335058898267234, 2.0943901700436918, 2.0879174467852657, 2.0661061499124904, 2.0424528914644284, 2.0180305675472443, 2.001058507758333, 1.9864036811282262, 1.9543651071046015, 1.9498009489625312, 1.93900538009146, 1.9306792670198718, 1.905954181385772, 1.9054282126219377, 1.894608410118181, 1.8717831732976773, 1.8610150378073573, 1.8559085831922644, 1.8452576121405873, 1.8285033968098634, 1.8178541809701554, 1.8075995051952274, 1.7977849876179415, 1.7803176510364502, 1.77944282558568, 1.7633794607103939, 1.76192539671193, 1.7408067314216242, 1.7403190599378113, 1.7279929020215787, 1.7226190606651404, 1.7142320103047755, 1.6979949312746678, 1.697511295528363, 1.6761233330992482, 1.6730028531130623, 1.6626882104922438, 1.664958213906154, 1.6433929329942865, 1.6378803914770141, 1.6257390826559432, 1.6215916051889014, 1.611955188119503, 1.603504458351818, 1.597214323480416, 1.58544188417742, 1.5700292825089086, 1.5703038718084545, 1.5509921010497891, 1.5419124252046161, 1.5253793473743722, 1.5175229024399273, 1.5067294156155013, 1.5035494834260867, 1.48785179228429, 1.4805590941777924, 1.4674237807998267, 1.461408557184517, 1.447113288028161, 1.4443094681595903, 1.417433359433928, 1.410652923157148, 1.393744713814972, 1.3749359879652252, 1.378694252742221, 1.355193990575688, 1.335845373475643, 1.3333437307106564, 1.3265310551809228, 1.3049399666773998, 1.2864028799259448, 1.277153596548778, 1.2733122800927028, 1.2556351694609502, 1.2400692919331133, 1.217250888000059, 1.2109214623870752, 1.2031247983198337, 1.1853318583325048, 1.1694832886271465, 1.1552637909989223, 1.1259151622462455, 1.116682197431774, 1.1054455115057318, 1.0820144509415492, 1.0729691415186733, 1.0696233677132356, 1.03501613198034, 1.0219222034334832, 1.0000611496398517, 0.9806879428036682, 0.9749848168829213, 0.9428104093617491, 0.9273171048335103, 0.9166691230081231, 0.8995470244561314, 0.8590878492121197, 0.8539680047413273, 0.8364638613008172, 0.8112690335192034, 0.8041225655761826, 0.7741723388357236, 0.7469073733710268, 0.7398316410496412, 0.7179668939022152, 0.6972120642052282, 0.6802509234994268, 0.6451124149515196, 0.6307800233059222, 0.6162108315531251, 0.5837934144470088, 0.5793994139984745, 0.5552576908370113, 0.5368551478513977, 0.5135105914243346, 0.4956831630995816, 0.4699959681771905, 0.45609084972182806, 0.4425235960032324, 0.4197764621137658, 0.38724229117031295, 0.37055782333511833, 0.3588134755411416, 0.33456080618416867, 0.32865217785396234, 0.31125794732204787, 0.30406142580692114, 0.27034689093489783, 0.24698021249545504, 0.21936761256297835, 0.20906754188677845, 0.2073565663584053, 0.19652197740571883, 0.18084327426865277, 0.15352544173255295, 0.14360538425157443, 0.1305971331322742, 0.11165152601611888, 0.09907310956236347, 0.09086141308478991, 0.07492305893841607, 0.06732413457120623, 0.06052092962500537, 0.047511919851765, 0.041789498782771474, 0.034990588262620026, 0.02800722645066888, 0.02570677714665299, 0.023476801143335106, 0.019401385728746195, 0.016309445984709216, 0.01553409693338682, 0.01501570379509188, 0.013538273837407836, 0.012821386184762506, 0.012283942339432133, 0.011640390407417893, 0.01144705093501474, 0.010785441238271154, 0.010750058185680748, 0.010359461412138646, 0.009765850045406223, 0.00972860339609787, 0.009732457424473503, 0.009565465028404885, 0.00942256355174648, 0.009376739295285262, 0.009136746615490608, 0.008922609930519786, 0.008838482853739768, 0.00865658108607087, 0.008763921033838749, 0.008512087094852381, 0.008361345676281263, 0.008436040855739313, 0.008583979826430074, 0.008467140733776494, 0.00831477344631577, 0.008455461373462168, 0.00842431072464875, 0.00812256565589048, 0.008128719313827621, 0.008227257043733012, 0.008341322941205386], "train_acc": [5.98, 14.424, 20.412, 24.84, 28.736, 31.216, 33.154, 34.604, 36.226, 37.096, 38.11, 38.886, 39.56, 40.274, 41.202, 41.948, 42.532, 43.434, 43.446, 44.272, 44.624, 45.134, 45.508, 45.918, 46.69, 46.706, 47.102, 47.14, 47.7, 47.624, 48.042, 48.662, 48.788, 48.936, 49.2, 49.714, 49.982, 49.956, 50.274, 50.562, 50.768, 51.062, 51.324, 51.692, 51.62, 52.014, 52.148, 52.206, 52.48, 52.564, 53.274, 53.132, 53.19, 53.386, 54.014, 54.064, 54.164, 54.604, 54.53, 54.824, 55.002, 55.178, 55.516, 55.564, 56.1, 56.208, 56.484, 56.974, 57.178, 57.366, 57.614, 57.64, 57.86, 58.446, 58.906, 58.722, 59.374, 59.45, 59.96, 60.552, 60.41, 60.928, 61.372, 61.116, 61.508, 62.138, 62.704, 63.102, 62.892, 63.28, 63.692, 64.254, 64.38, 64.592, 65.094, 65.318, 66.046, 66.788, 66.742, 67.404, 67.768, 68.09, 68.13, 68.874, 69.512, 69.916, 70.492, 70.538, 71.606, 71.96, 72.106, 72.704, 73.868, 73.862, 74.488, 75.096, 75.456, 76.17, 76.798, 77.102, 77.808, 78.53, 79.056, 79.92, 80.3, 80.634, 81.784, 81.996, 82.7, 83.16, 83.996, 84.532, 85.304, 85.794, 86.128, 86.814, 87.958, 88.532, 88.862, 89.662, 89.76, 90.426, 90.784, 91.79, 92.528, 93.66, 93.894, 93.986, 94.29, 94.846, 95.69, 96.02, 96.388, 97.11, 97.476, 97.732, 98.278, 98.51, 98.692, 99.108, 99.202, 99.41, 99.588, 99.636, 99.696, 99.788, 99.862, 99.854, 99.844, 99.868, 99.91, 99.894, 99.914, 99.932, 99.916, 99.922, 99.932, 99.938, 99.93, 99.938, 99.936, 99.932, 99.928, 99.938, 99.952, 99.94, 99.944, 99.954, 99.956, 99.968, 99.958, 99.94, 99.954, 99.96, 99.964, 99.948, 99.962, 99.958, 99.96, 99.95],