{"epoch": 199, "batch_size": 128, "net": "resnet101", "best_acc": 64.88, "parameters": 42705060, "train_loss": [4.282697173945435, 3.5455365248043518, 3.211663111396458, 2.959769547138068, 2.773658755490237, 2.6501640456411844, 2.5564137328311305, 2.4814969822573847, 2.40452409247913, 2.36043175803426, 2.3103212666938373, 2.2714705973330056, 2.231603412067189, 2.2019448655340677, 2.1678828110780253, 2.141768601544373, 2.1091759793288873, 2.085385955812986, 2.067845888759779, 2.040239910335492, 2.0213355890015507, 1.9991128944679903, 1.9971046045308223, 1.9818370448963722, 1.9581464431474886, 1.9464754411936416, 1.9325033871414106, 1.9148853023338805, 1.9111110036025571, 1.8911524761058485, 1.876233103025295, 1.8749561453109507, 1.86129002497934, 1.851004788028005, 1.833475266271235, 1.8282134042066687, 1.8141177160965511, 1.806285294425457, 1.7932402849807154, 1.7974996682628037, 1.782706167996692, 1.7646080859176947, 1.751932349656244, 1.7518254433141645, 1.7368547892021706, 1.71903218546182, 1.7204612408147748, 1.7160191276799077, 1.704839467392553, 1.7005241392823436, 1.6806698095463122, 1.676677726723654, 1.6621192529073456, 1.6569372811890624, 1.6480961955721727, 1.6414291797696476, 1.6276999873578395, 1.6049523768217668, 1.619392397458596, 1.5996579819018273, 1.5943232475949065, 1.583485034420667, 1.5720257320062583, 1.5621150710698588, 1.5549290853997935, 1.5271014216001078, 1.5308392425937116, 1.5262644793981177, 1.5001738065343988, 1.5035183066907136, 1.5018232030331935, 1.4913242198622134, 1.46570941950659, 1.4423242978122839, 1.450540852058879, 1.435544346909389, 1.4209736535311355, 1.4014073896895893, 1.3984016719681527, 1.3877514071781616, 1.3771957939543078, 1.352307713854953, 1.3542065399382122, 1.3360986948927955, 1.3189483719408666, 1.307998228560933, 1.3080084583033686, 1.2771104761706593, 1.2635766016247938, 1.2505680722043948, 1.2462122417471904, 1.2348036761479, 1.211156386853484, 1.195208736392848, 1.1818045476818329, 1.1677929429751832, 1.1516427829137543, 1.1395465969429601, 1.1090308368358466, 1.1050902871829469, 1.0765445936671303, 1.0795116836152723, 1.0521511793746363, 1.0368021266234806, 1.0255811333351428, 0.9984855257031863, 0.974695786033445, 0.9627634680179684, 0.9374045407985483, 0.9248695051883493, 0.9035992884574948, 0.8910303490850932, 0.8729924776822405, 0.8489308534833171, 0.8254069568555983, 0.827344538839272, 0.7971097635643561, 0.7645049721688566, 0.7468092664123496, 0.7270498170572168, 0.7141850721805602, 0.6948937887273481, 0.6639317131560781, 0.6675181830935466, 0.6315881910226534, 0.6177634512219587, 0.591351589202271, 0.5682244955578728, 0.549760695156234, 0.5338126835996843, 0.515652115311464, 0.4957061819636913, 0.4707271608397784, 0.4625887072375973, 0.44270433020561245, 0.3995920686084596, 0.4011890760163212, 0.37445311587484903, 0.35133489143208163, 0.33700069807984334, 0.325865061005668, 0.300840435049418, 0.2813591682888053, 0.2681971682459497, 0.25141442793866864, 0.2321265200748468, 0.21752845806538906, 0.2000099318792753, 0.194610094246657, 0.18031170445939768, 0.15524976590024236, 0.14061994706768818, 0.12588843743285866, 0.1162035962009369, 0.1046232182694518, 0.09452149218610485, 0.07107979570374921, 0.06592745236252122, 0.057956446967352075, 0.044996533981140924, 0.04136932266833227, 0.034087139412836955, 0.030050783758730534, 0.02565448679258604, 0.021281716728206636, 0.0204170475847295, 0.01861435906423251, 0.016205211875059872, 0.01523990758820949, 0.014162773161631106, 0.013457962164126546, 0.013158342304408474, 0.012175107568912113, 0.012101330764620277, 0.01122075585943773, 0.011246151843434558, 0.01028589764252648, 0.01009952726766772, 0.009658965964556274, 0.009628117577556302, 0.009613381156845548, 0.009581272106836824, 0.009389021719717765, 0.009307801440034224, 0.0089507157595166, 0.008901086762128278, 0.008885128721308982, 0.008898510384466261, 0.008484543749557621, 0.00868619389146033, 0.008734310047029306, 0.008699409873284342, 0.008487350701609307, 0.008491188543789146, 0.008319675496033848, 0.008346697166704994, 0.008467282288853089, 0.008276814769934434, 0.008453136161112648, 0.008795468531467992], "train_acc": [6.422, 15.134, 20.954, 25.744, 29.374, 31.768, 33.61, 35.084, 36.5, 37.712, 38.602, 39.614, 40.344, 41.104, 41.814, 42.262, 43.378, 43.522, 43.886, 45.022, 44.994, 45.49, 45.79, 45.66, 46.532, 46.736, 47.054, 47.558, 47.734, 48.026, 48.586, 48.758, 48.756, 49.278, 49.688, 49.426, 49.914, 49.96, 50.396, 50.174, 50.59, 51.05, 51.272, 51.348, 51.69, 51.924, 52.072, 52.322, 52.458, 52.612, 52.768, 53.224, 53.132, 53.656, 53.698, 54.018, 54.6, 54.47, 54.538, 54.892, 54.998, 55.274, 55.648, 55.912, 56.008, 56.762, 56.784, 56.71, 57.338, 57.266, 57.256, 57.51, 58.168, 58.738, 58.558, 58.92, 59.314, 59.44, 59.376, 60.046, 60.3, 61.152, 60.998, 61.426, 61.538, 61.944, 62.158, 62.928, 63.256, 63.438, 63.404, 63.832, 64.172, 64.848, 65.27, 65.43, 65.98, 66.348, 67.092, 67.248, 67.844, 68.072, 68.562, 68.912, 69.15, 70.018, 70.614, 70.862, 71.64, 72.162, 72.494, 73.176, 73.182, 73.99, 74.828, 74.514, 75.48, 76.468, 76.878, 77.62, 77.826, 78.398, 79.45, 79.288, 80.54, 80.748, 81.536, 82.392, 82.866, 83.284, 84.016, 84.624, 85.3, 85.516, 86.214, 87.594, 87.522, 88.484, 89.142, 89.544, 89.87, 90.9, 91.426, 91.862, 92.438, 93.154, 93.59, 94.034, 94.35, 94.942, 95.686, 96.15, 96.58, 96.936, 97.3, 97.758, 98.378, 98.548, 98.754, 99.188, 99.262, 99.454, 99.56, 99.662, 99.756, 99.75, 99.792, 99.854, 99.854, 99.872, 99.884, 99.876, 99.91, 99.9, 99.92, 99.902, 99.946, 99.928, 99.944, 99.932, 99.936, 99.93, 99.96, 99.938, 99.95, 99.956, 99.956, 99.954, 99.96, 99.954, 99.964, 99.952, 99.958, 99.95, 99.972, 99.962, 99.96, 99.958, 99.952, 99.94],