{"epoch": 199, "batch_size": 128, "net": "vovnet57a", "best_acc": 66.81, "parameters": 35717796, "train_loss": [4.1637036385743516, 3.7846594094620336, 3.5418914553454464, 3.3317778092211165, 3.1353022161956945, 2.9994086841183245, 2.8521628148110625, 2.714087721636838, 2.5499178582750015, 2.4049091976316994, 2.292290967443715, 2.201180136417184, 2.1045669524565986, 2.02647347889288, 1.932460865096363, 1.8567686166299884, 1.7832085933831647, 1.7173060437907344, 1.6555079023551453, 1.5934767744425313, 1.5447756125189154, 1.486977630564014, 1.4297531350799229, 1.3962596568000285, 1.3346314756461726, 1.2965149455668066, 1.252568706679527, 1.2181329547291826, 1.1736238364063565, 1.1444222994167785, 1.101506677887324, 1.0599252023660313, 1.0427971749049623, 0.9967723473563523, 0.9662322341023809, 0.9494734389702683, 0.9087150953614803, 0.8978436706621019, 0.8594765829308258, 0.8421816607875288, 0.8154967585792932, 0.7892873689646611, 0.7680619945916374, 0.7396408891129067, 0.7298094017426376, 0.7082328757514125, 0.6893097143191511, 0.6623175500146569, 0.6449490201747631, 0.6317055499004891, 0.6151269123224956, 0.5966695513566742, 0.584720144643808, 0.5654278803816841, 0.5537589184006156, 0.5429192160249061, 0.5255091236070599, 0.5138285544979603, 0.5000272126072813, 0.49763561400306194, 0.45885906900133927, 0.45220800868385586, 0.44714603959904303, 0.440508135939803, 0.43257052449466626, 0.41922358432999046, 0.3993165101617803, 0.4001378356419561, 0.39474563712201766, 0.3793279103305944, 0.3677471575453458, 0.35974566409807374, 0.3507157489085746, 0.3454893032836792, 0.3279604614543183, 0.33186934514881095, 0.3192046749241212, 0.3022202233524274, 0.3089925811037688, 0.2867013584546116, 0.2937706472052028, 0.2748328441434809, 0.2745340525951532, 0.2756319810133761, 0.26165415958294175, 0.2518389787515411, 0.243315664627363, 0.2435073871403704, 0.2355381009142722, 0.2249339880883846, 0.23072564944891674, 0.22223550043142665, 0.20998120732853176, 0.2100312185218877, 0.207757325218919, 0.1959652708333624, 0.19074089145835707, 0.18844202166551824, 0.18141533623990194, 0.18054274431503642, 0.17846069074309695, 0.17577558949284847, 0.15925081788807574, 0.1575898093259548, 0.16013126163874442, 0.15394219797095068, 0.13816262127074133, 0.14355896288514747, 0.1449700609001967, 0.13635868340959328, 0.1316402336472974, 0.12975614998118043, 0.12347114442483238, 0.1220764845914548, 0.11330298157146824, 0.11602834930352847, 0.11612106795849093, 0.10390575848462637, 0.09811327713625052, 0.10716869324788718, 0.10012008614190247, 0.09253506143065289, 0.08614215148074547, 0.09020780348707266, 0.08358751446046793, 0.07738520183822002, 0.072310021475834, 0.07587205464034663, 0.0744835787388446, 0.07201974266601721, 0.06944485456990007, 0.07096901576122855, 0.061533947908760184, 0.06679656200796899, 0.05485606021450266, 0.0540495168374818, 0.05033602540517021, 0.0469127521419045, 0.052716630582442824, 0.04826115611630975, 0.04378046206844127, 0.04315505113245448, 0.04170328427208564, 0.04011835624961673, 0.037339367644737484, 0.03566330394712384, 0.036335696450784764, 0.0324308060424026, 0.028342019660574626, 0.025735512109058896, 0.02616441829988728, 0.0243088488176446, 0.027074902891562513, 0.024826792440951213, 0.022722382638234253, 0.021938664958957594, 0.01905543334416502, 0.018305940890882423, 0.01800655476648308, 0.01869308021675219, 0.016583176806260643, 0.016270822341627706, 0.014086258672255204, 0.014209083086886036, 0.013617584838524766, 0.010888683172883681, 0.01028823613634576, 0.010576126151992118, 0.010326372290341555, 0.009270973890871548, 0.008638435541360361, 0.009346609325212179, 0.008220837606415463, 0.007219982836359774, 0.0067794485528425786, 0.007565594681561269, 0.00656716466848286, 0.006690461491651433, 0.006314584401735674, 0.005855383906651007, 0.0054601816120474125, 0.005194289715114452, 0.004062642050964182, 0.004862114873817762, 0.0043408249496602, 0.004806020008900282, 0.004315121743730996, 0.004269782619726787, 0.0046499887684314295, 0.003844878603102844, 0.0037577263764900695, 0.003155264515004566, 0.00333928444332046, 0.003766077326621403, 0.0038091980245472303, 0.0036754063431077098, 0.0032102725470957855, 0.003372389159169491, 0.0032879627602117713, 0.0036990839864134485], "train_acc": [5.32, 10.558, 14.33, 17.756, 21.4, 23.436, 26.626, 29.194, 32.344, 35.442, 37.916, 40.05, 42.318, 44.154, 46.496, 48.238, 49.962, 51.612, 53.402, 54.786, 56.058, 57.586, 58.854, 60.086, 61.208, 62.47, 63.708, 64.422, 65.598, 66.534, 67.336, 68.348, 69.158, 70.248, 71.144, 71.496, 72.686, 72.746, 73.958, 74.262, 75.256, 75.888, 76.662, 77.344, 77.842, 78.186, 78.682, 79.43, 80.14, 80.262, 80.778, 81.362, 81.704, 82.274, 82.596, 82.948, 83.524, 83.89, 84.302, 84.14, 85.478, 85.65, 85.732, 86.074, 86.076, 86.768, 87.292, 87.276, 87.378, 87.836, 88.198, 88.578, 88.712, 88.968, 89.538, 89.41, 89.842, 90.144, 90.158, 90.814, 90.618, 91.276, 91.294, 91.088, 91.602, 91.826, 92.058, 92.192, 92.312, 92.854, 92.514, 92.852, 93.21, 93.276, 93.24, 93.732, 93.8, 93.976, 94.12, 94.284, 94.256, 94.4, 94.786, 95.026, 94.878, 95.084, 95.544, 95.46, 95.218, 95.54, 95.772, 95.85, 96.096, 96.026, 96.39, 96.356, 96.22, 96.65, 96.918, 96.602, 96.832, 97.038, 97.234, 97.16, 97.354, 97.502, 97.764, 97.526, 97.646, 97.716, 97.796, 97.818, 97.98, 97.83, 98.266, 98.296, 98.344, 98.52, 98.292, 98.494, 98.584, 98.642, 98.65, 98.662, 98.862, 98.92, 98.872, 98.996, 99.09, 99.168, 99.152, 99.23, 99.138, 99.216, 99.304, 99.298, 99.41, 99.416, 99.4, 99.404, 99.484, 99.468, 99.548, 99.56, 99.568, 99.668, 99.7, 99.658, 99.658, 99.726, 99.746, 99.718, 99.76, 99.764, 99.78, 99.766, 99.796, 99.782, 99.794, 99.82, 99.794, 99.846, 99.89, 99.848, 99.864, 99.846, 99.866, 99.888, 99.85, 99.874, 99.884, 99.904, 99.894, 99.888, 99.882, 99.892, 99.912, 99.884, 99.9, 99.878],