{"epoch": 9, "batch_size": 32, "net": "efficientnet_b0", "best_acc": 56.07, "parameters": 5288548, "train_loss": [2.1410221965817864, 1.7513023518783803, 1.6093129787548794, 1.518720880427272, 1.4653372845051766, 1.4081489402593441, 1.3452948829872975, 1.5779585016513589, 1.5544373455218452, 1.474278646749483], "train_acc": [22.44, 33.936, 40.642, 44.602, 46.828, 49.028, 51.456, 43.068, 43.274, 46.686], "test_loss": [1.8173405611515046, 1.5779317140579223, 1.4906422042846679, 1.3726170897483825, 1.3636096286773682, 1.2810729849338531, 1.213390588760376, 1.535061330795288, 1.4205567860603332, 1.361368260383606], "test_acc": [34.14, 42.01, 45.74, 50.54, 50.83, 53.59, 56.07, 45.74, 48.76, 51.63], "image_size": 32}