{"epoch": 199, "batch_size": 128, "net": "CompressionNet_small", "best_acc": 88.23, "parameters": 716010, "train_loss": [1.668428519497747, 1.299354131569338, 1.1240519041295551, 1.0066347242621205, 0.9241288789093037, 0.8722371643461535, 0.8287625145119475, 0.7841252318733488, 0.7524441593443342, 0.7295106129573129, 0.7012005962069382, 0.6722799930578608, 0.6514171117254536, 0.6374052137974888, 0.6276348533532808, 0.6031276893890117, 0.5878259049504614, 0.5849812699248419, 0.5661503139054379, 0.5455457029287772, 0.5429304234512017, 0.5349221861423434, 0.5163944288897697, 0.5144840670973444, 0.49750588982916244, 0.4878609142340053, 0.48593089030221903, 0.4752123064702124, 0.4734577874240973, 0.4572571903238516, 0.4549658498190858, 0.4422422461878613, 0.44291630810331506, 0.4255925288895512, 0.42589345067510825, 0.41704481222745404, 0.4140211026305738, 0.4027700490506409, 0.4016076839336044, 0.3912302573471118, 0.390987965761853, 0.38423919437638937, 0.3821407880853204, 0.37101779859084305, 0.37056036476436477, 0.3659481454993148, 0.36136461165554995, 0.3552158552667369, 0.35078018602660244, 0.3468154148982309, 0.34670749775436527, 0.33823023031434746, 0.33589105369032496, 0.32490086852741973, 0.3226684442032938, 0.32680098449482636, 0.32176761557836364, 0.3182571433922824, 0.3139199741051325, 0.30926373921087025, 0.3032442468130375, 0.30189528950797323, 0.3017720167746629, 0.2904223829431607, 0.28753211436902776, 0.2918439803221037, 0.2817491119551232, 0.2833172707530239, 0.2783864645092079, 0.2751042012820768, 0.2704103847255792, 0.26528313580681295, 0.2619396029492778, 0.25933369866493716, 0.25734005321550857, 0.2552902966623416, 0.25161864044492505, 0.2508522348140207, 0.24829702879614232, 0.2479714196546913, 0.24342493207939445, 0.24273926799025985, 0.23729179972958991, 0.2383463226087258, 0.2287641634683475, 0.22640472282762722, 0.22591314276161095, 0.22404356784832752, 0.22279313362925254, 0.22352926576000345, 0.22016361733074383, 0.21627785597006075, 0.21512409920811348, 0.2079015556541855, 0.20193043709411035, 0.20759014068814494, 0.2046373581032619, 0.20100137119745964, 0.19825470363697434, 0.19166757435063878, 0.18964751550684805, 0.19165712160527554, 0.1894021485658253, 0.18279058242316745, 0.1833674699220511, 0.18045123752273257, 0.1756001495568039, 0.17455929298611247, 0.17607796402729076, 0.17380108456591817, 0.17382579636962517, 0.17018918626372467, 0.16545755718179675, 0.16146453435692337, 0.1580613011022663, 0.16129129300908665, 0.15967972031639666, 0.15866563491084995, 0.1545975044503084, 0.15077778659856228, 0.1487794464258739, 0.14724588580905934, 0.14511783959348792, 0.13990980828814495, 0.1439031815475515, 0.1392573054946597, 0.1390904115936945, 0.1364231434700739, 0.13581746128742653, 0.1321445187396558, 0.12807242496086813, 0.12747745437885794, 0.12607178308279313, 0.12499958641655609, 0.12179339869552866, 0.1229817634615142, 0.11861376495807982, 0.11814455094906832, 0.11769270452449236, 0.1125923347661791, 0.1135352003147535, 0.11269390444888179, 0.11069422626815488, 0.10804989489028825, 0.10819532726998524, 0.1100722506470845, 0.10718094591823076, 0.10002741694945813, 0.10122789445397494, 0.10001512027114554, 0.1001880466271087, 0.0998832898838517, 0.09770819633875204, 0.09540856968316123, 0.09507923202155649, 0.09234070291032877, 0.09548148777231079, 0.09351496842434949, 0.09088524099429855, 0.08716425391109399, 0.08834591253524851, 0.0855448884827554, 0.08699169954108765, 0.08584025297837947, 0.08428321485800663, 0.08527630687121997, 0.08224007982255706, 0.08329506067182783, 0.08053034846492284, 0.0807091910368227, 0.07554890399994067, 0.0796367212262986, 0.07907068424517541, 0.07569358360660655, 0.07637907048720685, 0.07744211182855737, 0.07765051209465469, 0.07828470239477694, 0.07011609144337341, 0.07298607577848465, 0.0736421867109397, 0.06964838242544161, 0.07374722577269426, 0.07268004593870524, 0.07427174181622617, 0.07383786952194503, 0.07117637527434875, 0.07244398820754665, 0.07083642926743573, 0.0707944677404278, 0.07062138585835848, 0.07111663468506026, 0.06929510711308788, 0.07218020350036337, 0.07002539842692025, 0.06902471965040698, 0.0702580072967064, 0.07034470819775253, 0.06680015877337026, 0.07073304997495068], "train_acc": [38.544, 53.44, 60.16, 64.488, 67.504, 69.726, 71.222, 72.946, 74.17, 74.776, 75.936, 76.728, 77.63, 78.23, 78.462, 79.428, 79.696, 79.972, 80.54, 81.388, 81.39, 81.782, 82.506, 82.398, 82.966, 83.324, 83.468, 83.662, 83.72, 84.306, 84.208, 84.922, 84.754, 85.498, 85.262, 85.774, 85.876, 86.024, 86.282, 86.644, 86.722, 86.784, 87.068, 87.34, 87.29, 87.518, 87.602, 87.898, 87.796, 88.1, 88.082, 88.238, 88.486, 88.744, 88.896, 88.638, 89.028, 89.154, 89.174, 89.386, 89.562, 89.646, 89.766, 89.978, 90.188, 89.946, 90.268, 90.138, 90.328, 90.388, 90.798, 90.898, 91.14, 90.982, 91.258, 91.248, 91.406, 91.328, 91.488, 91.466, 91.57, 91.514, 91.908, 91.78, 91.976, 92.224, 92.166, 92.202, 92.252, 92.128, 92.418, 92.418, 92.662, 92.796, 93.036, 92.8, 92.982, 93.028, 93.064, 93.444, 93.288, 93.426, 93.494, 93.558, 93.598, 93.67, 93.856, 93.858, 93.914, 94.056, 93.96, 94.026, 94.236, 94.372, 94.416, 94.314, 94.448, 94.436, 94.628, 94.634, 94.788, 94.89, 94.868, 95.07, 94.938, 95.186, 95.064, 95.17, 95.232, 95.448, 95.548, 95.586, 95.638, 95.56, 95.632, 95.79, 95.872, 95.842, 95.884, 96.096, 96.078, 96.102, 96.094, 96.192, 96.242, 96.064, 96.294, 96.48, 96.452, 96.488, 96.528, 96.49, 96.598, 96.616, 96.704, 96.794, 96.648, 96.716, 96.93, 96.998, 96.964, 97.028, 96.978, 97.104, 97.048, 96.99, 97.15, 97.144, 97.172, 97.19, 97.338, 97.26, 97.258, 97.348, 97.324, 97.322, 97.298, 97.302, 97.682, 97.546, 97.416, 97.664, 97.416, 97.512, 97.436, 97.504, 97.59, 97.476, 97.62, 97.632, 97.576, 97.636, 97.638, 97.458, 97.626, 97.6, 97.646, 97.524, 97.714, 97.558],