{"epoch": 199, "batch_size": 128, "net": "CompressionNet_base", "best_acc": 88.75, "parameters": 1122730, "train_loss": [1.880665864785919, 1.5842246372071678, 1.4403838202776507, 1.3160716636711374, 1.208428312293099, 1.1459768237665182, 1.0947702825831636, 1.056869249057282, 1.0314568278124876, 0.988982516633885, 0.9764966928135709, 0.9547922117325961, 0.9384038795900467, 0.9128377318687146, 0.9168083641840064, 0.9004433559029913, 0.8875569632596068, 0.8735112890867931, 0.8721631914758317, 0.858386729074561, 0.8517342609212831, 0.8308323903766739, 0.8324307642324501, 0.832667044361534, 0.8202491538299014, 0.8311225907576968, 0.8083992063846734, 0.8051938563966385, 0.8035146860058046, 0.7944990298937044, 0.7883880289314348, 0.7929053966651487, 0.7914683533751447, 0.7843054912584212, 0.7671028820754927, 0.7646710752221324, 0.7705090186175179, 0.765314180375365, 0.7674157660635536, 0.7587006271952559, 0.7565035175179582, 0.7510604269211859, 0.7456007061711968, 0.7395286098160707, 0.7354716550358726, 0.7329867248187589, 0.7344274969052171, 0.7312962812993228, 0.7231003349394445, 0.726701653826877, 0.7184647174594957, 0.7198160137514324, 0.7253892218212947, 0.7150361690374897, 0.7105127089011395, 0.7183845946398537, 0.7047025518649069, 0.6967043263832932, 0.6950040274416395, 0.6943056267088331, 0.7018776694527062, 0.688869768015259, 0.686042414449365, 0.6805478838246192, 0.6846053123169238, 0.6780718687702628, 0.6755712165704468, 0.6705745484517969, 0.6705289351970644, 0.6668432745177423, 0.6684641831213861, 0.6596473018684046, 0.6506075304182594, 0.6560769861616442, 0.6416023902575988, 0.654877594212437, 0.6392641839621317, 0.6348502883673324, 0.6265477676068425, 0.636976314246502, 0.6332808101878447, 0.6294004302043135, 0.6286670387248554, 0.6294752188655727, 0.6092138038876721, 0.6122831158778247, 0.6119274420811393, 0.5984448641919724, 0.6100135163577927, 0.5980397012380078, 0.596858551968699, 0.5955588703265275, 0.58618253156962, 0.5787507699578619, 0.5786719578306389, 0.5762911366532221, 0.5750107797210479, 0.5732875472444403, 0.5614774961910589, 0.5732222107212867, 0.556947582594269, 0.5562367671743378, 0.5504654418781895, 0.536591238073071, 0.5421011296989363, 0.5344063427747058, 0.5296308123089774, 0.5329999905413069, 0.5199673354168377, 0.530265785467899, 0.5213549118822493, 0.515948624409678, 0.5086621775499085, 0.5045796057299885, 0.49717798829078674, 0.5007018680920077, 0.4900369231810655, 0.48728488534307846, 0.4790524310620545, 0.484357063575169, 0.4765481098228708, 0.4716542591066921, 0.46709106424275565, 0.45835183252154105, 0.4647878459499925, 0.4555390224889721, 0.4499156207532224, 0.451904413569004, 0.44169390201568604, 0.4343145825064091, 0.4346552277007676, 0.42841362861721105, 0.4193049875442939, 0.41697669760955264, 0.4135922148175862, 0.40992462372078614, 0.40709769371372967, 0.397544637436757, 0.40006761310045674, 0.3900763785747616, 0.38475261407587535, 0.3767942775545828, 0.37584388099820415, 0.3698631047516528, 0.36863392888737456, 0.36150946752037233, 0.3557229972327762, 0.350326132972527, 0.3435192906566898, 0.33217143360763557, 0.33096926920401776, 0.3285316446476885, 0.32633058414282395, 0.32099105303397263, 0.3156818804304923, 0.30923776202799413, 0.3011905926344035, 0.29910768694280054, 0.2933359281028933, 0.2850848756292287, 0.28328076378463785, 0.2760623085224415, 0.27384288454680794, 0.2678350367776268, 0.26495475146700354, 0.2559674602487813, 0.2495132649455534, 0.2474218556643142, 0.2401999476963602, 0.2293538631837996, 0.2299823070997777, 0.2253817091588779, 0.22359758867022325, 0.21774336085904894, 0.2089988620727873, 0.20449009886406877, 0.20051879443399742, 0.19684382848193882, 0.19249347538289513, 0.18521670135848053, 0.18135371432661096, 0.1770126344278798, 0.17300825528895764, 0.17162761842960592, 0.16418000750834374, 0.15950128454190995, 0.15618222644147667, 0.15725003075226188, 0.1543789629531486, 0.15065941829091448, 0.1488439002362511, 0.14798516069379303, 0.1454579411812908, 0.1443555850888152, 0.1383521563333014, 0.13982755211574951, 0.14150049681286983, 0.14223439407432475, 0.1380071169637201, 0.13763553455776875], "train_acc": [30.024, 41.904, 47.896, 52.53, 57.162, 59.606, 61.7, 62.906, 64.276, 65.478, 66.098, 67.082, 67.852, 68.79, 68.59, 69.118, 69.68, 70.472, 70.59, 70.852, 71.182, 72.076, 72.04, 71.868, 72.394, 72.096, 72.968, 73.13, 72.8, 73.37, 73.468, 73.636, 73.55, 73.918, 74.33, 74.27, 74.232, 74.512, 74.352, 74.478, 74.576, 75.176, 75.002, 75.35, 75.742, 75.45, 75.536, 75.5, 75.82, 75.614, 76.15, 76.02, 75.994, 76.232, 76.294, 75.986, 76.486, 76.976, 76.76, 76.888, 76.794, 77.21, 77.286, 77.44, 77.43, 77.552, 77.66, 77.7, 77.594, 77.88, 77.914, 78.188, 78.45, 78.264, 78.684, 78.352, 78.836, 79.084, 79.062, 78.82, 79.018, 79.086, 79.166, 79.032, 79.798, 79.646, 79.478, 79.914, 79.688, 80.284, 80.162, 80.266, 81.008, 80.802, 80.732, 80.948, 81.072, 81.078, 81.158, 81.132, 81.538, 81.54, 81.818, 82.148, 82.14, 82.116, 82.56, 82.118, 82.768, 82.524, 82.506, 82.934, 83.126, 83.242, 83.508, 83.288, 83.76, 83.882, 84.212, 83.976, 84.204, 84.114, 84.352, 84.938, 84.478, 84.896, 85.132, 84.894, 85.428, 85.444, 85.588, 85.67, 86.214, 86.172, 86.196, 86.41, 86.316, 86.868, 86.628, 86.988, 87.192, 87.448, 87.592, 87.844, 87.736, 87.882, 88.102, 88.34, 88.442, 88.914, 89.032, 88.968, 89.022, 89.252, 89.422, 89.694, 90.012, 89.942, 90.228, 90.652, 90.48, 90.704, 90.764, 90.984, 91.086, 91.354, 91.64, 91.73, 91.838, 92.296, 92.224, 92.442, 92.586, 92.692, 93.026, 93.038, 93.284, 93.486, 93.538, 93.84, 93.908, 94.044, 94.21, 94.262, 94.456, 94.608, 94.76, 94.758, 94.786, 94.872, 95.028, 95.012, 95.084, 95.156, 95.396, 95.388, 95.344, 95.362, 95.454, 95.458],