{"epoch": 199, "batch_size": 128, "net": "CompressionNet_tiny", "best_acc": 86.3, "parameters": 498826, "train_loss": [1.7993871403472197, 1.480391892935614, 1.3131687174672666, 1.1900875426619255, 1.0998452711288276, 1.0299764051461768, 0.9702484080248781, 0.9304890085364241, 0.9001755926310254, 0.8662578558068141, 0.8442005333693131, 0.8126377608160229, 0.7924732209166603, 0.7752292503786209, 0.7534994627813549, 0.7434948981570466, 0.7330068442827601, 0.7026016242668757, 0.7049036797355203, 0.6884269061143441, 0.6760392304119247, 0.6645695067122769, 0.6528427052833236, 0.6485839880945737, 0.6349208027200626, 0.6260496999144249, 0.6169711506122824, 0.6035020364367444, 0.6050696952263718, 0.5949099273480418, 0.5910525007168655, 0.5818339814158047, 0.5705480753918133, 0.5656143819432125, 0.5597412753897859, 0.5582861279130287, 0.5488109000960885, 0.5381541468603227, 0.5405479005687986, 0.5270997708868188, 0.522677522867232, 0.5193308450072013, 0.5147055873785482, 0.5066633335769634, 0.5033090259412976, 0.4998637193151752, 0.4958516484331292, 0.48651943296727623, 0.48791311094370643, 0.4856045183623233, 0.4778890281229678, 0.47555724952531897, 0.47064443660514127, 0.4638186221384941, 0.4583364413369952, 0.4576648943259588, 0.44867882506012, 0.449748155596616, 0.4474652389736127, 0.4418675691422904, 0.4427359348062969, 0.4301509974557725, 0.43044484263795724, 0.4258636584900834, 0.4228429337749091, 0.4222705432825991, 0.4232610093282007, 0.40918499589576135, 0.4094388256292514, 0.40993515868930863, 0.4060571684556849, 0.4001728249404132, 0.3972273510511574, 0.3948157514300188, 0.39025451193380234, 0.38910855932156446, 0.3878352619574198, 0.3846931122910336, 0.37389552010142285, 0.3764734402718142, 0.3802926498834434, 0.3773011379229748, 0.3690194899544996, 0.3681234212406456, 0.3613775846217295, 0.35867111106662797, 0.35492602973947746, 0.3550458473470205, 0.35779786109924316, 0.3530492821465368, 0.3463619875023737, 0.3413936503784126, 0.34485146342336065, 0.34507964162722876, 0.33760075922817223, 0.33504752749982086, 0.3272910477483974, 0.3359321407649828, 0.3328760810520338, 0.3236549639183542, 0.3193684222981753, 0.3200658624586852, 0.318020400984208, 0.3166204856332306, 0.3169589092588181, 0.3136037264562324, 0.30425303154970373, 0.30483839255007333, 0.30188368973524676, 0.30272048296373516, 0.29486175849462104, 0.29441522907875384, 0.2978424761072754, 0.29498053176323774, 0.2905711814799272, 0.2845729948843227, 0.2835771037108453, 0.2849988029207415, 0.2839542455266199, 0.2793703182121677, 0.2794738147798402, 0.2781388262272491, 0.2713334981895164, 0.269608113752759, 0.2683701328837963, 0.27019838304699534, 0.2677779928459536, 0.26418652526481684, 0.2626721551427451, 0.2591347813491931, 0.2586889977154829, 0.2590670017025355, 0.25276914602883943, 0.24873507853664095, 0.24926342641758492, 0.2476876309841795, 0.246137300415722, 0.24314380722963597, 0.24173195823988952, 0.2418501997923912, 0.2408113888348155, 0.23795682738732804, 0.2380428378424986, 0.231678853159213, 0.23178958374521005, 0.23234697360821696, 0.22978461775785822, 0.22537140927427565, 0.22712555207559826, 0.22236338356876617, 0.22531156533438226, 0.219409833116757, 0.2197153677263528, 0.21669813828623813, 0.21618898658801222, 0.21544866570655039, 0.214470859778964, 0.21173382279894237, 0.2099907589156914, 0.210840009819821, 0.2114045606625964, 0.21308405811676895, 0.20790372817488886, 0.20816441918806652, 0.2043280360643821, 0.20140552600783765, 0.20431413972164358, 0.20491507783760804, 0.20068878911035445, 0.2043653001146548, 0.1992895940456854, 0.19940538128928456, 0.2003918320626554, 0.1988844276808412, 0.19720156317400506, 0.19602130930823133, 0.194473814133488, 0.19585016733773833, 0.19066091935576684, 0.19570538967542941, 0.1943893095911921, 0.19465098918780036, 0.18973053774565382, 0.19203064234360404, 0.18735162711814238, 0.19112769182761916, 0.18930548860136506, 0.19380963673753202, 0.19010414339392387, 0.19320904958964613, 0.18833443377633838, 0.18639898650786457, 0.18992692087312488, 0.1901534047082562, 0.18634190560911623, 0.1864962140884241, 0.18899406056346185, 0.19145461627284585, 0.1905010452736979, 0.1907625875585829], "train_acc": [33.598, 46.208, 53.108, 58.164, 61.462, 64.074, 66.32, 67.896, 69.052, 70.152, 70.932, 72.148, 72.966, 73.686, 74.424, 74.638, 75.088, 76.134, 76.23, 76.534, 77.214, 77.574, 77.826, 77.942, 78.514, 79.036, 79.346, 79.638, 79.504, 80.01, 80.066, 80.334, 80.8, 80.852, 81.28, 81.176, 81.512, 81.838, 81.83, 82.32, 82.43, 82.634, 82.838, 82.812, 82.858, 83.294, 83.476, 83.55, 83.596, 83.718, 84.006, 84.0, 84.254, 84.44, 84.656, 84.644, 85.024, 84.97, 85.092, 85.27, 85.052, 85.692, 85.6, 85.702, 85.774, 85.778, 85.954, 86.108, 86.134, 86.198, 86.416, 86.43, 86.612, 86.722, 86.816, 86.746, 86.99, 87.08, 87.418, 87.216, 87.288, 87.336, 87.786, 87.54, 87.772, 87.968, 88.006, 87.832, 88.006, 88.1, 88.266, 88.408, 88.314, 88.23, 88.59, 88.644, 88.918, 88.732, 88.81, 89.036, 89.07, 89.156, 89.17, 89.4, 89.372, 89.466, 89.646, 89.682, 89.678, 89.794, 89.874, 90.048, 90.022, 90.018, 90.092, 90.296, 90.37, 90.316, 90.432, 90.446, 90.714, 90.618, 90.712, 90.88, 90.9, 90.78, 91.028, 90.914, 91.102, 91.166, 91.288, 91.1, 91.52, 91.712, 91.566, 91.54, 91.678, 91.762, 91.774, 91.796, 91.84, 91.9, 91.862, 92.112, 92.244, 92.174, 92.216, 92.308, 92.292, 92.386, 92.44, 92.622, 92.532, 92.678, 92.64, 92.672, 92.734, 92.756, 92.73, 92.74, 92.802, 92.842, 92.87, 92.846, 93.06, 93.252, 93.102, 93.054, 93.212, 93.06, 93.19, 93.274, 93.08, 93.194, 93.26, 93.394, 93.396, 93.414, 93.518, 93.386, 93.338, 93.37, 93.558, 93.532, 93.594, 93.444, 93.626, 93.35, 93.564, 93.41, 93.648, 93.626, 93.538, 93.622, 93.65, 93.67, 93.58, 93.518, 93.604, 93.502],