{"epoch": 199, "batch_size": 128, "net": "CompressionNet_medium", "best_acc": 89.57, "parameters": 4271722, "train_loss": [1.8273353765687674, 1.524759654193888, 1.3725247813002837, 1.2436929043296658, 1.1599205909177774, 1.093396333934706, 1.0521934447081194, 1.0178167957174198, 0.9864551926512852, 0.9604585804902684, 0.9316504324793511, 0.9171526950338612, 0.9092814359823456, 0.8994622573523265, 0.8797940143843745, 0.860701537803006, 0.8505245087396763, 0.8560360572527131, 0.8282904166089909, 0.8306023492227734, 0.8247402699097343, 0.8116845589159699, 0.8126434015343561, 0.7912961708005432, 0.7939349772680141, 0.7817125983555299, 0.7750545084628913, 0.7673789401493414, 0.7598611473884729, 0.7571557008701822, 0.7517054677009583, 0.7490421920786123, 0.7421407459489525, 0.7395960382183494, 0.7223846148651885, 0.7230202379586447, 0.7148281740562995, 0.7153694192924158, 0.6996526727286141, 0.6994140986591348, 0.6873721918639015, 0.6933427610818077, 0.6840835792176864, 0.684205041212194, 0.6757701354106064, 0.6753313221285105, 0.680491331898038, 0.6794885914496449, 0.6558533578425112, 0.6616226991119287, 0.6617692940680268, 0.6491920419818605, 0.6471932930562198, 0.6399610199586815, 0.6495533356886081, 0.6399204894100003, 0.6359660298470646, 0.6344452966814456, 0.6329585662888139, 0.6224335462540922, 0.6222375156476979, 0.6273587771388881, 0.6043329233556147, 0.6078223819318025, 0.603878410499724, 0.6074229112976347, 0.5983697872637482, 0.6091202471567236, 0.5884944631925324, 0.5881703225395564, 0.5809183455336734, 0.5834289215257406, 0.5784551129316735, 0.5743597452445408, 0.567790939298737, 0.5703044624432273, 0.5675843648441002, 0.5665193075871529, 0.5620561426557849, 0.562214352438212, 0.5497499416246439, 0.5490218025186787, 0.5498118816739153, 0.546432005246277, 0.5441691268740407, 0.5253046092474857, 0.53050675660448, 0.5297774215183599, 0.5262419982334537, 0.520952413530301, 0.5158561586266588, 0.5091415469146445, 0.5067308475751706, 0.506563926139451, 0.4965735756985062, 0.4944753396846449, 0.4963530748701461, 0.4957121228775405, 0.4866101997130362, 0.4800763993769351, 0.4712053083092965, 0.4858144787723756, 0.4695681082013318, 0.4639508156748989, 0.4639665578942165, 0.45905451453707713, 0.45647619904764475, 0.45446356498371915, 0.43906886498336595, 0.44617794316900355, 0.43807321436264934, 0.4349720124774577, 0.43220809593682397, 0.4228282886011826, 0.4214136722447622, 0.41406890224008, 0.4106539368553235, 0.4037821281825185, 0.40603599363885573, 0.40053768558880254, 0.3967526258562532, 0.3957642976509031, 0.3864238229401581, 0.3808215504793255, 0.37799154107680405, 0.3694323870303381, 0.37073979357166975, 0.36821174438652177, 0.36562164207858505, 0.35145616634270116, 0.35080804753943784, 0.34306564492642727, 0.33758700263622166, 0.33399236278460764, 0.3245084502584184, 0.3331109517827973, 0.3262548735150901, 0.3164369121308217, 0.3087574093771713, 0.3076392051280307, 0.30010338078069565, 0.29551634733634224, 0.2909896383848032, 0.2848501274043032, 0.28123344113226134, 0.275298861057862, 0.2726511180477069, 0.2574849555178372, 0.26240571935082335, 0.2546832930401463, 0.255762670313001, 0.24552168902914848, 0.23865935917171982, 0.23179690597002464, 0.22624003990074557, 0.22492381227214622, 0.2166197596265532, 0.21469188235757297, 0.20988462800564972, 0.20453901658468235, 0.19687282445523746, 0.19030359696091897, 0.1872517483123123, 0.17879256647070654, 0.17485594280692926, 0.1695926946009059, 0.16533295272866175, 0.1598263162252543, 0.15110847381565273, 0.145884061827684, 0.14303424781964869, 0.1374251107254144, 0.13086264803433967, 0.12666754590352172, 0.12250806847611047, 0.11652112669785462, 0.1131358843468263, 0.10814069977501774, 0.1033555710178507, 0.10212675619232076, 0.09828765108666913, 0.08991998939505776, 0.08745340600876553, 0.08352766994891873, 0.08174418422210095, 0.08093886350846047, 0.075273273112562, 0.0736927996101358, 0.06970312040242012, 0.06762127825976028, 0.06619311121704481, 0.06658005320450382, 0.06382762552107997, 0.06211375736433755, 0.059356091401118145, 0.06024740028249867, 0.06002164064237224, 0.060205889315537324, 0.05954241886725435, 0.05922206673447205], "train_acc": [31.946, 44.38, 50.27, 55.518, 58.772, 61.206, 63.082, 64.504, 65.458, 66.526, 67.588, 68.396, 68.528, 68.876, 69.97, 70.28, 70.778, 70.476, 71.75, 71.676, 71.956, 72.378, 72.41, 73.118, 73.018, 73.376, 73.564, 74.01, 74.37, 74.1, 74.512, 74.674, 74.814, 75.008, 75.588, 75.474, 75.876, 75.762, 76.41, 76.4, 76.772, 76.54, 76.872, 76.996, 77.244, 77.164, 77.114, 77.21, 77.834, 77.678, 77.702, 78.348, 78.346, 78.5, 78.298, 78.422, 78.648, 78.81, 78.914, 79.1, 79.098, 79.21, 79.878, 79.622, 79.688, 79.724, 79.928, 79.662, 80.148, 80.276, 80.654, 80.262, 80.67, 80.784, 80.852, 80.816, 80.976, 81.072, 81.26, 81.152, 81.584, 81.448, 81.566, 81.596, 81.61, 82.362, 82.346, 82.126, 82.25, 82.724, 82.688, 82.776, 82.866, 82.962, 83.254, 83.41, 83.402, 83.34, 83.434, 83.652, 84.218, 83.904, 84.188, 84.368, 84.488, 84.642, 84.708, 84.828, 85.304, 84.998, 85.408, 85.278, 85.35, 85.628, 85.972, 86.092, 86.046, 86.228, 86.294, 86.594, 86.53, 86.626, 87.028, 87.12, 87.244, 87.462, 87.36, 87.556, 87.664, 87.97, 88.202, 88.42, 88.66, 88.69, 89.018, 88.642, 88.956, 89.384, 89.644, 89.588, 89.724, 89.93, 90.234, 90.354, 90.46, 90.712, 90.87, 91.208, 91.016, 91.292, 91.234, 91.688, 91.764, 92.112, 92.272, 92.264, 92.508, 92.544, 92.778, 92.96, 93.28, 93.412, 93.604, 93.914, 94.062, 94.144, 94.308, 94.458, 94.808, 94.994, 95.05, 95.298, 95.424, 95.668, 95.796, 95.954, 96.056, 96.27, 96.476, 96.446, 96.64, 96.906, 97.032, 97.166, 97.198, 97.218, 97.412, 97.498, 97.622, 97.7, 97.756, 97.79, 97.888, 97.862, 97.98, 97.932, 98.032, 98.058, 98.02, 98.02],