{"epoch": 199, "batch_size": 128, "net": "convnextv2_large", "best_acc": 84.24, "parameters": 196435210, "train_loss": [2.048447820841504, 1.5766052388779037, 1.4271691421718549, 1.3300426847794478, 1.242797959186232, 1.1596033160034043, 1.0825025707559512, 1.0081228122991674, 0.9558797347576112, 0.8886334213149517, 0.8326306785159099, 0.7853434921225624, 0.7415792666890128, 0.7082488901932221, 0.6635254874558705, 0.6321776375136412, 0.6050581435108429, 0.5720253071516676, 0.5417276509582539, 0.5165668937861158, 0.4848454395675903, 0.4631178596288042, 0.43613163357043205, 0.41514572851798115, 0.39383806844653985, 0.367643429533295, 0.349086727632586, 0.3327511318999788, 0.30843622637602985, 0.29173118339094056, 0.28095789215601313, 0.26317747388883017, 0.24624202389012823, 0.23026066704098222, 0.21894236265317255, 0.20700174638682314, 0.19419421655747593, 0.18406898172005362, 0.17783259225013615, 0.16922924596139843, 0.15932019948578247, 0.15443814728799685, 0.1433898704912504, 0.14132857881962796, 0.12815337118399722, 0.1288943972409991, 0.12099521087906549, 0.11387323179398962, 0.11135843566730809, 0.10944119997589333, 0.10556015385614942, 0.10199252411704082, 0.10052883737932539, 0.09579288118692768, 0.09117078842104548, 0.08361167211533355, 0.08356030326565285, 0.08213261469169651, 0.08282013084558422, 0.07952149899300102, 0.07197704189516546, 0.07253472070516948, 0.06741756354422902, 0.07292690982237039, 0.06495681926822457, 0.07015378070790368, 0.06094413779228163, 0.0621437002247309, 0.059317521091140905, 0.05839134438577896, 0.05456034483893029, 0.055907285511446046, 0.05253814497326627, 0.05165552845477219, 0.04979133131601812, 0.04963173550765609, 0.04624408436820025, 0.04566123949952157, 0.04543247329168822, 0.04359184145746405, 0.04002575598159314, 0.04230479614170807, 0.04343315992501976, 0.0402523246248398, 0.03683736149202008, 0.03632742300113934, 0.03608736282814761, 0.03290466025657476, 0.03543870624445398, 0.03113783782412348, 0.03250664836295959, 0.032544458766713205, 0.030806076637281063, 0.029407303576664927, 0.029619495749718908, 0.027417363440248723, 0.025964393308136106, 0.025934560159804856, 0.02596317777616184, 0.022375255214560137, 0.024638040057208408, 0.023393630535136958, 0.022051859081483414, 0.02327545899796583, 0.02235115037935064, 0.01852369595743606, 0.019255678076535235, 0.01975414736191635, 0.01900647573835214, 0.01606447363535509, 0.017699950685351847, 0.016613078785523094, 0.016533119795213352, 0.014748982150483366, 0.015319282472606444, 0.015375487432550744, 0.013905584196889979, 0.015141758424995998, 0.01121835277863609, 0.012645006974693984, 0.011647662615327313, 0.012050124495412292, 0.010857185826588022, 0.010525716378998436, 0.009210369372463492, 0.009863790025582651, 0.010187471300125947, 0.0072292714765521075, 0.008842008012292438, 0.009433939465401393, 0.008101404945114795, 0.008692448306021125, 0.0058014905039074265, 0.0054139652910753676, 0.0060394370661261835, 0.007805384311113743, 0.006480956672849503, 0.005954328872285538, 0.004179553544885554, 0.004013120348075428, 0.0049810725213598655, 0.0039370372711890434, 0.004624446828120083, 0.004298091166858327, 0.003229940507292521, 0.0036159832104838835, 0.004151349298973933, 0.004467806368463692, 0.003020471192619024, 0.003395500255834713, 0.0023440943176309473, 0.001813060504212414, 0.002618396100803258, 0.0027732312844358244, 0.0028277545870296866, 0.001667882397278238, 0.0013607463899759174, 0.0012561605485585515, 0.0011331863757997381, 0.001569323126877071, 0.0012195073606441845, 0.001039439184874527, 0.0009679433353592271, 0.0016132018410314076, 0.0007592772638783149, 0.001448036249654307, 0.0013004262221694748, 0.0006137991891356876, 0.0005670247084878339, 0.0005162278575811136, 0.0007366836966971359, 0.0003070310466510584, 0.00044513977767997586, 0.0003927981865183861, 0.00029370502507238124, 0.00021389755724637193, 0.0002777030124789258, 0.0005444059580519894, 0.0002777425051853245, 0.00036548750854552547, 0.0002588426270630851, 0.00020674021123601456, 0.00012661918035263326, 0.00017541047689826516, 0.00022325069399728754, 0.00010704669550722594, 0.00010325549484590171, 0.0002346597516860785, 0.00010879505757459455, 0.00012085351289655605, 0.00021613698060039675, 0.0001421151515216498, 0.00010535091821723322, 8.116384378169346e-05, 0.0001395045769059483, 0.0001309716760291165, 0.00029681845308644663, 0.00017957229303119165, 0.0001452675279740834, 0.0001356692966162561], "train_acc": [27.718, 42.08, 48.266, 52.016, 55.202, 58.304, 61.36, 64.088, 66.22, 68.576, 70.592, 72.36, 73.898, 75.122, 76.72, 77.64, 78.804, 79.796, 80.95, 81.784, 82.828, 83.688, 84.642, 85.288, 86.124, 87.202, 87.832, 88.32, 89.098, 89.65, 90.058, 90.81, 91.266, 91.676, 92.202, 92.758, 93.118, 93.558, 93.63, 93.992, 94.4, 94.594, 95.022, 94.972, 95.618, 95.432, 95.806, 95.9, 96.17, 96.176, 96.274, 96.376, 96.508, 96.618, 96.82, 97.1, 97.08, 97.102, 97.104, 97.228, 97.452, 97.478, 97.58, 97.434, 97.736, 97.536, 97.862, 97.826, 97.93, 97.97, 98.122, 98.094, 98.158, 98.164, 98.302, 98.286, 98.452, 98.424, 98.418, 98.492, 98.586, 98.582, 98.562, 98.656, 98.7, 98.77, 98.716, 98.89, 98.782, 98.95, 98.876, 98.838, 98.948, 99.03, 99.018, 99.096, 99.128, 99.14, 99.082, 99.262, 99.184, 99.208, 99.234, 99.192, 99.258, 99.4, 99.346, 99.304, 99.39, 99.448, 99.43, 99.412, 99.442, 99.496, 99.488, 99.5, 99.526, 99.472, 99.612, 99.546, 99.62, 99.606, 99.632, 99.666, 99.708, 99.702, 99.654, 99.774, 99.68, 99.68, 99.724, 99.726, 99.814, 99.82, 99.808, 99.756, 99.792, 99.798, 99.838, 99.87, 99.86, 99.868, 99.842, 99.864, 99.89, 99.886, 99.858, 99.84, 99.904, 99.872, 99.91, 99.936, 99.918, 99.906, 99.908, 99.946, 99.962, 99.96, 99.964, 99.956, 99.97, 99.962, 99.968, 99.956, 99.976, 99.956, 99.966, 99.988, 99.982, 99.988, 99.982, 99.994, 99.986, 99.99, 99.998, 99.998, 99.996, 99.978, 99.992, 99.994, 99.996, 99.996, 100.0, 99.996, 99.994, 100.0, 99.998, 99.994, 99.998, 100.0, 99.998, 99.998, 99.998, 99.998, 99.996, 99.998, 99.992, 99.994, 99.998, 99.996],