{"epoch": 199, "batch_size": 128, "net": "convnextv2_huge", "best_acc": 86.67, "parameters": 657500810, "train_loss": [2.461298280054956, 1.7257345765447982, 1.4985149949407943, 1.330776194172442, 1.2242483848805927, 1.0969735339779378, 0.9896800970787283, 0.8913240914454545, 0.8200804155196071, 0.7487242894099496, 0.6976939317058114, 0.6458441252293794, 0.6079056052600637, 0.5639770284790517, 0.5260226019965414, 0.49014757577415624, 0.4592379062148311, 0.4328792392826446, 0.4020481669841825, 0.3792864769849631, 0.3540306327974095, 0.3325213613679342, 0.3105213437086481, 0.29609606948578754, 0.27067296306038147, 0.25418457002057443, 0.23987802236205172, 0.22833424164434832, 0.21575396258355406, 0.20115618037102778, 0.1945028127268757, 0.18648885401999554, 0.1737414560735683, 0.16509264839046142, 0.15602398399844805, 0.1499417920303924, 0.14733946436773177, 0.13681468290403065, 0.1338701709971556, 0.12770996341848617, 0.11922335594206515, 0.11278666885536345, 0.11394195448216575, 0.10524163192228587, 0.10653884025276317, 0.09907545786246162, 0.10154273192805555, 0.09520031657079449, 0.08934388314719166, 0.08979824859448864, 0.08513196261928362, 0.08411620593751254, 0.08052400188029879, 0.07749880638802448, 0.0778584241190606, 0.07669211946704123, 0.07314603477049514, 0.07256479015754884, 0.06974499952524443, 0.06677811372968014, 0.0650310733658083, 0.06511895892584263, 0.06090961660965896, 0.06236389690719526, 0.05922193585030373, 0.05807409254367204, 0.05739289272190703, 0.053196593593863195, 0.05057976968988986, 0.05250263511610534, 0.05309505506640162, 0.04974032581552787, 0.04824290013469546, 0.046192991558005055, 0.0468490882294343, 0.046524628233450376, 0.0443076952229566, 0.04496317576138241, 0.04381159538834277, 0.040570682940690224, 0.039290321504940155, 0.04045117043180253, 0.03880438133192909, 0.03780016097385446, 0.03544021835324385, 0.034400829726763435, 0.03304330916548877, 0.03379314396065324, 0.03411599385696213, 0.03239733972759379, 0.03186131784391096, 0.03003073126688609, 0.0286660077139054, 0.031077403374804694, 0.02574308010760833, 0.029032196459846327, 0.024395297762438838, 0.026285631573804275, 0.02578825314584024, 0.025213363690270812, 0.02369800938279642, 0.023333242285432165, 0.02369283263549528, 0.02204187145820507, 0.02170038267517822, 0.02049891235794553, 0.0191574853426173, 0.019119276994895285, 0.019214552610203304, 0.018116721138328344, 0.018034360067019133, 0.01622785552782352, 0.017083398297951913, 0.01773983490349793, 0.017088972758996013, 0.014754612034338865, 0.014528977203756318, 0.012649554061339623, 0.015071412108590245, 0.014411533549588764, 0.01164909616044825, 0.012981852020092053, 0.012572117747984293, 0.012111718594410714, 0.010787619566733209, 0.010269960143280042, 0.010445295552247623, 0.010233444784040107, 0.009884817308545008, 0.00880282080648994, 0.009584170129472677, 0.009173594857551173, 0.008860191276683735, 0.007607349555164872, 0.00833368858905806, 0.006757910571010757, 0.00681990158228959, 0.006831452262920493, 0.006315267812327796, 0.005108646413864707, 0.006373233709829082, 0.005103263252186547, 0.004273178908844268, 0.005076513183234326, 0.004027281838670068, 0.004416929452839136, 0.0036391766348048997, 0.004508225514818176, 0.003747040636369402, 0.0030668471922918657, 0.0038852085866487858, 0.003545658476445555, 0.0035808858852816577, 0.0029927508943230975, 0.0022885646055777766, 0.0028990480546837154, 0.0025012924905629106, 0.0025542507653095116, 0.0018442177883781785, 0.002520439531690034, 0.0021005294966888943, 0.0017257417871766319, 0.0016724324747309117, 0.001464986184360254, 0.0017815565069378486, 0.0012184164900795587, 0.0013300517590879512, 0.0014495978120394842, 0.00110001066135635, 0.0016477338851282439, 0.001344508594043324, 0.0007346616089336721, 0.0008237023189545872, 0.0007277274688003253, 0.0007457189405155226, 0.0005455302051752573, 0.0008023518502410377, 0.0007106828153269198, 0.00046086405408674123, 0.0004014497762357299, 0.0004852518660233827, 0.00044976816163294815, 0.0004062514034070659, 0.00024255395468655543, 0.00016507162777460696, 0.00026052558030957866, 0.0001772398489683, 0.00025916006565343606, 0.0003276695192813196, 0.00010890863521160176, 0.0003529500053602528, 0.000165746162699814, 9.828350647249163e-05, 0.00037724911525398205, 0.0002181827028365674, 0.00032194050963796404, 0.00021805319330144967, 0.0003407823935486539, 0.00023745472085358153, 0.00031090944737553235], "train_acc": [20.668, 34.596, 44.994, 52.086, 56.468, 60.938, 65.038, 68.792, 70.986, 73.946, 75.73, 77.608, 78.964, 80.546, 81.812, 82.95, 84.066, 84.954, 86.23, 86.93, 87.854, 88.57, 89.318, 89.84, 90.722, 91.24, 91.786, 92.108, 92.598, 93.186, 93.314, 93.71, 94.09, 94.216, 94.62, 94.932, 94.882, 95.258, 95.372, 95.636, 95.884, 96.15, 96.05, 96.464, 96.31, 96.546, 96.406, 96.766, 96.888, 96.922, 97.1, 97.176, 97.29, 97.336, 97.358, 97.346, 97.536, 97.518, 97.622, 97.78, 97.83, 97.768, 97.89, 97.896, 97.958, 98.076, 98.038, 98.208, 98.254, 98.18, 98.12, 98.328, 98.334, 98.412, 98.396, 98.42, 98.476, 98.48, 98.524, 98.664, 98.67, 98.61, 98.64, 98.742, 98.8, 98.78, 98.926, 98.85, 98.822, 98.892, 98.92, 98.992, 99.018, 98.974, 99.118, 99.002, 99.196, 99.096, 99.128, 99.132, 99.206, 99.184, 99.186, 99.244, 99.21, 99.308, 99.38, 99.396, 99.36, 99.424, 99.406, 99.474, 99.418, 99.402, 99.392, 99.522, 99.53, 99.542, 99.496, 99.492, 99.602, 99.584, 99.56, 99.574, 99.656, 99.656, 99.63, 99.634, 99.654, 99.694, 99.67, 99.704, 99.698, 99.754, 99.746, 99.776, 99.778, 99.772, 99.786, 99.812, 99.788, 99.82, 99.85, 99.836, 99.858, 99.854, 99.896, 99.846, 99.882, 99.886, 99.856, 99.884, 99.882, 99.886, 99.922, 99.902, 99.914, 99.926, 99.938, 99.916, 99.934, 99.95, 99.956, 99.954, 99.94, 99.958, 99.968, 99.97, 99.964, 99.952, 99.952, 99.976, 99.982, 99.978, 99.968, 99.986, 99.974, 99.98, 99.984, 99.988, 99.98, 99.988, 99.99, 99.99, 99.998, 99.994, 99.996, 99.994, 99.988, 99.998, 99.988, 99.994, 99.998, 99.986, 99.992, 99.986, 99.994, 99.99, 99.994, 99.994],