{"epoch": 199, "batch_size": 128, "net": "convnextv2_nano", "best_acc": 74.92, "parameters": 14989210, "train_loss": [1.7972534833966618, 1.54553790836383, 1.406947749350077, 1.3317768503637875, 1.2559034463084873, 1.1872564369760206, 1.1270928402690936, 1.069344748164077, 1.0179531307476561, 0.9698434597086114, 0.9229256710432985, 0.875900928931468, 0.8305672623617265, 0.7874397969306888, 0.7391352831860027, 0.6996718884429054, 0.6577046069952533, 0.6155933838366242, 0.5694939020039785, 0.5322418553597482, 0.48833815894468363, 0.4514039699226389, 0.4046454368649846, 0.3661420896382588, 0.32559834428303075, 0.3000214158192925, 0.2691814872767309, 0.24865225561515755, 0.22047599184010036, 0.19807912826614307, 0.18444720457505692, 0.17349323146331036, 0.15973389163956314, 0.14876499388109693, 0.14833951744315266, 0.13117386140119847, 0.12914155083029624, 0.11981617639322414, 0.11383359394300624, 0.10844316900900715, 0.10212288751169239, 0.1019905400736367, 0.10245369827789266, 0.09263637776741439, 0.08600677944757902, 0.08210281529666288, 0.08356447990440652, 0.08548307793019601, 0.07882524008774544, 0.07255219223211183, 0.07257432809404438, 0.07414514822480471, 0.06693014312807061, 0.06865160963009767, 0.06439389600216047, 0.062435637452089424, 0.06536662802719476, 0.05316338019059671, 0.05792821340186669, 0.0560424165654918, 0.05576578761829668, 0.05159288363011978, 0.05484733976128385, 0.04822702988889307, 0.05340805878896085, 0.0466594253499966, 0.04716266262228303, 0.042412469583346754, 0.04543405949778836, 0.0447679662575607, 0.04469569260373597, 0.04056872921886251, 0.038294531870633364, 0.03614976215164375, 0.03425598908406313, 0.04065749309171001, 0.0338708762653515, 0.03784106363890135, 0.03186339214878857, 0.03248399075971026, 0.03248009478489933, 0.032499628188267175, 0.030784557409146252, 0.03156961863288832, 0.028952216173943772, 0.03315836244323493, 0.02462930806205058, 0.023919093267470503, 0.02640383028904038, 0.026315454635090288, 0.021430257338937612, 0.024657277307589837, 0.027171203341689962, 0.022729548197799383, 0.02414848408489095, 0.01866258333189725, 0.019879983136486357, 0.01955117316685243, 0.020778073674982505, 0.018109351936358566, 0.016978558737000382, 0.02017688300029453, 0.01843332053604893, 0.016259191875004204, 0.014625267979353691, 0.017581103137432885, 0.012090597145483875, 0.016429484052800328, 0.015940582294545858, 0.012873133378954309, 0.015700366629017852, 0.013654995802923908, 0.01313584044409256, 0.010618899497525085, 0.010089588649880589, 0.01390803767287213, 0.010291950846992462, 0.009427925746198959, 0.007274047588742555, 0.011895120857269181, 0.01071184650761709, 0.0093778503599161, 0.007533923140205943, 0.00951694057307705, 0.007322395345150872, 0.005428989883847213, 0.008739484969162992, 0.00638009021243648, 0.007727142451397266, 0.005910239437573572, 0.005034247603252693, 0.006486918584647132, 0.005345749862566817, 0.003905118583027027, 0.0039308951800892155, 0.003506036766822917, 0.004571948403651413, 0.0059802980894023226, 0.0039965589719271, 0.003925645063855135, 0.0030970062356819746, 0.0025920548394196305, 0.002916374603704558, 0.0035723893408635436, 0.0027488286592890054, 0.003307478225701685, 0.0019773920922184483, 0.001625562136069975, 0.0012732389174471578, 0.0021508463667678115, 0.002387707022523693, 0.0022295655325137594, 0.0015111506178454362, 0.0015603578294781596, 0.0010295212118704568, 0.0012717874179587483, 0.002196303351399558, 0.0007899145614333286, 0.000716658802973964, 0.0014363882305227509, 0.001778958829344891, 0.0005550904852567989, 0.0006260662863064041, 0.0009400194289821945, 0.0004690532472932435, 0.0005531792957255135, 0.0002577764284106634, 0.00023993431394214116, 0.00020667864074402808, 0.00032592340533336826, 0.0003052439493607697, 0.0005603948488850483, 0.0002529245791016676, 0.0002394299273648283, 0.00041167902938115053, 0.00020171195469710724, 0.0001375550011389327, 0.00029694422056609186, 0.0002707130478567771, 0.0002285587026302487, 0.0001323262023697331, 0.0002208784678196886, 0.00024308258114457283, 0.0002291128784552553, 0.0001361588408488857, 0.0001421442054084029, 7.507825523211431e-05, 0.0001425706096333414, 8.126247218774609e-05, 0.0001087859469731028, 7.51091472774419e-05, 6.085887508628883e-05, 6.492739997754406e-05, 5.030444937378458e-05, 8.72780025412999e-05, 6.33365995998112e-05, 4.7345708456437736e-05, 6.629155685404746e-05, 4.659271208856575e-05, 5.563071011219599e-05], "train_acc": [35.31, 43.822, 49.078, 51.644, 54.684, 57.194, 59.712, 61.604, 63.546, 65.376, 66.862, 68.744, 70.44, 71.728, 73.654, 75.078, 76.45, 78.22, 79.592, 81.024, 82.396, 83.874, 85.61, 86.828, 88.372, 89.164, 90.342, 91.2, 92.032, 92.994, 93.346, 93.888, 94.332, 94.784, 94.694, 95.398, 95.388, 95.77, 96.042, 96.158, 96.478, 96.428, 96.474, 96.72, 97.052, 97.188, 97.126, 97.056, 97.264, 97.57, 97.466, 97.426, 97.692, 97.642, 97.868, 97.914, 97.686, 98.098, 98.05, 98.116, 98.152, 98.224, 98.074, 98.348, 98.168, 98.406, 98.442, 98.542, 98.486, 98.508, 98.456, 98.62, 98.674, 98.77, 98.832, 98.546, 98.81, 98.71, 98.898, 98.886, 98.886, 98.912, 98.976, 98.928, 98.994, 98.922, 99.19, 99.192, 99.088, 99.066, 99.28, 99.198, 99.076, 99.232, 99.196, 99.382, 99.328, 99.36, 99.32, 99.384, 99.43, 99.33, 99.396, 99.464, 99.5, 99.412, 99.616, 99.458, 99.49, 99.622, 99.472, 99.584, 99.596, 99.664, 99.678, 99.512, 99.67, 99.696, 99.774, 99.618, 99.664, 99.688, 99.772, 99.654, 99.768, 99.824, 99.732, 99.802, 99.772, 99.826, 99.842, 99.802, 99.844, 99.864, 99.88, 99.906, 99.866, 99.81, 99.866, 99.882, 99.912, 99.942, 99.914, 99.902, 99.916, 99.878, 99.94, 99.96, 99.96, 99.93, 99.936, 99.94, 99.954, 99.946, 99.98, 99.962, 99.94, 99.974, 99.98, 99.96, 99.94, 99.986, 99.986, 99.974, 99.988, 99.99, 99.996, 99.996, 99.998, 99.994, 99.988, 99.988, 99.994, 99.996, 99.98, 99.996, 99.998, 99.988, 99.992, 99.996, 99.998, 99.994, 99.992, 99.994, 99.996, 99.996, 100.0, 99.996, 100.0, 99.996, 100.0, 100.0, 100.0, 100.0, 99.998, 100.0, 100.0, 100.0, 100.0, 100.0],