{"epoch": 199, "batch_size": 128, "net": "convnextv2_tiny", "best_acc": 77.69, "parameters": 27874186, "train_loss": [1.8298652754415332, 1.5319669804609646, 1.4118258959192145, 1.3278832545365824, 1.2555122151399207, 1.1788896957931616, 1.1178091955002007, 1.0575721477303663, 1.0017252244302988, 0.9565958318198123, 0.9021590451145416, 0.850280965533098, 0.8020948171615601, 0.7587056231620671, 0.7126484148185271, 0.6589328062046519, 0.6172984801137539, 0.5679993314663773, 0.5182372442139384, 0.4692646031032133, 0.42741912431881557, 0.38007940976973387, 0.33540765217045687, 0.30060346609414995, 0.26436107032134404, 0.23964635065525694, 0.21852327182012446, 0.19369989499221069, 0.17514809446833324, 0.16403125184576225, 0.14425354015529918, 0.14193254289076762, 0.13346294321291283, 0.12019187299644246, 0.12042728010231576, 0.11209785687687147, 0.10811626886629769, 0.10218705282167857, 0.09549076098215092, 0.09336875855227185, 0.08962523163346302, 0.08505157496103698, 0.08367137134532489, 0.07942062131393596, 0.07730744569741017, 0.07583604853533571, 0.07300155564828222, 0.0736828496979783, 0.06514259542593413, 0.07383674995073349, 0.06327591134268609, 0.06094265228037334, 0.0572291483954929, 0.06422417454631127, 0.055591447187154114, 0.05797376823099449, 0.05545076519927329, 0.054753460729604256, 0.04905574619555679, 0.04719719853337921, 0.049750978495125345, 0.04839408916154462, 0.042333522573937576, 0.04825823707684703, 0.04466572853253054, 0.04527592259492544, 0.046938780671976446, 0.03990117120354072, 0.037843331413538864, 0.03820533864676495, 0.035722370956467034, 0.04173553640069321, 0.03393566252335029, 0.03813489499892515, 0.03141363579696497, 0.029768641565299934, 0.032815472876100475, 0.034960756278441994, 0.03269517081349021, 0.03246683466469731, 0.026084605606792072, 0.02988710402971958, 0.03200036468004565, 0.02415301776169549, 0.025298291875366266, 0.026439880252556155, 0.02485508977553433, 0.022389413729962677, 0.023898415689956865, 0.02133836751387519, 0.024874035570927707, 0.01776501251077351, 0.02157945518651048, 0.025197838089795654, 0.019231037762107762, 0.01826565487154276, 0.013796826056978854, 0.01835396524359141, 0.02121913761717489, 0.01936045653753035, 0.012519030914450769, 0.016917080292418656, 0.01737235329919876, 0.015205970889849402, 0.017723499700222214, 0.014760674019043437, 0.015919151714296722, 0.01266201271232196, 0.012882324609035493, 0.011415638437140626, 0.010175391181331614, 0.010577403868059092, 0.012328016429679836, 0.010815504258369033, 0.008859632350087566, 0.011126610928166258, 0.009858603415134793, 0.009511940099786946, 0.007062318480780224, 0.009918897613317913, 0.008834962400256732, 0.0063087924754189305, 0.009206623247841878, 0.007203412448268031, 0.007084599646359004, 0.0055928713907195905, 0.0054308311429100715, 0.006836175983262551, 0.006782096602762376, 0.006385481836918645, 0.005175842513016019, 0.005853724007419122, 0.005402424630405747, 0.005318387079799501, 0.005458048881099903, 0.0032176152650078417, 0.0031859270734515975, 0.0032188266529799905, 0.003393574345736247, 0.0033501456844467967, 0.003203230530034442, 0.0034930070018618863, 0.0026651949071685773, 0.0015011239281921473, 0.001914787983182845, 0.0018047589390828033, 0.0028519579557786576, 0.002915145662233449, 0.001971940486984047, 0.0015905001295360235, 0.002267619685190229, 0.0018246784085019902, 0.0011445301242231595, 0.0006927027782873602, 0.0008393236578896318, 0.0020444751360702723, 0.000985255981081106, 0.0011897592434126538, 0.0007776180788016546, 0.0009812880385917707, 0.0009082970092092584, 0.0012029169916888834, 0.0005726915476263871, 0.0005201812053926873, 0.0005838975512582358, 0.0006437046562765931, 0.0002762497538160902, 0.00019915420904938625, 0.00021935167741738326, 0.0002166975913382594, 0.00014326814322031516, 0.0002751011504636705, 0.00019859211210588253, 0.00043709883709158493, 9.08626929407886e-05, 0.00028484057446736036, 0.00023298355017105328, 0.00018156805934924002, 0.00011006660369580493, 6.720149920748436e-05, 0.00013165723963943504, 7.059606981146528e-05, 9.073001097242892e-05, 9.497611582072055e-05, 7.188715893036129e-05, 6.351645851040317e-05, 5.0393665801807645e-05, 6.870876653841191e-05, 5.338627203641141e-05, 0.00011023031234843614, 4.171617578452445e-05, 9.077847180308957e-05, 5.927821132939678e-05, 4.43616236364917e-05, 0.00016050608984650308, 4.476955087992585e-05, 4.3818995515100266e-05, 5.239142534960325e-05, 6.493557907502747e-05, 4.054019719983897e-05], "train_acc": [34.32, 44.59, 48.506, 51.91, 54.784, 57.372, 59.914, 62.34, 64.262, 66.01, 67.828, 69.948, 71.442, 73.016, 74.63, 76.342, 78.066, 79.836, 81.562, 83.31, 84.804, 86.444, 88.192, 89.304, 90.622, 91.624, 92.246, 93.25, 93.876, 94.2, 94.976, 95.098, 95.378, 95.87, 95.78, 96.054, 96.216, 96.37, 96.708, 96.726, 96.95, 97.148, 97.13, 97.308, 97.362, 97.406, 97.498, 97.512, 97.758, 97.464, 97.878, 97.932, 98.028, 97.76, 98.148, 98.028, 98.1, 98.044, 98.33, 98.438, 98.336, 98.37, 98.596, 98.324, 98.506, 98.452, 98.438, 98.636, 98.696, 98.712, 98.792, 98.54, 98.846, 98.726, 98.952, 99.002, 98.902, 98.814, 98.868, 98.898, 99.154, 98.994, 98.952, 99.162, 99.148, 99.126, 99.152, 99.216, 99.244, 99.312, 99.16, 99.402, 99.3, 99.166, 99.364, 99.414, 99.594, 99.368, 99.286, 99.39, 99.618, 99.418, 99.438, 99.506, 99.414, 99.506, 99.436, 99.582, 99.59, 99.602, 99.692, 99.682, 99.624, 99.66, 99.71, 99.632, 99.662, 99.686, 99.786, 99.68, 99.712, 99.8, 99.698, 99.778, 99.768, 99.822, 99.836, 99.786, 99.802, 99.81, 99.836, 99.812, 99.846, 99.82, 99.826, 99.912, 99.9, 99.91, 99.898, 99.892, 99.896, 99.886, 99.922, 99.956, 99.934, 99.936, 99.912, 99.906, 99.944, 99.954, 99.93, 99.948, 99.964, 99.986, 99.97, 99.938, 99.968, 99.968, 99.978, 99.97, 99.964, 99.964, 99.982, 99.98, 99.99, 99.982, 99.998, 99.998, 99.998, 99.996, 99.998, 99.992, 99.998, 99.99, 99.998, 99.996, 99.992, 99.994, 100.0, 100.0, 99.998, 100.0, 99.998, 99.998, 100.0, 100.0, 100.0, 100.0, 100.0, 99.996, 100.0, 99.998, 100.0, 100.0, 99.996, 100.0, 100.0, 100.0, 99.998, 100.0],