{"epoch": 199, "batch_size": 128, "net": "convnextv2_base", "best_acc": 80.1, "parameters": 87703050, "train_loss": [1.9343133262356225, 1.5638607216003302, 1.423081330326207, 1.342087713044013, 1.2578305448107707, 1.1944028268689695, 1.1344270963802972, 1.0665033418504173, 1.0136212320888744, 0.9655175251729043, 0.9154013154451804, 0.8751623677780561, 0.8235949344952088, 0.7744943277000467, 0.7305847885053786, 0.6947414868170648, 0.6471442289059729, 0.6168009871259674, 0.5736270764904559, 0.5512203363811269, 0.5186922396997662, 0.4645607114752845, 0.42425463682092973, 0.39948825198975974, 0.3549503661558756, 0.32157982096952553, 0.2833540077938143, 0.2577709271322431, 0.23221352357236322, 0.20983323371014023, 0.18722120079847857, 0.17344223117203358, 0.1605819819585594, 0.1479270754243864, 0.1359371511870638, 0.128282569043929, 0.12094954634680773, 0.11282890848815441, 0.10657053368875895, 0.09942082169911136, 0.09757050834691433, 0.09144138833007696, 0.08560353880057402, 0.08525453396665547, 0.08076514995387753, 0.07891395624936617, 0.07230721084196168, 0.07471694469051746, 0.06618236368545867, 0.06972380066552507, 0.06658460655728417, 0.06336715888908452, 0.059340558934223166, 0.059548697074698974, 0.0554169048870797, 0.05747420671145858, 0.05497868071474573, 0.05554344098719642, 0.049841935913104686, 0.05093966969086424, 0.05120007960063874, 0.04600318023920669, 0.042430587894166524, 0.04881849487805191, 0.04134565113348138, 0.041560494351674755, 0.040523028616910164, 0.04109677918317259, 0.03538943466770908, 0.03988316290490234, 0.03936395492575005, 0.03551662386016315, 0.03299823430065504, 0.03424346028431736, 0.03437060255514424, 0.03532173287163934, 0.0301285736328896, 0.03233822402538365, 0.030435572314026105, 0.028937589769582727, 0.025943104393275268, 0.02998232860859517, 0.02793636843514488, 0.028570220176883213, 0.02221921327716821, 0.022262001318721306, 0.029507263425720947, 0.02418662505471469, 0.024957464780727558, 0.021810013365567378, 0.019947792366927113, 0.019236637425878087, 0.01839807180954558, 0.01801091079410199, 0.021153580749218644, 0.017115609854033403, 0.01981990887688043, 0.017151512799437975, 0.018403685528679593, 0.019507289012891654, 0.014649235939546286, 0.015560410229627357, 0.016212744868400356, 0.015648331139799413, 0.011015179091329088, 0.013316137120438814, 0.016552359739299433, 0.011260462286861261, 0.009323220208758856, 0.010489885732160864, 0.013812306134076075, 0.01151303984122077, 0.011473604250805574, 0.009564956605551726, 0.00800978842031662, 0.00883567734616106, 0.010865450366590734, 0.010929138438589751, 0.008360007165215405, 0.006197624048288844, 0.005988391112614199, 0.009173899320202232, 0.006350604333224661, 0.008788241620283917, 0.006427535460364934, 0.00567722667986408, 0.007140682446231466, 0.006398736716858754, 0.006820771810164719, 0.0049308324032469085, 0.0038078407366538857, 0.0043406037073374735, 0.004997285903295855, 0.005511173470619568, 0.0036525469979301365, 0.004462915169115103, 0.004588292489382689, 0.005127521306679384, 0.003273413506169554, 0.002874951103448813, 0.003969515718462857, 0.003427553556586245, 0.001806670296824087, 0.0028305009630357767, 0.0021453471670755397, 0.0021949887126761973, 0.0023638079915156403, 0.0012906399730090088, 0.0018851567596580503, 0.0016122021703905162, 0.0014304337613900904, 0.0008449415778494119, 0.0005027710076970937, 0.0010924624726877993, 0.0010519015241695745, 0.0007570180099710133, 0.0014491968333187075, 0.0010332862498414572, 0.0008982555292089126, 0.0007723715794465692, 0.0009752147703900502, 0.0008287594147051884, 0.0007141356230224579, 0.0005681121206075578, 0.0004637945090807919, 0.0003683210330794461, 0.0004998511936461103, 0.0003213675929990485, 0.00042449136619250713, 0.000384979910729185, 0.0002067354367737954, 0.00012484099167808907, 0.00013879991563167595, 0.00010034242092756695, 9.650311502300517e-05, 0.0001365751173856868, 0.0002074869588379624, 0.00012550303493373433, 0.00014441007071298355, 0.00011575138586164156, 0.0001489572856508762, 0.00010327338411588409, 6.771479242861297e-05, 0.00021951715430391477, 7.578278793384216e-05, 6.311933739454007e-05, 8.805199784621293e-05, 7.75294907269855e-05, 4.5562487541893455e-05, 0.00010323397545633275, 4.790206619528802e-05, 4.417074258112513e-05, 3.428130947543806e-05, 6.050663198220253e-05, 2.342573895814096e-05, 4.063384885757097e-05, 3.7410791350330116e-05, 0.00010178060608083502, 5.122785262446856e-05, 2.863800434793504e-05], "train_acc": [30.024, 42.802, 48.384, 51.59, 54.652, 56.948, 59.562, 61.984, 63.724, 65.936, 67.43, 68.924, 70.86, 72.61, 73.982, 75.346, 77.112, 77.854, 79.606, 80.38, 81.66, 83.586, 84.698, 85.742, 87.398, 88.576, 89.982, 90.93, 91.77, 92.568, 93.338, 93.82, 94.292, 94.782, 95.17, 95.56, 95.67, 96.024, 96.24, 96.564, 96.474, 96.818, 97.046, 97.058, 97.226, 97.198, 97.45, 97.434, 97.676, 97.628, 97.75, 97.874, 97.968, 98.024, 98.124, 98.008, 98.07, 98.054, 98.272, 98.242, 98.266, 98.414, 98.562, 98.324, 98.648, 98.618, 98.638, 98.64, 98.776, 98.706, 98.666, 98.81, 98.918, 98.872, 98.83, 98.856, 98.954, 98.894, 98.978, 99.03, 99.124, 99.02, 99.064, 99.038, 99.272, 99.25, 98.94, 99.184, 99.144, 99.274, 99.328, 99.362, 99.424, 99.418, 99.286, 99.43, 99.358, 99.424, 99.404, 99.316, 99.53, 99.496, 99.426, 99.466, 99.62, 99.548, 99.438, 99.612, 99.686, 99.66, 99.548, 99.63, 99.65, 99.7, 99.754, 99.692, 99.632, 99.66, 99.73, 99.812, 99.788, 99.688, 99.798, 99.7, 99.806, 99.814, 99.764, 99.788, 99.788, 99.864, 99.894, 99.864, 99.84, 99.818, 99.878, 99.85, 99.86, 99.842, 99.896, 99.906, 99.866, 99.904, 99.958, 99.914, 99.942, 99.94, 99.916, 99.966, 99.944, 99.942, 99.962, 99.976, 99.992, 99.956, 99.97, 99.978, 99.954, 99.964, 99.974, 99.968, 99.972, 99.976, 99.986, 99.986, 99.988, 99.99, 99.986, 99.99, 99.988, 99.992, 99.998, 99.998, 99.994, 99.998, 100.0, 99.996, 99.996, 99.998, 99.998, 99.998, 99.992, 99.998, 100.0, 99.998, 99.998, 100.0, 99.996, 100.0, 100.0, 99.998, 100.0, 100.0, 100.0, 99.998, 100.0, 100.0, 100.0, 99.996, 100.0, 100.0],