{"epoch": 199, "batch_size": 128, "net": "convnextv2_pico", "best_acc": 75.35, "parameters": 8558410, "train_loss": [1.786695905353712, 1.5510283434177603, 1.435248525856096, 1.348069937942583, 1.2894741990377225, 1.2243619766991463, 1.1734002549629992, 1.1144705405625541, 1.0604383250331635, 1.0168298816741885, 0.9720855852222199, 0.9318678043687435, 0.8900119926008727, 0.8555159006277313, 0.8200705466063126, 0.7799888931576858, 0.7552131761980179, 0.7179062711003491, 0.680656997367854, 0.6454862292160464, 0.6156488853647276, 0.5819857904063467, 0.5403793556306064, 0.5080977672963496, 0.48244226931610984, 0.4441723175289686, 0.417846049417925, 0.3824613624826417, 0.3676763418537881, 0.3373469093342876, 0.30423604489287454, 0.290677447719952, 0.2636625147460367, 0.24739254212669096, 0.23421976465703276, 0.21928039038806316, 0.20899578399213073, 0.18939367365425505, 0.18516274891279239, 0.16740595494084956, 0.16386625323149248, 0.1577468725383434, 0.14779024263438972, 0.13953583675157993, 0.14036455426527106, 0.13074989635449694, 0.12159108356251132, 0.12299506995074279, 0.116056336294812, 0.1103151355920088, 0.10951347101260633, 0.10527172393601417, 0.1009356846361209, 0.09841664653280964, 0.09368586548320625, 0.08845140367670132, 0.09105831818879032, 0.08801550223775532, 0.08573398543069201, 0.07675429817546359, 0.08095515827598322, 0.07626374551307058, 0.06893238239943067, 0.07557360450153613, 0.07012357210973873, 0.06606057200037763, 0.0736630577427309, 0.06582496636797247, 0.05978392812011339, 0.060607524267147724, 0.05996928054034291, 0.058523452048763976, 0.05907684022351108, 0.0535709222021234, 0.04854562499291261, 0.056558651136248694, 0.05120216226181411, 0.0479674383859767, 0.05331145876142032, 0.04782951490767776, 0.04471903460105057, 0.04108909000535412, 0.04504139766828312, 0.04150224867565057, 0.035998695989703886, 0.03984747915659719, 0.043182492434806985, 0.03731840915615906, 0.035360881231625174, 0.040289009493106355, 0.036217850942612456, 0.03210706635773696, 0.03389728021429247, 0.03179509831575172, 0.032050453815990324, 0.03275803803844982, 0.024394396475761596, 0.028488656976962904, 0.027340383213811346, 0.030860650429949926, 0.026743156297425345, 0.02480561529938846, 0.021816129387413508, 0.02119266587461981, 0.022521534861843138, 0.02043678688065237, 0.02470552289466638, 0.021750569864607338, 0.02025762738277683, 0.018748952257756593, 0.01626962067022243, 0.015059187364302423, 0.02009148681503566, 0.02189211599404335, 0.015977944901925833, 0.015329354186304142, 0.01457670995138039, 0.010549609533861241, 0.016057898729022524, 0.015306897665364453, 0.013124949338919152, 0.01165777054431317, 0.01132433146701011, 0.012273926268238812, 0.011872268696848537, 0.00924796252676686, 0.008714041922895282, 0.01173111996912669, 0.009167287252037108, 0.009413398402307451, 0.008288240454637844, 0.007516120821024682, 0.005099179304387692, 0.00920228326962704, 0.00825707968974979, 0.005780666794032728, 0.006625575967204651, 0.006241101725257711, 0.004636950550924378, 0.004486118106699526, 0.003581797724030406, 0.0041042784836268, 0.005849998906258341, 0.004628326441935452, 0.0027972276806478543, 0.004147538250931354, 0.0026828363345412815, 0.0038171825018506545, 0.0033678787969987837, 0.0031236102160312296, 0.003122127990352923, 0.003131796807322986, 0.002523700044790516, 0.0013512704065823575, 0.002434679407511315, 0.0019541030711419357, 0.0017855629062010904, 0.0017547308671753185, 0.0011137480339671955, 0.0015779841741117278, 0.001145087779582994, 0.0013935657114002202, 0.0012905475414346393, 0.0011029649400217023, 0.0005324657971417615, 0.0007143044860961655, 0.0007993650083184329, 0.0005443326092221389, 0.0008674183437480557, 0.0006014702476976339, 0.00044861901936682816, 0.0005556632049658331, 0.000600171934597234, 0.00036505774900796477, 0.0005866466597353211, 0.0003296898642444605, 0.00034358916471324044, 0.00025480763738263486, 0.00038715358892273295, 0.00030108329528933997, 0.0002350807168704356, 0.0002905827811429933, 0.0002330564234526414, 0.00017855969072534534, 0.0001821365027049034, 0.0002180399777168469, 0.00023823651756286164, 0.00011594205575431976, 0.00017648278536629, 0.0001450132238418486, 0.00016650315177559508, 0.00013873934380674135, 0.00014225720076265272, 0.00011358744063669348, 8.460656289852943e-05, 0.00010714898331696629, 0.00018263423669017718, 0.00013362498295040975, 0.00015478460022154243, 0.00015361108790154417], "train_acc": [35.692, 43.884, 48.208, 51.272, 53.396, 55.904, 57.938, 60.26, 62.012, 63.564, 65.156, 66.712, 68.332, 69.376, 70.828, 72.236, 73.034, 74.34, 75.866, 76.846, 78.04, 79.302, 80.706, 81.756, 82.612, 84.162, 85.086, 86.364, 86.992, 88.038, 89.298, 89.79, 90.67, 91.232, 91.702, 92.21, 92.64, 93.242, 93.422, 94.104, 94.214, 94.424, 94.884, 95.066, 95.09, 95.404, 95.734, 95.668, 95.988, 96.088, 96.22, 96.262, 96.47, 96.542, 96.728, 96.938, 96.858, 96.946, 97.052, 97.294, 97.196, 97.35, 97.644, 97.36, 97.582, 97.812, 97.456, 97.686, 97.908, 97.996, 97.966, 98.006, 98.004, 98.194, 98.312, 98.024, 98.288, 98.326, 98.13, 98.404, 98.512, 98.596, 98.42, 98.602, 98.768, 98.642, 98.54, 98.726, 98.838, 98.654, 98.718, 98.918, 98.812, 98.894, 98.922, 98.912, 99.186, 99.002, 99.072, 98.94, 99.082, 99.19, 99.28, 99.314, 99.234, 99.332, 99.186, 99.248, 99.32, 99.404, 99.456, 99.528, 99.32, 99.234, 99.46, 99.464, 99.52, 99.656, 99.444, 99.496, 99.536, 99.618, 99.638, 99.6, 99.616, 99.702, 99.712, 99.602, 99.702, 99.692, 99.736, 99.766, 99.85, 99.698, 99.718, 99.806, 99.78, 99.81, 99.854, 99.856, 99.908, 99.882, 99.808, 99.848, 99.914, 99.85, 99.928, 99.88, 99.904, 99.916, 99.892, 99.896, 99.938, 99.96, 99.916, 99.94, 99.946, 99.95, 99.976, 99.952, 99.972, 99.956, 99.958, 99.974, 99.988, 99.982, 99.98, 99.988, 99.968, 99.984, 99.992, 99.988, 99.988, 99.992, 99.99, 99.994, 99.99, 100.0, 99.988, 99.994, 99.994, 99.996, 99.996, 99.998, 99.998, 99.996, 99.996, 100.0, 99.996, 99.998, 99.996, 100.0, 99.998, 99.998, 100.0, 100.0, 99.996, 99.996, 99.996, 99.998],