{"epoch": 199, "batch_size": 128, "net": "convnextv2_atto", "best_acc": 70.6, "parameters": 3390610, "train_loss": [1.7854303917311647, 1.568933676880644, 1.4756224070058759, 1.4006861914759097, 1.3429311968176567, 1.2890256554879191, 1.2404023771700652, 1.1986108443621175, 1.1594973938239506, 1.1211584061003097, 1.0891909637414585, 1.0558554647523728, 1.0257204746651223, 0.9897413640985708, 0.9645729688427332, 0.9315523805520723, 0.9008087217045562, 0.8721025201975537, 0.8480231176556834, 0.8219776495033518, 0.7869684107773139, 0.7626623506741146, 0.7352061308253451, 0.6983688934074949, 0.6748695048072454, 0.6405616391955129, 0.6177859551766339, 0.5878499840836391, 0.5560929093062116, 0.5284767961867934, 0.5086364518955845, 0.47059562954756307, 0.4504643970590723, 0.4239109592212131, 0.4062046429613972, 0.37976555232806586, 0.3568028255801676, 0.33519997171428806, 0.32201389312896583, 0.3015427769678633, 0.28253817779328816, 0.2608996930405917, 0.2528213181192308, 0.23931183307753195, 0.23085264781551898, 0.2151936539603621, 0.2052507117924178, 0.19846729303488647, 0.18659745724609747, 0.18112646468231441, 0.17660145811222094, 0.1635813794248854, 0.15519880295714453, 0.16132560367588802, 0.1508632123927631, 0.13896406239941908, 0.1424021859131658, 0.13653917691629866, 0.12640842460000606, 0.12486151789727114, 0.12196410045294506, 0.11654740373801697, 0.124230498595692, 0.10759185396535012, 0.10702531807639105, 0.10416152710785799, 0.0955256961829141, 0.1042862332156857, 0.08959863687415257, 0.09223663763088338, 0.09306748423849226, 0.08823568083803214, 0.09082728520493068, 0.07735915207649435, 0.07898183209854928, 0.06967834026917168, 0.08180711932642304, 0.07254965608829961, 0.061767974732648535, 0.06959539250758907, 0.069598344814442, 0.06847548270669511, 0.05952225787722317, 0.05976806155136784, 0.0615033979344246, 0.05764220495258108, 0.060518843650608264, 0.05309194598175452, 0.05198705775301208, 0.05551884122564436, 0.04958859228236062, 0.04928569752387131, 0.04509386828507456, 0.04587486778955211, 0.0500158778096423, 0.03940298912160651, 0.04081011811733398, 0.046958491095410816, 0.03855543469300356, 0.03857104089456465, 0.0351355843438917, 0.031106138298207003, 0.03918390890912098, 0.034674164930792034, 0.03659982301766419, 0.031472179184779715, 0.030938677980428767, 0.030052365486860237, 0.025410908888882536, 0.03275561195802982, 0.024386842373658516, 0.022201353112411927, 0.026463430228671703, 0.024868390209082027, 0.02132840715694096, 0.022306313451803516, 0.02189982951710434, 0.023748361270355484, 0.02056255586721632, 0.016788456288864242, 0.01707681780025992, 0.01724263763202883, 0.0169912464422462, 0.013959933774542216, 0.013523605780329441, 0.01438590043279178, 0.015036387864173963, 0.014513943677076169, 0.012393873229133361, 0.011836243365966307, 0.012233833126757113, 0.010295199621912412, 0.01136332405987136, 0.01042787109985781, 0.00890544625890889, 0.008008235826423807, 0.009124691042353285, 0.008748583558737241, 0.007680367583127888, 0.006515672590281062, 0.005731897489407428, 0.005884540033043789, 0.007482442451278319, 0.00537620326410324, 0.0054229250714189405, 0.005238334591182775, 0.004586002592968307, 0.003830487536929805, 0.0035501266591851733, 0.004175235452490699, 0.004529164912251462, 0.0030938031371025476, 0.0026753258189041156, 0.0028957731265853376, 0.0022263935948138498, 0.003055561803798775, 0.0021162059017424467, 0.0023150401301723677, 0.0024386095155514015, 0.0015854188006410262, 0.001720084815707845, 0.0017878822068257442, 0.0015220403863175009, 0.0011058884029782228, 0.0011253436777459058, 0.0011294248063624015, 0.0010997802943221704, 0.0009639115889368833, 0.0008018277538519756, 0.0007329843328361188, 0.0006484189684565454, 0.0012077798140677385, 0.0009629742394781599, 0.0007665760799251852, 0.0006203089038103187, 0.0005835545556334308, 0.00043497478561949277, 0.0003674162855248123, 0.0003650954924728525, 0.0003540474020334778, 0.0004236345052459117, 0.00028853514438994567, 0.00025144569898217584, 0.00024219774427004795, 0.00023835129124558885, 0.0002453246315804404, 0.0004376409046124215, 0.00022001857974093415, 0.00027580785387570943, 0.00025548628616288763, 0.0002750962186716613, 0.00022265543713049916, 0.00017583199114876066, 0.0001795454539687318, 0.0002612670391813725, 0.0002232974435508628, 0.00018546303647820858, 0.00022248517831737892, 0.00020173605362823068, 0.00021131155576267817], "train_acc": [35.712, 43.412, 46.91, 49.582, 51.796, 53.726, 55.498, 57.07, 58.468, 59.8, 60.792, 62.264, 63.37, 64.836, 65.544, 66.722, 67.68, 68.774, 69.798, 70.736, 71.82, 72.814, 73.64, 75.002, 75.518, 76.998, 77.778, 78.888, 79.882, 80.858, 81.668, 82.94, 83.752, 84.67, 85.406, 86.348, 87.126, 88.006, 88.366, 89.29, 89.91, 90.758, 90.888, 91.392, 91.852, 92.322, 92.566, 92.876, 93.376, 93.546, 93.88, 94.24, 94.494, 94.218, 94.796, 95.036, 94.87, 95.29, 95.644, 95.7, 95.784, 95.992, 95.694, 96.278, 96.338, 96.418, 96.658, 96.412, 96.858, 96.762, 96.756, 96.928, 96.868, 97.326, 97.228, 97.564, 97.302, 97.524, 97.936, 97.588, 97.592, 97.668, 98.002, 97.944, 97.92, 98.006, 97.93, 98.228, 98.184, 98.062, 98.33, 98.35, 98.458, 98.466, 98.334, 98.71, 98.578, 98.384, 98.738, 98.694, 98.832, 98.96, 98.638, 98.818, 98.73, 98.926, 98.938, 99.008, 99.178, 98.866, 99.228, 99.26, 99.18, 99.168, 99.272, 99.274, 99.298, 99.218, 99.282, 99.512, 99.438, 99.496, 99.472, 99.586, 99.544, 99.542, 99.514, 99.51, 99.596, 99.64, 99.616, 99.698, 99.654, 99.674, 99.696, 99.76, 99.706, 99.72, 99.774, 99.786, 99.842, 99.838, 99.78, 99.844, 99.844, 99.838, 99.886, 99.9, 99.894, 99.888, 99.886, 99.918, 99.928, 99.926, 99.944, 99.922, 99.95, 99.946, 99.93, 99.964, 99.964, 99.956, 99.968, 99.972, 99.974, 99.97, 99.978, 99.976, 99.982, 99.984, 99.99, 99.968, 99.974, 99.978, 99.986, 99.988, 99.996, 99.994, 99.996, 99.994, 99.994, 99.996, 100.0, 99.998, 99.998, 99.998, 99.992, 100.0, 99.998, 99.994, 99.996, 99.998, 100.0, 100.0, 99.994, 99.998, 100.0, 99.996, 99.998, 99.998],