{"epoch": 199, "batch_size": 128, "net": "convnextv2_small", "best_acc": 78.26, "parameters": 49557130, "train_loss": [1.8842563019384204, 1.5703533875667834, 1.439070604036531, 1.3594194236009016, 1.2774221955053031, 1.2233230142337281, 1.1551172123540698, 1.1047091009976613, 1.0434746454134012, 0.9982286104765694, 0.9561776128571357, 0.9144575899214391, 0.8667578072194249, 0.8222917761949017, 0.7821640898199642, 0.7373740899440883, 0.6905468752621995, 0.6481469354361219, 0.6061956597411114, 0.5577079682703823, 0.5082450090619304, 0.4597738249527524, 0.4127122057825708, 0.37038678510109785, 0.32431271969509856, 0.28912583500375527, 0.2515010005601532, 0.21786657398771447, 0.20089607722009234, 0.17627577087306, 0.16309654054320072, 0.15305458050211676, 0.1349333898281045, 0.1256214383122561, 0.12487179240035584, 0.11096848464092178, 0.10845602113667809, 0.09770090229656843, 0.09589159803088669, 0.094105108357642, 0.08731388887319037, 0.08539511284331226, 0.08010471406180764, 0.0760618291885766, 0.07495667206604614, 0.07817889817649751, 0.06926553684960851, 0.06915352245449753, 0.0605112901457664, 0.06477925277974866, 0.06086483647775315, 0.05708049139712968, 0.06012342806400545, 0.05485815283916224, 0.05610897242213073, 0.053772909740638704, 0.05179050127568338, 0.04726675841921602, 0.04993628012969175, 0.049996786559110176, 0.042364816006292084, 0.05020754958224266, 0.04057604595935425, 0.041319482367904975, 0.04309892652394331, 0.04031007627473044, 0.03932803570080901, 0.033968615639225944, 0.032852403060330646, 0.034625818710262074, 0.0359271328498507, 0.034948017181414166, 0.03813302848051014, 0.03112993649173709, 0.034182411270475735, 0.02955496638907296, 0.02943744071279331, 0.028155646356575362, 0.02563674321717909, 0.028716444374893405, 0.03204147882647622, 0.02675129637739066, 0.024456976905472272, 0.022445365139866804, 0.02270462606986508, 0.028723425476167522, 0.02570976650826466, 0.021842536599109726, 0.021015212821263268, 0.021268815992672777, 0.02031220039998865, 0.019742148100932028, 0.01702996247487924, 0.021220388138652457, 0.018012819696328532, 0.017009747320758727, 0.020758834276723502, 0.016150776671482098, 0.015222332103947854, 0.018170934943261954, 0.017381940160275382, 0.01534368724407702, 0.014831637208590575, 0.01234645588377662, 0.011556623336162938, 0.017613941301961485, 0.011635685416386293, 0.010920311173568824, 0.011326038337144715, 0.014164200848024434, 0.01056156207664746, 0.010901303838386469, 0.009314630827171278, 0.010237265273991466, 0.010933415277998315, 0.009570113888828863, 0.007667307782581176, 0.00955757029886629, 0.007169022007420769, 0.00929724323132154, 0.006915585665624616, 0.006531608126451806, 0.008086415470022198, 0.007491042580329897, 0.006426587957251535, 0.00893774248331802, 0.005883294854854571, 0.004495988605092005, 0.004397032218874352, 0.006536373273054015, 0.004018949478159181, 0.004797153513869801, 0.003982412430787589, 0.005572195768224128, 0.00456908106451038, 0.002197735877732908, 0.002779595220706823, 0.0057630448801921745, 0.004139227078199777, 0.002416580472622499, 0.0020154180614707726, 0.0034651279294378922, 0.0041866964976875086, 0.0018074831223156116, 0.001484277625362214, 0.0016469902243361945, 0.002487772657578807, 0.002174182569573034, 0.0021644933814475554, 0.0013554779405733097, 0.002651908407977577, 0.0016078690127625539, 0.0012417805175289668, 0.0012034434653624743, 0.001319153325172508, 0.0013223788108081718, 0.0009662915505088114, 0.0005646146630095389, 0.0006195783380323108, 0.0007894771676786537, 0.001327711085950726, 0.0004220991752396361, 0.0006020706759838616, 0.000589903009691262, 0.0006392572570703146, 0.0005005243074742154, 0.000528071140646265, 0.0003531871933159717, 0.00015980291258961828, 0.00013925999338562992, 0.0003147014662866769, 0.00019914407229828536, 0.0001931125756344003, 0.0001623147287990951, 0.00021667382826189683, 0.00022528058477810494, 0.00017910039880514474, 0.0001446400865170569, 9.732879226316226e-05, 7.076549980159858e-05, 0.00012238818856617062, 6.777582800571013e-05, 0.00011094075241364217, 7.858235647783839e-05, 4.867865756967014e-05, 3.848548041550321e-05, 8.801750711469172e-05, 4.5933515393164055e-05, 3.591514048814431e-05, 5.652734035974183e-05, 3.762758750876728e-05, 3.49128935558047e-05, 3.0977691839467305e-05, 3.988814192545477e-05, 3.525658970959942e-05, 3.4699474441330563e-05, 4.6106173777213284e-05, 4.980108798890169e-05, 5.033874367654789e-05, 3.3142633942135286e-05], "train_acc": [31.77, 42.746, 47.728, 50.768, 53.79, 55.804, 58.4, 60.344, 62.772, 64.52, 65.942, 67.396, 69.162, 71.07, 72.38, 73.714, 75.248, 76.982, 78.38, 80.114, 81.888, 83.612, 85.274, 86.652, 88.362, 89.822, 91.072, 92.28, 92.83, 93.712, 94.262, 94.548, 95.316, 95.532, 95.666, 96.08, 96.234, 96.584, 96.632, 96.748, 97.014, 97.052, 97.262, 97.316, 97.42, 97.27, 97.63, 97.616, 97.928, 97.77, 97.944, 98.092, 97.91, 98.142, 98.094, 98.194, 98.22, 98.462, 98.354, 98.318, 98.562, 98.318, 98.684, 98.55, 98.518, 98.596, 98.626, 98.83, 98.876, 98.892, 98.826, 98.828, 98.698, 98.922, 98.864, 99.078, 99.046, 99.092, 99.15, 99.054, 98.896, 99.112, 99.154, 99.206, 99.232, 99.01, 99.118, 99.25, 99.34, 99.276, 99.326, 99.346, 99.47, 99.312, 99.402, 99.456, 99.332, 99.476, 99.468, 99.406, 99.434, 99.48, 99.496, 99.59, 99.598, 99.412, 99.6, 99.64, 99.622, 99.524, 99.638, 99.646, 99.696, 99.664, 99.624, 99.672, 99.766, 99.712, 99.764, 99.688, 99.77, 99.804, 99.762, 99.764, 99.79, 99.72, 99.818, 99.874, 99.866, 99.794, 99.892, 99.842, 99.892, 99.82, 99.86, 99.948, 99.914, 99.802, 99.874, 99.912, 99.936, 99.896, 99.884, 99.948, 99.956, 99.956, 99.93, 99.918, 99.93, 99.954, 99.93, 99.946, 99.96, 99.962, 99.954, 99.96, 99.976, 99.988, 99.982, 99.978, 99.966, 99.99, 99.986, 99.984, 99.984, 99.99, 99.984, 99.992, 99.996, 99.998, 99.988, 99.998, 99.994, 99.998, 99.992, 99.99, 99.994, 99.996, 99.998, 100.0, 99.998, 100.0, 99.998, 99.998, 100.0, 100.0, 99.998, 100.0, 100.0, 100.0, 100.0, 100.0, 100.0, 100.0, 100.0, 100.0, 99.998, 100.0, 100.0, 100.0],