{"epoch": 199, "batch_size": 128, "net": "convnextv2_femto", "best_acc": 74.98, "parameters": 4852090, "train_loss": [1.781077402936833, 1.5593849819944339, 1.4393689809247965, 1.3742049478204048, 1.3041209458085277, 1.2480768925698518, 1.1981683797238734, 1.1443482520025405, 1.1007311548418401, 1.05164740045967, 1.0143502519258758, 0.975061132627375, 0.9409925699843775, 0.9013945748434042, 0.8699872434291693, 0.836030936454568, 0.8046388481279163, 0.7661647314915572, 0.7362166653813609, 0.7045213503910758, 0.6674379371773557, 0.6452128150883842, 0.604538544517039, 0.5694627246588392, 0.5391332328014666, 0.5108235312239898, 0.47702357081501073, 0.4494653942487429, 0.41963149664347127, 0.3866169395120552, 0.35796485231508074, 0.33950597726170667, 0.3109440939581912, 0.2911589748185614, 0.27192787002876895, 0.2524982049794453, 0.2357247930658443, 0.23014046173647543, 0.21455693060098707, 0.19683023868009564, 0.18499550739746265, 0.18377447204516673, 0.16924089460116823, 0.16278188187829065, 0.15228523964734028, 0.14980108545297552, 0.14461571875664278, 0.13957920716241803, 0.13457089556795557, 0.12651981057032294, 0.12688686300421614, 0.11877438367899422, 0.10929185551736513, 0.11249548796554813, 0.10803253378461847, 0.10878512287593406, 0.0991311639337741, 0.09194608118928149, 0.10144253248048712, 0.09030137736531323, 0.0962583258357423, 0.08707092893417076, 0.08082259675044842, 0.07988867211296126, 0.0847219771960431, 0.07642698316546657, 0.07786330368245958, 0.06984250103611775, 0.07475861688585156, 0.06889648893443139, 0.07005128723180964, 0.062052288061708136, 0.06824722381122887, 0.05691656229965141, 0.0616500670628627, 0.060701355634643066, 0.061220319922584705, 0.05889026602001294, 0.056298479204401945, 0.04966662246186067, 0.05212325613964778, 0.050794440151913964, 0.0444265830347224, 0.04835196165248866, 0.04506917079419965, 0.04470305135021048, 0.04651683551447509, 0.04452801391582393, 0.039222466680781005, 0.03953527896653127, 0.04126353906419919, 0.03839937783539524, 0.03719508318978426, 0.03519201705939687, 0.03518159921600214, 0.03423510113483309, 0.029906928495806465, 0.03583666991830692, 0.034894743045229853, 0.028672773439241836, 0.026811206969372985, 0.02921083279828186, 0.026267605477615315, 0.027429057598111633, 0.022936210466806047, 0.02512172860083887, 0.027175238757344233, 0.02360556513169909, 0.022493940830776167, 0.019909999976137085, 0.01943532648958418, 0.019324951815297423, 0.01921350871929732, 0.01849595294601958, 0.016216882873419432, 0.017364538723544536, 0.01741932759396708, 0.0172067484822865, 0.015023901051058032, 0.011753246519843217, 0.013913391086676627, 0.013013387657166042, 0.01327124801958623, 0.01217291894686811, 0.012317411090328318, 0.00967622912876532, 0.011208112137969774, 0.01087953399344588, 0.008947052328925951, 0.010110560506942522, 0.008732231718379661, 0.007633974796811314, 0.008174059237219523, 0.009481370817069583, 0.008781981182067602, 0.007432082713947243, 0.005310781488386805, 0.006090078659280015, 0.0053076399897393125, 0.004670366658071411, 0.005841975966456544, 0.0049897523772473446, 0.003894442699060899, 0.0036454309695674214, 0.0050923371717454076, 0.004717311215498532, 0.004766903514259249, 0.00379299175555763, 0.0033396276693893573, 0.0027162567919107984, 0.00241608117195933, 0.0024325477439523712, 0.002925016800854373, 0.002861320725032155, 0.0027759975018201554, 0.0018196650906717536, 0.0015032346070891626, 0.0018963187983509064, 0.0015631131666122644, 0.001264824588272689, 0.0011372476814000164, 0.0009940294092214402, 0.0013656600154331906, 0.0011398783168921312, 0.0007647241775785028, 0.0007558510167892446, 0.00048391978304916986, 0.0011531568421243878, 0.0007135656034124553, 0.0004505945905044739, 0.0004721483282038577, 0.0006116873032915185, 0.0005332873675713862, 0.00074528478015524, 0.0004448901632722691, 0.0004573549856762643, 0.00024866582358332206, 0.0003572824762833705, 0.0003481881872048084, 0.0003756043785528201, 0.0002929168807630449, 0.0002116922074129455, 0.00023420526742339855, 0.00019706503615015374, 0.00016221512360387402, 0.0002636538478295001, 0.00018924679647905744, 0.0001658867033996375, 0.00016607612962285957, 0.00019552847372040542, 0.00014510566154542147, 0.00016145169769157417, 0.00012873131096136564, 0.00013811828563246406, 0.00011999870758186064, 0.00010901582421879853, 9.848477496599603e-05, 0.0001288841218583237, 0.0001529770803975288, 0.00013431997393503772], "train_acc": [35.582, 43.79, 48.094, 50.372, 52.878, 55.366, 56.944, 59.05, 60.552, 62.428, 63.68, 65.166, 66.586, 67.946, 68.766, 70.276, 71.328, 72.978, 73.734, 74.814, 76.472, 76.954, 78.488, 79.676, 80.534, 81.77, 82.83, 83.964, 84.98, 86.15, 86.988, 88.006, 88.896, 89.512, 90.3, 91.028, 91.578, 91.776, 92.4, 92.91, 93.506, 93.516, 93.982, 94.394, 94.632, 94.598, 94.952, 95.054, 95.356, 95.596, 95.462, 95.816, 96.206, 96.046, 96.168, 96.122, 96.552, 96.856, 96.456, 96.938, 96.6, 97.008, 97.246, 97.216, 97.08, 97.34, 97.276, 97.602, 97.378, 97.596, 97.62, 97.814, 97.648, 97.984, 97.868, 97.844, 97.882, 97.884, 98.098, 98.332, 98.196, 98.212, 98.506, 98.368, 98.452, 98.482, 98.42, 98.456, 98.644, 98.682, 98.616, 98.734, 98.73, 98.814, 98.808, 98.842, 98.994, 98.796, 98.85, 99.084, 99.072, 98.986, 99.168, 99.096, 99.236, 99.14, 99.098, 99.224, 99.228, 99.328, 99.366, 99.334, 99.358, 99.396, 99.464, 99.45, 99.41, 99.476, 99.466, 99.652, 99.54, 99.578, 99.562, 99.638, 99.576, 99.666, 99.65, 99.638, 99.722, 99.684, 99.732, 99.76, 99.736, 99.708, 99.74, 99.766, 99.85, 99.808, 99.828, 99.862, 99.824, 99.878, 99.892, 99.896, 99.854, 99.86, 99.85, 99.886, 99.906, 99.92, 99.932, 99.922, 99.918, 99.912, 99.916, 99.944, 99.962, 99.944, 99.962, 99.962, 99.968, 99.98, 99.966, 99.964, 99.986, 99.982, 99.994, 99.964, 99.988, 99.994, 99.996, 99.984, 99.988, 99.98, 99.992, 99.994, 100.0, 99.992, 99.994, 99.994, 99.996, 99.998, 99.996, 99.998, 100.0, 99.992, 99.998, 100.0, 99.996, 99.996, 99.998, 99.998, 100.0, 99.998, 100.0, 100.0, 100.0, 100.0, 99.998, 99.998],