{"epoch": 199, "batch_size": 128, "net": "efficientnet_b5", "best_acc": 81.08, "parameters": 28361274, "train_loss": [3.0875440924368855, 2.2610075388418136, 2.2075403547652845, 2.1804200282791997, 2.1527120307888215, 2.128687594552784, 2.1091251196458822, 2.0704668867008764, 2.0426994720688256, 2.008177224327536, 1.9767395663444343, 1.9349351581710075, 1.9018704708274978, 1.8564201383029713, 1.816004087553, 1.782642057789561, 1.7451868057250977, 1.713768323059277, 1.6722464902931466, 1.6534312411647318, 1.6260850533195164, 1.5862916948850199, 1.5369406276956543, 1.5112975027859974, 1.4672698569114861, 1.4407750535803987, 1.4030806990840552, 1.3665917380081722, 1.3599816127811246, 1.412655364826817, 1.343467139222128, 1.2576938715127424, 1.2571008056021102, 1.2723048929973026, 1.1674582049669817, 1.1122290629255192, 1.1088843934066461, 1.1029507214455958, 1.0311702383143821, 0.9896276588635067, 0.9402574221496387, 0.8970154525373902, 0.8729475347892098, 1.134137434880142, 1.05555837721471, 1.224671196754631, 1.1495030708325185, 0.9824297690330563, 1.009706931041025, 1.0967808606679483, 1.1145180884529562, 1.2639298777446113, 1.1103532789918162, 1.1249932759558148, 1.006897003906767, 1.0012787223776893, 1.0185292815918203, 1.0119723026709788, 0.9591265331448802, 0.887417948611862, 0.8582678482965436, 1.044551500426534, 1.1734747920194855, 1.0171883494957634, 0.9298677199027118, 0.8770215878706149, 0.8408938413080962, 1.0798837205638057, 0.9398038373578845, 1.0159243532763722, 0.9860002985390861, 0.9092866744836579, 0.8758725744988912, 0.829061143233648, 0.845257578603447, 0.8120832424944319, 0.8888020879777191, 0.8777931273135993, 0.8149038736167771, 0.7819602809598684, 0.7622126627456197, 0.7380863132379244, 0.7200891287887797, 0.7011552485816009, 0.6907987593080077, 0.6792370334763052, 0.6653670459757071, 0.6884610018766749, 0.7335206765652923, 0.6938950433145703, 0.6529528593925564, 0.6163439339841418, 0.598200494980873, 0.6087736790747289, 0.9127158249735527, 0.7770253450364408, 0.788634137653024, 1.006682478558377, 0.8253270951683259, 0.810464676383816, 0.7956015921919547, 0.8632977159736711, 0.812830279245401, 0.7353088759705234, 0.6878775279692677, 0.661813196852384, 0.6410508739673878, 0.6211421100989633, 0.5993810998051977, 0.607153604250125, 0.5776663030047551, 0.5601482841822193, 0.5503966955425185, 0.5364678168235837, 0.5393241564636035, 0.6967091114472246, 0.932532894641847, 0.8468091780572291, 0.7823993472187111, 0.7798499762249724, 0.7322860432555304, 0.7079518301712583, 0.6944426029844357, 0.7264691244458299, 0.6739174888262054, 0.6397778526748843, 0.6186313007951088, 0.6652211135305712, 0.7505995080903973, 0.6982391257877545, 0.6933116043162773, 0.6640399917769615, 0.6427151847373495, 0.6211463335682365, 0.6239523340369124, 0.6195963390190583, 0.5945907049166882, 0.5857331950188903, 0.5717637874281315, 0.5634492575893622, 0.5674591940229811, 0.6225859104367473, 0.6293598594872848, 0.6807144108940574, 0.6818221041461086, 0.6503400352909742, 0.6355644302904758, 0.5951541213275832, 0.5792493182222557, 0.586185049903972, 0.6079839401690247, 0.5984051181837116, 0.6158989838626988, 0.5916962391122833, 0.5714548466455601, 0.5551359172519821, 0.5453105848616041, 0.5558091626142907, 0.5625237082428944, 0.548518697776453, 0.536117229315326, 0.5261721615596195, 0.5319998636270118, 0.5282936415556446, 0.5336327491818792, 0.520704416972597, 0.5177776399628281, 0.5091827498829883, 0.5055616933214085, 0.5003409370436998, 0.5044548198237748, 0.49787750230420885, 0.4944980851829509, 0.4893372857662113, 0.48635037323398056, 0.48300621622358747, 0.48527390424095457, 0.484313432441648, 0.47626136620636184, 0.4817906374974019, 0.4756221637853881, 0.47399282493554723, 0.47518241413109136, 0.47404679099617103, 0.4702351658088167, 0.47503429651260376, 0.4740442198408229, 0.4718282739524646, 0.47455786035188935, 0.46969121885116755, 0.4693200313069327, 0.4666954902431849, 0.46961210496590267, 0.4715989077335124, 0.4714742750310532, 0.47342077095795165, 0.46866608916036306, 0.4731529044830586, 0.4743015352264999, 0.47183064586671114], "train_acc": [13.872, 16.746, 18.162, 19.542, 20.504, 21.426, 21.962, 23.592, 24.774, 26.314, 27.566, 29.352, 30.482, 32.012, 33.526, 34.73, 35.632, 37.226, 38.75, 40.08, 41.106, 42.398, 44.024, 45.012, 46.742, 47.872, 49.22, 50.726, 51.176, 48.944, 51.594, 54.568, 55.562, 55.23, 58.584, 60.23, 60.702, 61.014, 63.37, 64.926, 66.684, 68.322, 69.334, 61.046, 63.28, 57.04, 59.82, 65.41, 64.68, 61.226, 60.598, 55.358, 60.75, 60.228, 64.464, 64.568, 63.996, 64.742, 66.174, 68.732, 70.014, 63.372, 58.604, 64.154, 67.24, 69.056, 70.342, 61.962, 66.886, 64.748, 65.174, 68.056, 69.356, 70.984, 70.53, 71.438, 68.692, 69.262, 71.366, 72.696, 73.292, 74.114, 74.676, 75.362, 75.572, 76.17, 76.574, 75.558, 74.344, 75.55, 76.988, 78.396, 78.75, 78.668, 68.136, 72.862, 72.784, 64.872, 71.046, 71.876, 72.19, 69.842, 71.454, 74.204, 75.868, 76.668, 77.338, 78.098, 78.854, 78.568, 79.682, 80.29, 80.564, 81.078, 81.144, 75.788, 67.516, 70.236, 72.44, 72.976, 74.264, 74.968, 75.654, 74.632, 76.286, 77.498, 78.288, 76.676, 73.786, 75.356, 75.624, 76.694, 77.24, 78.198, 78.162, 77.972, 78.89, 79.342, 79.85, 80.018, 79.892, 78.116, 77.768, 75.886, 76.132, 77.29, 77.412, 78.844, 79.488, 79.1, 78.38, 78.656, 78.2, 79.032, 79.922, 80.2, 80.712, 80.396, 80.088, 80.494, 81.27, 81.376, 81.146, 81.114, 80.966, 81.412, 81.632, 81.902, 81.974, 82.078, 82.152, 82.288, 82.342, 82.758, 82.758, 82.92, 82.576, 82.806, 83.094, 82.806, 83.036, 83.3, 83.016, 83.048, 83.192, 83.026, 83.12, 83.188, 83.052, 83.242, 83.34, 83.47, 83.42, 83.046, 83.104, 83.106, 83.27, 83.332, 82.99, 83.186],