{"epoch": 199, "batch_size": 128, "net": "efficientnet_b0", "best_acc": 75.03, "parameters": 4020358, "train_loss": [2.930049728554533, 2.158218571597048, 2.0594671104875064, 1.9963182454828716, 1.9381736132799816, 1.884251032948799, 1.8273135536467022, 1.7796818316745027, 1.7313710731618546, 1.673089764002339, 1.6277141994832423, 1.5813125597546474, 1.540540722020142, 1.510717592275966, 1.4723153135660665, 1.427587889649374, 1.3865782638340045, 1.352064707090178, 1.3131450811005614, 1.2784955730218717, 1.2410885235842537, 1.21876489978922, 1.1932956396466325, 1.1498095182811512, 1.1622420130178446, 1.110706361968194, 1.0735818364126297, 1.0384565706143294, 1.0172807938607453, 0.9950923405949722, 0.9736460351273227, 0.9750980259207509, 0.9319071650809949, 0.9291752922870314, 0.8996514874650999, 0.8789236137019399, 0.8547308379426941, 0.8412253298722875, 0.8243448818126298, 0.8254968351720239, 0.7878513805701605, 0.7775569675523607, 0.8459536817372607, 0.8556111331486032, 0.8209265452211775, 0.778068329824511, 0.7373481473654432, 0.7294945272490801, 0.7053516610808994, 0.6989554467865878, 0.7496256111832835, 0.6990430778859521, 0.6727652731149093, 0.7185917617872243, 0.6512790907679311, 0.6379832529350925, 0.6285500476122512, 0.6167574102616371, 0.6149446519896807, 0.6025992378097056, 0.5918651803984971, 0.5838503153122905, 0.5720881099438728, 0.5486230342589375, 0.5351623967480477, 0.5372361523263595, 0.5136634647236455, 0.5081243500532702, 0.4874657041124066, 0.47076097694809177, 0.46836803140847577, 0.45410930775010677, 0.4501006690894856, 0.4306074964725758, 0.4545487983299948, 0.46787563438915536, 0.4105059233163019, 0.3985590771259859, 0.41529004618792276, 0.3866308996134707, 0.368952693117549, 0.3591096333759215, 0.35080260804394625, 0.3430421252537261, 0.3356463514706668, 0.3251148085002704, 0.3246711198326267, 0.3179029110828629, 0.3031079083528665, 0.29832679747849167, 0.4767149391838962, 0.40607051619940704, 0.3278030412809928, 0.2983336454004888, 0.27482321789807374, 0.2572376003960514, 0.25842858124953094, 0.24715298067425828, 0.2373133436836245, 0.24141411125050177, 0.23014497070971046, 0.22561452619712372, 0.21954233948227084, 0.21710755805606427, 0.21249774862509554, 0.2077823206782341, 0.20320454519956618, 0.2011152055790967, 0.20063903089374532, 0.18684662872796778, 0.1844055533714002, 0.18059790898543185, 0.17433136515795727, 0.1655846245377265, 0.16914464096012322, 0.16521925888860317, 0.19148277777159, 0.15313468860162188, 0.14638193819643286, 0.14833044268362358, 0.1421108198021074, 0.137223335626104, 0.13418262937794562, 0.13604441911096463, 0.1288288594854762, 0.1288881272820713, 0.11880521462930133, 0.12101899259878546, 0.11341420481996158, 0.11308182945565494, 0.11043263296298969, 0.1060031637015855, 0.10589623089184237, 0.10133906610100471, 0.10149746537780213, 0.09439637045592755, 0.0916591766516647, 0.09509478193586288, 0.08687694054906783, 0.08972326513913358, 0.08395870126631406, 0.08451198414920846, 0.07933956768620959, 0.07975901382239274, 0.07959138752316194, 0.07562732702249761, 0.07421310938885221, 0.07153822015494565, 0.07061450725273631, 0.06869427613732988, 0.06789662680395729, 0.06415893124830921, 0.06538554749039509, 0.0604874798956582, 0.06142981585277164, 0.060244583055529446, 0.060794325862222776, 0.05742489151856707, 0.05723190534135798, 0.05592059637741436, 0.0520179417803693, 0.05484278711830945, 0.05081683373950479, 0.05206481298274549, 0.05083829083401338, 0.048264378908059326, 0.04827951776373493, 0.047082461145184835, 0.04759351684547523, 0.047128841464938905, 0.045822035996457726, 0.0456363464541295, 0.04637885118103431, 0.04078060396901711, 0.04308314784727705, 0.04206921456886641, 0.041156989978412, 0.03990620762333655, 0.04169036983988722, 0.0389874654124155, 0.038620294287295825, 0.03902905391793593, 0.03815217904122475, 0.040542287575176264, 0.038222368439192626, 0.03457368654853967, 0.03546719508611209, 0.03724724583118163, 0.03782598932435655, 0.03739987638102525, 0.03800457874503549, 0.034770310508049164, 0.036425877516122196, 0.036297432578387946, 0.036457237955617484, 0.03745846185818924, 0.03534682132714592, 0.03363653596805032, 0.03608175600066667, 0.03641144652693721], "train_acc": [16.548, 20.706, 23.414, 25.784, 27.792, 29.984, 32.17, 34.08, 35.75, 38.176, 40.032, 41.74, 43.286, 44.464, 46.674, 48.05, 49.346, 50.87, 52.532, 53.926, 55.536, 56.516, 57.496, 58.976, 58.522, 60.466, 61.784, 63.016, 63.938, 64.63, 65.648, 65.6, 66.96, 67.056, 68.006, 68.658, 69.634, 69.96, 70.596, 70.51, 72.034, 72.348, 70.294, 69.678, 71.02, 72.498, 73.744, 74.324, 74.716, 75.118, 73.754, 75.132, 75.964, 74.474, 76.692, 77.32, 77.434, 77.922, 77.908, 78.33, 78.866, 79.074, 79.568, 80.506, 80.842, 80.63, 81.356, 81.602, 82.414, 82.998, 83.08, 83.614, 83.75, 84.512, 83.704, 83.22, 85.132, 85.644, 85.268, 86.002, 86.64, 86.924, 87.43, 87.56, 87.99, 88.336, 88.258, 88.62, 89.02, 89.24, 83.71, 85.354, 88.192, 89.282, 90.104, 90.692, 90.596, 91.022, 91.516, 91.314, 91.782, 91.912, 92.11, 92.168, 92.392, 92.56, 92.768, 92.734, 92.878, 93.264, 93.344, 93.44, 93.724, 94.078, 93.984, 94.14, 93.318, 94.52, 94.666, 94.694, 94.836, 95.092, 95.138, 95.164, 95.4, 95.446, 95.748, 95.64, 95.908, 95.946, 96.106, 96.254, 96.244, 96.374, 96.456, 96.68, 96.736, 96.698, 96.862, 96.924, 97.06, 97.002, 97.158, 97.182, 97.22, 97.416, 97.382, 97.57, 97.518, 97.546, 97.702, 97.762, 97.746, 97.892, 97.814, 97.944, 97.904, 97.97, 97.978, 98.092, 98.128, 98.122, 98.2, 98.2, 98.27, 98.314, 98.286, 98.316, 98.296, 98.358, 98.424, 98.404, 98.412, 98.584, 98.496, 98.61, 98.554, 98.602, 98.524, 98.706, 98.636, 98.608, 98.67, 98.65, 98.688, 98.812, 98.792, 98.682, 98.728, 98.66, 98.7, 98.802, 98.756, 98.762, 98.754, 98.686, 98.806, 98.83, 98.738, 98.754],