{"epoch": 199, "batch_size": 128, "net": "efficientnet_b0", "best_acc": 79.3, "parameters": 4020358, "train_loss": [2.875143106636184, 2.1570457213979854, 2.0660642855002753, 2.0056655818544082, 1.9483270245744748, 1.891134011166175, 1.835792638761613, 1.7936535393795394, 1.738365317549547, 1.6897903232623244, 1.6426926589073123, 1.597200061659069, 1.5522751106935389, 1.5158521302825654, 1.4744242710225723, 1.4364644526825536, 1.3853176884029224, 1.3484063386307348, 1.31008754575344, 1.2675202908113485, 1.2287132587579206, 1.1933989424229887, 1.1689578720065943, 1.1280369804338422, 1.0939065539623465, 1.0520709211869008, 1.0556154577323542, 1.029033285577584, 0.9809827322850142, 0.94588807583465, 0.9350000173234574, 0.9046915560732107, 0.8840617863723385, 0.8763179362887312, 0.8524652832304426, 0.8193054167206025, 0.7997899334448988, 0.7785028126233678, 0.7626665406824683, 0.7565913983927969, 0.7645913124694239, 0.7198044922955505, 0.7194228154771468, 0.6966641310535734, 0.6738208561297268, 0.661739167883573, 0.6510372360801453, 0.660708599688147, 0.6337898391134599, 0.612907300977146, 0.6065966523516818, 0.5895881692466833, 0.5829283410630872, 0.5753398375285556, 0.5585984401690686, 0.558491423154426, 0.6172914658970845, 0.5593219122770802, 0.5399191390218028, 0.5634869286013992, 0.7478207775089137, 0.607218806091172, 0.6061637416062757, 0.5588553692678662, 0.6184181486401716, 0.6129159523398066, 0.6209647796495491, 0.5425947085213478, 0.5578509423586414, 0.5792338570670399, 0.6274231769849578, 0.6713459955152038, 0.5501194169454258, 0.5224611124266749, 0.5255953188594955, 0.723790588510006, 0.6332140644188122, 0.5363851389311769, 0.5013082718757718, 0.4821709110913679, 0.467922709253438, 0.46923858826727516, 0.44789628867450576, 0.44015735418290436, 0.4294005580189283, 0.42019085212589224, 0.4160982478991189, 0.43459652162268947, 0.4038879869462889, 0.38970809290781044, 0.39468974850671673, 0.5245355890535027, 0.4439410911039318, 0.4192918899952603, 0.401165911532424, 0.40049945645015256, 0.41530222386655297, 0.3758168048261072, 0.3560034209657508, 0.34351110763257114, 0.3339333544149423, 0.34927790922581997, 0.45357576706220426, 0.3506824551031108, 0.35594000120449554, 0.43276784864380535, 0.46363012305915813, 0.35747948105987687, 0.34334754440790555, 0.4043187098506162, 0.37093177235797237, 0.5073195693971556, 0.5710904544881542, 0.4183746071727684, 0.3875818291054967, 0.3559816950727302, 0.3178863415632711, 0.30723485243899745, 0.3362282702075246, 0.3626686318984727, 0.31394765844278016, 0.3488959087740125, 0.33925220766640685, 0.3162738039060627, 0.2798938096103156, 0.3188094791320279, 0.27441301901855736, 0.2654395975039133, 0.24186690239345326, 0.27200733565384777, 0.24587413708648415, 0.23646327344429158, 0.23668352323953454, 0.23444412530535627, 0.22737323469899196, 0.21235422365119694, 0.20986499591632876, 0.20732261860728873, 0.20763593191838325, 0.1883516609097076, 0.18161436694357402, 0.18625603459985055, 0.1802934617413889, 0.19468752952182994, 0.17794525388942656, 0.16723557493037275, 0.1609522246700876, 0.15394720806718787, 0.16219707711806994, 0.15539675323135407, 0.1535577601503076, 0.15088594085572626, 0.14308438339577917, 0.13765053341493888, 0.1289650729340513, 0.13460316255574337, 0.12726179256920925, 0.12642340891329987, 0.11993314991788485, 0.12024110332226662, 0.11383260925636267, 0.1127790199864246, 0.1089867476631156, 0.10746468844659188, 0.10812304923048867, 0.10200207420836782, 0.10218901513501659, 0.10060837741017037, 0.09705079939988111, 0.09448731401006279, 0.09489803154335912, 0.0910138765354748, 0.09399234650708983, 0.09038796665056435, 0.08917798637352942, 0.08667416732920252, 0.08470477695431551, 0.0851648641974115, 0.08435881200253659, 0.08041078689724893, 0.08084082767329252, 0.08377430039455595, 0.07731509912292213, 0.07741751417022227, 0.07509799733224427, 0.07486906344704616, 0.07381778773482499, 0.07706459339165017, 0.07181639735922789, 0.07525403112115915, 0.07452548764493612, 0.07444032537453163, 0.07364885704568051, 0.07462456792621586, 0.07516929429367451, 0.06924316269891037, 0.07406248061743843, 0.07232320744334661, 0.07123846579533633, 0.07328542619181411], "train_acc": [16.334, 20.248, 23.48, 25.046, 27.292, 29.312, 31.794, 33.372, 35.57, 37.594, 39.51, 41.164, 42.934, 44.566, 46.278, 47.898, 49.586, 51.16, 52.644, 54.188, 55.698, 57.318, 58.228, 59.834, 60.818, 62.474, 62.298, 63.464, 65.254, 66.698, 66.874, 67.692, 68.768, 69.2, 69.674, 70.978, 71.842, 72.44, 73.004, 73.338, 72.982, 74.498, 74.616, 75.476, 76.026, 76.4, 76.848, 76.496, 77.534, 78.154, 78.522, 78.928, 79.242, 79.266, 80.06, 80.088, 78.394, 79.836, 80.768, 80.474, 73.774, 78.544, 78.64, 80.422, 78.302, 78.448, 78.068, 80.856, 80.082, 79.726, 78.068, 76.016, 80.428, 81.424, 81.356, 74.606, 77.658, 80.786, 82.312, 82.842, 83.252, 83.264, 83.96, 84.164, 84.762, 85.08, 85.184, 84.58, 85.476, 86.026, 85.878, 81.446, 84.094, 85.2, 85.576, 85.514, 85.148, 86.582, 87.304, 87.616, 88.062, 87.474, 83.936, 87.446, 87.368, 84.736, 83.49, 87.252, 87.838, 85.482, 86.802, 82.214, 79.722, 85.06, 86.048, 87.218, 88.524, 88.966, 88.15, 86.904, 88.694, 87.524, 87.7, 88.74, 89.92, 88.51, 90.142, 90.494, 91.296, 90.22, 91.146, 91.35, 91.548, 91.506, 91.758, 92.366, 92.434, 92.668, 92.508, 93.338, 93.47, 93.304, 93.51, 92.956, 93.6, 94.008, 94.16, 94.49, 94.164, 94.408, 94.392, 94.508, 94.818, 95.11, 95.366, 95.166, 95.424, 95.456, 95.542, 95.714, 95.908, 95.954, 96.138, 96.156, 96.03, 96.332, 96.372, 96.326, 96.542, 96.69, 96.488, 96.788, 96.672, 96.774, 96.764, 96.97, 96.978, 96.942, 96.94, 97.072, 97.008, 96.976, 97.19, 97.182, 97.254, 97.348, 97.348, 97.296, 97.476, 97.3, 97.32, 97.316, 97.348, 97.386, 97.264, 97.544, 97.362, 97.378, 97.436, 97.462],