{"epoch": 199, "batch_size": 128, "net": "efficientnet_b3", "best_acc": 82.69, "parameters": 10711602, "train_loss": [2.957414921592264, 2.231301230847683, 2.1719787486678803, 2.129069810633159, 2.0935086664336415, 2.056908531262137, 2.009632941707016, 1.9711946267301164, 1.9247340616362785, 1.8801278284443614, 1.83587527427527, 1.7857749440785868, 1.7450273521720905, 1.7013528203720327, 1.6537589395747465, 1.611655204497335, 1.5626606916832497, 1.5186886802658706, 1.4712149398711027, 1.43690008854927, 1.3921471099414484, 1.3554499524328716, 1.3073407202730398, 1.2682111246506576, 1.2372346877137108, 1.2093216976546266, 1.181414736963599, 1.1511194930052209, 1.1342827740227779, 1.10485580738853, 1.0520669115168968, 1.0136472139212176, 1.0063596630035458, 0.9682839474714625, 0.9588764044634827, 0.9079688363672828, 0.8655488408739914, 0.8431372796483052, 0.8295752337521605, 0.8040347549006762, 0.7728383595986135, 0.7791317837012698, 0.8166031671302093, 0.729887648769047, 0.7150485350195405, 0.6870841326006233, 0.6613319191481452, 0.6928481019823752, 0.6436731572956076, 0.6388698084580015, 0.6222183051164193, 0.5927270901629992, 0.5783474028415387, 0.5758333892925925, 0.551581171162598, 0.5568788787897896, 0.5317124774693833, 0.518415466751284, 0.507448746572675, 0.4900809190309871, 0.4879082449714241, 0.4738573524195825, 0.4584622351104951, 0.5872798819676079, 0.621297264876573, 0.5200506781830507, 0.460138687697213, 0.4494652151299255, 0.46766180493642606, 0.4972207261930646, 0.5354935339344736, 0.5784214402708556, 0.477802342237414, 0.42971285057189823, 0.4071807437921729, 0.3884047350996291, 0.3828017042421014, 0.3725408490966348, 0.373084068412671, 0.35895347884853784, 0.3756931542283129, 0.35822078806664936, 0.3367771833296627, 0.33309040449159527, 0.325129882606399, 0.31520336870189825, 0.3088265333105536, 0.2997613562952222, 0.2873626148990353, 0.3338245408004507, 0.2825807730864991, 0.26554501018560756, 0.2639117025200973, 0.2532158986381862, 0.24583308139572974, 0.24170116725785043, 0.2329863153988748, 0.22390182255326635, 0.21818316148598785, 0.21246418810409048, 0.20786868064376093, 0.2094715390821247, 0.19065849984164737, 0.18536991917568704, 0.1893500721896701, 0.17147404072649033, 0.17150328174004775, 0.16061640795691848, 0.16283310667785536, 0.21249610921153633, 0.2724617511758109, 0.21712399184551384, 0.1960056471016706, 0.18221222744573412, 0.18236073321851012, 0.14191405031153614, 0.14432436069640356, 0.1999805451411268, 0.20902336824237538, 0.1510206143302686, 0.19799652785215233, 0.16833781609144968, 0.20754979672791707, 0.18830380386784865, 0.23934483541475843, 0.1898731651437252, 0.13728716153927775, 0.16536936414478076, 0.13209424599471603, 0.16821426513326138, 0.13792046898847346, 0.20009758524463306, 0.21287836391678858, 0.18419093044136492, 0.13203341701089422, 0.1149083625125077, 0.11243007241574395, 0.10200293710374314, 0.11250589070532023, 0.08691017487374565, 0.08489107888411074, 0.08534651004787906, 0.08291262232929544, 0.08186099788083522, 0.07564125771460402, 0.09144418895997279, 0.07524399925261507, 0.07388655132259173, 0.08333025570682552, 0.07801017386938834, 0.0692514699247792, 0.11309005299587842, 0.07869010474628119, 0.0661210450712982, 0.05953570890009327, 0.06192822695550178, 0.053869179671492115, 0.054035016728560335, 0.050171795234446176, 0.05417588818818331, 0.05060249426618904, 0.04846130676515153, 0.04716563404030393, 0.047584066646235525, 0.04462977946745446, 0.040538527340035116, 0.04191051938992632, 0.03966614519438856, 0.04039599156231069, 0.036284035418296945, 0.03786340224511369, 0.03538183801357284, 0.03471869361096198, 0.03601931543875476, 0.03219008404354248, 0.030247312553031633, 0.030369221876539728, 0.02937894601248624, 0.032758967877696735, 0.02769592587057206, 0.028285729164695916, 0.02717260697343246, 0.027917622458761383, 0.027537800095942054, 0.02614014781326713, 0.02554053774394114, 0.025577285039998458, 0.02496301985549433, 0.02606373750801196, 0.024218813682932532, 0.02490883995600216, 0.02556224635509236, 0.025448897298064578, 0.023029576878353972, 0.024385398356666754, 0.02609691300871246, 0.025342393757613456, 0.02431962372499335, 0.02523197526888698, 0.02418842101398179], "train_acc": [14.346, 17.676, 19.18, 20.662, 22.404, 23.478, 25.418, 27.116, 28.914, 30.786, 32.344, 33.914, 36.308, 38.054, 39.466, 41.008, 43.114, 44.764, 46.544, 47.678, 49.574, 51.136, 53.034, 54.556, 55.728, 56.946, 58.02, 59.122, 59.804, 60.952, 62.856, 64.104, 64.24, 65.696, 66.282, 68.034, 69.454, 70.142, 70.688, 71.72, 72.858, 72.79, 71.542, 74.43, 74.842, 75.762, 76.616, 75.908, 77.562, 77.552, 78.178, 79.03, 79.612, 79.636, 80.59, 80.166, 81.138, 81.582, 81.822, 82.576, 82.662, 83.176, 83.63, 79.852, 78.34, 81.846, 83.52, 84.162, 83.556, 82.496, 81.178, 79.568, 83.14, 84.77, 85.412, 86.184, 86.286, 86.566, 86.652, 87.138, 86.658, 87.248, 87.896, 88.14, 88.516, 88.672, 88.944, 89.11, 89.682, 88.136, 89.842, 90.456, 90.466, 90.822, 91.034, 91.204, 91.536, 91.992, 92.126, 92.314, 92.494, 92.358, 93.116, 93.398, 93.204, 93.804, 93.862, 94.322, 94.166, 92.59, 90.402, 92.326, 92.91, 93.408, 93.536, 94.886, 94.898, 92.92, 92.686, 94.596, 93.012, 94.082, 92.682, 93.288, 91.428, 93.138, 95.012, 94.084, 95.376, 93.994, 95.146, 93.032, 92.498, 93.472, 95.202, 95.834, 95.864, 96.364, 95.988, 96.886, 96.96, 97.038, 97.038, 97.038, 97.3, 96.768, 97.332, 97.348, 97.03, 97.206, 97.584, 96.044, 97.252, 97.678, 97.836, 97.776, 98.086, 98.088, 98.24, 98.11, 98.236, 98.29, 98.322, 98.376, 98.424, 98.61, 98.544, 98.65, 98.586, 98.776, 98.72, 98.728, 98.79, 98.76, 98.866, 98.988, 98.962, 98.98, 98.818, 99.086, 99.004, 99.092, 99.044, 99.09, 99.1, 99.152, 99.112, 99.17, 99.094, 99.158, 99.112, 99.134, 99.084, 99.214, 99.13, 99.122, 99.134, 99.152, 99.166, 99.168],