{"epoch": 199, "batch_size": 128, "net": "efficientnet_b7", "best_acc": 83.73, "parameters": 63812570, "train_loss": [3.1523318930964948, 2.2686830951124812, 2.2192615560253564, 2.196229954814667, 2.168323767459606, 2.1464210102320327, 2.1315542395462463, 2.1144933078600014, 2.0933354785070395, 2.075357584697206, 2.054163222422685, 2.0285600097587957, 2.005335963900437, 1.982943139112819, 1.9544009070872042, 1.9261947318416117, 1.8895774250445159, 1.858987439318996, 1.8247655858774015, 1.8001465587054981, 1.7817058343716594, 1.748909197804873, 1.7157952657441045, 1.6709292252045458, 1.6396664176755549, 1.6121728908070518, 1.5848779940544186, 1.5494488919787395, 1.5096674233751224, 1.5491110677914242, 1.493966367543506, 1.4640634392228578, 1.4587578246050783, 1.4519865659191786, 1.4598546848272729, 1.4204115513950357, 1.5148696015253091, 1.7983734424766677, 1.6161140865072265, 1.5454686880111694, 1.459328417887773, 1.7051982833906207, 1.603206913794398, 1.4844867561174475, 1.4230196576594087, 1.3610526497101845, 1.318294396790702, 1.2883474207900065, 1.2530714739923892, 1.2017432185999877, 1.3266117097166799, 1.2127824745824576, 1.2755957934862512, 1.1521814616439898, 1.0902070660725274, 1.0358170847148847, 0.9988733368456516, 0.984508837885259, 0.9597357538959864, 0.920689276112315, 0.966860886272567, 0.8657548737038127, 0.9323891297630642, 0.8744877131698686, 0.8528170760940103, 0.8132434633686719, 0.7630411926132944, 0.7927496532345062, 0.8482869616554826, 0.7513045569514984, 0.981623016659866, 0.9096070070705755, 0.8809837843755932, 0.7271583602404046, 0.6718614986333091, 0.6450797642588311, 0.6199580714525774, 0.6099848850151462, 0.5866696374190737, 0.6156534110493672, 0.7141961988128359, 0.5759320414584616, 0.7761699022234553, 0.6276911689192438, 0.5551301908614995, 0.5331130222896175, 0.5187110958806694, 0.5303170941674801, 0.5896921769127517, 0.7024537759363804, 0.640026796428139, 0.5685475085245069, 0.507446907898959, 0.8126109839247926, 0.7796372536503141, 0.6555206850361641, 0.6563661894225099, 0.6150484930371385, 0.5999995282543894, 0.5815869435629881, 0.5834478557567158, 0.530870920709332, 0.4990293582534546, 0.5289005179082036, 0.48004227853796977, 0.49964101311495845, 0.4621121110513692, 0.45660201027570174, 0.5313245028333591, 0.5275075695551265, 0.46098548318723886, 0.4398277110760779, 0.42186839070618914, 0.425459110942643, 0.40691398800638934, 0.5278651935746298, 0.4350410557692618, 0.40385873227015784, 0.3937392589609946, 0.5461955022857622, 0.7205860217666382, 0.7147593009654823, 0.6005585531292059, 0.6986367750503218, 0.6059212714357449, 0.544719805955277, 0.5088070804048377, 0.47465863972521194, 0.4515229440711038, 0.43517146711154364, 0.698072325390623, 0.5760739968560845, 0.5270926067438881, 0.5010117184170677, 0.49766520046821944, 0.48970580154367727, 0.4627911533083757, 0.4378505187571201, 0.4863939773853478, 0.457168218729746, 0.4843992512396839, 0.683146308069034, 0.5989141972625956, 0.5573278038245638, 0.5302602703614003, 0.5081174137342311, 0.4911143371973501, 0.48227059726824845, 0.46436348854733245, 0.45271503871968943, 0.442638325874153, 0.42513199184861633, 0.42168918217691925, 0.41197207913069467, 0.40163653925099335, 0.3955799321384381, 0.38827531828599815, 0.3790874319232028, 0.37296986084459993, 0.3676288698411659, 0.35779021474558986, 0.35905035061147206, 0.3539594384791601, 0.3459150035058141, 0.34009008494484455, 0.33807001085689914, 0.33579246101476956, 0.33171366113226125, 0.3227345089397162, 0.32262788217543337, 0.31743157477787387, 0.31031618901835684, 0.3075257157883071, 0.30137629856538894, 0.3019727890944237, 0.30359810865138803, 0.30366378227996704, 0.29860245146791037, 0.29883798328049654, 0.29265883111435437, 0.2892974007998586, 0.2861777455224406, 0.2894221730625538, 0.28715118102710263, 0.28857690050169027, 0.2850663836883462, 0.285185599875877, 0.2800878196040078, 0.28710119508187787, 0.2827993657277978, 0.2825042468964901, 0.28200954934367745, 0.28013949484928796, 0.28142770717058646, 0.278444808881606, 0.28075186247029876, 0.27919616098599054, 0.27815688350011625, 0.2816897412700117, 0.2823384006691101], "train_acc": [13.614, 16.342, 17.53, 18.414, 19.196, 20.118, 20.884, 21.356, 22.17, 22.63, 23.458, 24.47, 25.592, 26.474, 27.71, 28.836, 30.376, 32.026, 32.712, 34.232, 34.882, 36.356, 37.464, 39.13, 40.3, 41.486, 42.302, 43.896, 45.416, 43.792, 45.702, 47.092, 47.352, 47.99, 48.384, 49.036, 45.496, 33.56, 40.594, 43.024, 47.004, 37.448, 40.134, 45.236, 47.942, 50.248, 51.87, 53.468, 54.462, 56.644, 52.36, 56.49, 54.67, 58.886, 61.212, 63.006, 64.578, 65.246, 65.684, 67.672, 66.106, 69.606, 67.356, 69.286, 70.168, 71.612, 73.26, 72.5, 70.446, 73.776, 65.922, 68.096, 69.45, 74.464, 76.484, 77.246, 78.178, 78.496, 79.496, 78.596, 75.518, 79.938, 73.33, 78.228, 80.67, 81.348, 81.812, 81.604, 79.628, 75.466, 77.828, 80.002, 82.336, 72.384, 73.092, 77.296, 77.474, 78.976, 79.436, 79.96, 79.764, 81.552, 82.78, 81.792, 83.204, 82.614, 83.976, 84.028, 81.672, 81.452, 84.02, 84.72, 85.166, 85.06, 85.58, 81.704, 84.774, 85.842, 86.188, 81.098, 75.252, 74.828, 78.918, 75.602, 78.58, 80.84, 81.958, 83.324, 84.138, 84.668, 75.706, 79.63, 81.316, 82.45, 82.372, 82.776, 83.796, 84.552, 82.888, 83.714, 83.13, 76.118, 78.926, 80.262, 81.33, 82.038, 82.574, 82.966, 83.746, 83.824, 84.432, 85.116, 85.356, 85.608, 85.95, 86.164, 86.452, 86.856, 87.068, 87.052, 87.398, 87.404, 87.63, 87.854, 88.04, 88.128, 88.096, 88.126, 88.638, 88.658, 88.73, 89.048, 89.234, 89.318, 89.292, 89.17, 89.188, 89.554, 89.546, 89.626, 89.734, 89.848, 89.752, 89.808, 89.822, 89.952, 89.898, 90.086, 89.86, 90.042, 89.976, 90.046, 90.066, 90.02, 90.212, 90.2, 90.114, 90.232, 90.066, 89.956],