{"epoch": 199, "batch_size": 128, "net": "efficientnet_b1", "best_acc": 80.94, "parameters": 6525994, "train_loss": [2.886197998700544, 2.2558560212859717, 2.181888704714568, 2.1374614558866263, 2.0929863019977386, 2.0495099527451694, 2.007550808169958, 1.9565649306987558, 1.9037967978231132, 1.84522665675034, 1.7815952487004079, 1.7284181307038993, 1.6794687411974154, 1.6358947702076123, 1.5893115390597097, 1.5457240861395132, 1.4990613710544909, 1.4613281354270018, 1.4219499756308163, 1.3772687756496926, 1.3454640500075983, 1.3152578303881008, 1.3092761112905829, 1.2530729526753925, 1.2094192578054754, 1.1753315172536904, 1.1409195317026903, 1.1122660862515346, 1.0710673134040345, 1.0462278751156213, 1.0328134566621707, 0.9906813054133559, 0.965152562426789, 0.9463922852445441, 0.9170340848395891, 0.9147672110506336, 0.9091699528877083, 0.8532422567572435, 0.8426015168199759, 0.8162696867647683, 0.7998230775908741, 0.7795611155002623, 0.7680027333976668, 0.7548107474356356, 0.7725625304157472, 0.7182654735377377, 0.6984724186722885, 0.6909860370256712, 0.674519959770505, 0.6684111786620391, 0.6537621814729003, 0.6486759861107068, 0.6323797945171366, 0.6159350449014502, 0.6144912630090933, 0.5927648749345403, 0.7263544634784884, 0.6100384706578901, 0.5715235292606646, 0.558885756737131, 0.5454988430070755, 0.5351415546348942, 0.5799384586646429, 0.5290519207944651, 0.5176306978973282, 0.5085621591266769, 0.4996414179234858, 0.49601091166286515, 0.48976433452437906, 0.4985229462918723, 0.4829753067182458, 0.46275816671073894, 0.4596141281030367, 0.44225115281389193, 0.4326193224819725, 0.42730910801674094, 0.4186129055517104, 0.41420271459138, 0.4124440484492065, 0.4249881033016288, 0.3817755086037814, 0.38887440731458345, 0.37685312852835107, 0.3685640954910337, 0.3536052820475205, 0.35036758621178016, 0.3461181957398534, 0.33408164314906613, 0.3216292091723903, 0.3202809596534275, 0.3082672541632372, 0.307944909004909, 0.30301723135706715, 0.29526793941512436, 0.28908266733064675, 0.27649638312094654, 0.2734055697270062, 0.26567654818525094, 0.25519289909040227, 0.2529704369928526, 0.24519902435333832, 0.2351618496239033, 0.2328414122581177, 0.22303017590890456, 0.22430438634074862, 0.21319835726409922, 0.22206564053245212, 0.20446332124874111, 0.2044588049487842, 0.1911563406057675, 0.18326713631639396, 0.18017697330478513, 0.17508846318439755, 0.17280016227832537, 0.17203056444521145, 0.16776852489775404, 0.15840287519918989, 0.1528963394120069, 0.15016791631308052, 0.15102512727651146, 0.13964302901683562, 0.13980382821901374, 0.1327450167854576, 0.12838924656171932, 0.12339668017823982, 0.12146251328537226, 0.11760785619316198, 0.11327737013397314, 0.11169007545351373, 0.10946292427304151, 0.10692362114310722, 0.10623163111088678, 0.09716255384999925, 0.09480009793930347, 0.09237668224041114, 0.09302544738154125, 0.09029516201856953, 0.08623991538639493, 0.08320935816049119, 0.07967635532579077, 0.0783739568537001, 0.07611657760541915, 0.07691034554596753, 0.07087108627190371, 0.0667397523408427, 0.0649307367827772, 0.06363813514056642, 0.06270419252212242, 0.06343197808279406, 0.05866483103631593, 0.05358957103155839, 0.05633166579582045, 0.05372182007097756, 0.05380270916068226, 0.04935739371839844, 0.05076080346075089, 0.04885661139991373, 0.04713963718413163, 0.04251326004619641, 0.04081300383938662, 0.04292644090150171, 0.040955497555749114, 0.03858128625928136, 0.03981093451668939, 0.0353208485463172, 0.03405352993010808, 0.036326167819178315, 0.03305361330654482, 0.033255140875320874, 0.031035723258762637, 0.03024356440543328, 0.031806889365848794, 0.027077459163911393, 0.03074644363480513, 0.026017204500482324, 0.02765498075502046, 0.026042936274500758, 0.023342820093133355, 0.023499677135475704, 0.02382235081694887, 0.023856158843776093, 0.02071549076839443, 0.023080058850209844, 0.0223449654695566, 0.021152476381446184, 0.02141763204592578, 0.021517908298577207, 0.020791749126793546, 0.019883300908996017, 0.01955144577082056, 0.020156061069270516, 0.02054656547038099, 0.0194060674173605, 0.019226767778065524, 0.01879267886568628, 0.020017933280295348, 0.0186951668293494, 0.019430859245584988, 0.019689634892806087, 0.020065782496722324], "train_acc": [13.418, 16.814, 18.87, 20.93, 22.392, 24.084, 26.022, 27.76, 30.282, 32.592, 34.48, 36.75, 38.704, 40.222, 42.514, 44.014, 45.708, 47.138, 48.93, 50.51, 52.222, 52.984, 53.112, 55.348, 57.098, 58.332, 59.554, 60.714, 61.984, 63.022, 63.534, 64.812, 65.786, 66.514, 67.532, 67.712, 68.09, 69.658, 70.194, 71.162, 71.88, 72.628, 72.868, 73.614, 72.928, 74.64, 75.174, 75.66, 76.21, 76.41, 77.038, 77.186, 77.682, 78.262, 78.23, 79.042, 74.95, 78.592, 79.792, 80.308, 80.48, 80.916, 79.492, 81.28, 81.65, 81.746, 82.152, 82.49, 82.57, 82.324, 82.75, 83.506, 83.71, 84.158, 84.478, 84.68, 85.206, 85.16, 85.244, 84.878, 86.286, 86.082, 86.676, 86.768, 87.384, 87.302, 87.482, 87.998, 88.404, 88.398, 88.746, 88.856, 89.206, 89.312, 89.482, 89.974, 90.1, 90.414, 90.594, 90.93, 90.988, 91.6, 91.536, 91.886, 91.94, 92.302, 92.144, 92.584, 92.606, 93.13, 93.36, 93.44, 93.676, 93.788, 93.96, 93.896, 94.276, 94.472, 94.498, 94.55, 94.898, 94.966, 95.302, 95.35, 95.57, 95.608, 95.804, 95.94, 96.05, 96.082, 96.128, 96.128, 96.448, 96.54, 96.668, 96.678, 96.82, 96.88, 97.032, 97.102, 97.198, 97.282, 97.35, 97.47, 97.624, 97.704, 97.698, 97.828, 97.8, 97.902, 98.098, 97.946, 98.122, 98.124, 98.238, 98.238, 98.312, 98.378, 98.494, 98.668, 98.506, 98.592, 98.616, 98.678, 98.786, 98.814, 98.732, 98.868, 98.788, 98.954, 98.918, 98.892, 99.064, 98.944, 99.104, 99.008, 99.158, 99.156, 99.174, 99.212, 99.2, 99.28, 99.188, 99.222, 99.278, 99.254, 99.286, 99.336, 99.32, 99.356, 99.316, 99.304, 99.346, 99.372, 99.356, 99.342, 99.426, 99.31, 99.32, 99.33],