{"epoch": 199, "batch_size": 128, "net": "efficientnet_b4", "best_acc": 82.32, "parameters": 17566546, "train_loss": [2.9850556838238025, 2.213482389669589, 2.1504442612533374, 2.1096191692840107, 2.0694275316984756, 2.0415499634145164, 2.004178756033368, 1.9727091487411343, 1.9407241109691922, 1.9019470974002652, 1.8651139037993254, 1.8314949423455826, 1.7894315433014385, 1.7649125138207165, 1.7280591168367039, 1.680740807672291, 1.6531066623185298, 1.6177132666263434, 1.5907009699765373, 1.5539980687753623, 1.5099868576240052, 1.5006535324599126, 1.4906466193211354, 1.4355749294276128, 1.4146112941415108, 1.3933999105487638, 1.3373550835167964, 1.2960718809186345, 1.2904094296038304, 1.2423327827392636, 1.2395998477326025, 1.1757555093301837, 1.1347472292687886, 1.1200425274231856, 1.110206837544356, 1.0563603846923164, 1.0153738345636432, 1.0093957906793756, 1.1690616548213812, 1.0356004889054067, 1.0077250671508673, 0.9289433860108066, 0.8918842751046886, 0.867537168895497, 0.8761948801367484, 0.8191216610886557, 0.8551368417642305, 0.8642392070092204, 0.7864103207502828, 0.7497834386423116, 0.8172185251779873, 0.9666279121433072, 0.8188118997132382, 0.7893687825068794, 0.7399451494064477, 0.7049945691967254, 0.7846564343365867, 0.7346821018801931, 0.7232485284738224, 0.8113456019355209, 0.75239521569913, 0.6763574720343666, 0.6665964650223627, 0.6450597332871478, 0.6424229632862999, 0.6085299672677998, 0.623395408510857, 0.7657386070627081, 0.6384770389255661, 0.600210905837281, 0.5792861254623783, 0.5550123306796374, 0.5576014987495549, 0.6077475912125824, 0.706028603989145, 0.5994228161966709, 0.555316909957115, 0.555568017846788, 0.630770487629849, 0.5990382948190051, 0.5834288657321345, 0.5358489978953701, 0.5899342496681701, 0.5740129291401495, 0.5362214562685593, 0.5230215322178648, 0.6232463034522503, 0.6638244403445203, 0.5889566663433524, 0.5268062331792339, 0.6238101037109599, 0.5601307653710056, 0.6129484585941295, 0.6431689951425928, 0.5719362715321124, 0.725362565130224, 0.6230130159793912, 0.5789974665702762, 0.5704047157026618, 0.5506508281011411, 0.6545147295193294, 0.5511147792229567, 0.5528188578765411, 0.5149612480112354, 0.4878742990210233, 0.4785108088379931, 0.455848431267092, 0.5133195078129049, 0.5752811312218151, 0.5975545399329242, 0.6240734206441113, 0.5432532130909697, 0.5178130332313841, 0.48219856215864804, 0.4667827958036262, 0.4520603615762023, 0.44666906810172685, 0.43954653005160943, 0.42839630874221585, 0.49410595666721957, 0.44334726329044916, 0.4220107168416538, 0.5379738686487193, 0.5110782942808497, 0.4544712206744172, 0.6534770791183042, 0.5790978749389843, 0.5174631839975372, 0.48562843773676, 0.460554529105306, 0.44270563156098663, 0.4294851904025163, 0.42264913239747365, 0.409008719579643, 0.4018306070962525, 0.4012972783021, 0.3976008106223153, 0.3857269836280047, 0.3765573023301561, 0.46925143985187306, 0.39597508722863844, 0.3819508226707463, 0.3671425524956125, 0.3607028548598594, 0.35893979283702343, 0.35365961663558354, 0.34469389709670223, 0.34044605482112417, 0.3438890416298986, 0.3362604996279987, 0.33377932999140164, 0.32803288635695377, 0.31882082882439694, 0.3179287150159211, 0.3117181352337303, 0.30919729901091825, 0.3099736793114401, 0.3242740838424019, 0.31035121475034355, 0.29762532222835, 0.29190373778952966, 0.2888168223449946, 0.28542438048459684, 0.2820731994441098, 0.27868001631763584, 0.28379280651774247, 0.2750322462805092, 0.2743214728010585, 0.26818448442327397, 0.2718160854809729, 0.2707026858845025, 0.26236183663158463, 0.26042669729503526, 0.2599590515808376, 0.2570068805342745, 0.2550357664408891, 0.25794046981941404, 0.25209765355376634, 0.2586168567352283, 0.2554501380838092, 0.2509561125427256, 0.254487859089966, 0.24794057886237683, 0.245547140155302, 0.24383062619687346, 0.2469483769839377, 0.2421621499044816, 0.24154017166332212, 0.24483925670080478, 0.24263651888160145, 0.2411737228788988, 0.23895520440605292, 0.24299694321420798, 0.24039333555704492, 0.2413829083904586, 0.24211781792094944, 0.23735404919709086, 0.24137977440186473, 0.24163330927529297, 0.23779794535673487], "train_acc": [15.206, 18.494, 20.34, 22.13, 23.372, 24.68, 26.148, 27.342, 28.666, 30.134, 31.666, 33.022, 34.318, 35.434, 36.612, 38.262, 39.344, 40.746, 41.652, 43.696, 44.76, 45.378, 45.914, 48.026, 48.69, 49.54, 51.634, 53.284, 53.964, 55.526, 55.842, 57.954, 59.61, 60.174, 60.566, 62.672, 64.204, 64.518, 58.802, 63.642, 64.664, 67.09, 68.538, 69.34, 69.394, 71.26, 70.124, 69.536, 72.35, 73.516, 71.784, 66.268, 71.646, 72.304, 74.182, 75.294, 72.738, 74.228, 74.748, 72.3, 73.764, 76.196, 76.66, 77.236, 77.446, 78.56, 78.146, 73.328, 77.488, 78.69, 79.586, 80.492, 80.464, 78.632, 75.49, 78.868, 80.472, 80.498, 77.806, 78.866, 79.444, 81.148, 79.256, 79.698, 81.034, 81.544, 78.348, 76.75, 79.336, 81.406, 78.008, 80.286, 78.526, 77.412, 79.836, 74.624, 77.972, 79.458, 79.858, 80.552, 76.976, 80.35, 80.446, 81.84, 82.732, 83.026, 83.74, 81.82, 79.612, 78.914, 77.906, 80.736, 81.552, 82.812, 83.426, 83.882, 84.298, 84.25, 84.812, 82.36, 84.09, 84.792, 81.074, 82.114, 83.662, 77.024, 79.638, 81.546, 82.546, 83.634, 84.274, 84.788, 84.816, 85.374, 85.79, 85.466, 85.64, 86.106, 86.216, 83.2, 85.622, 86.336, 86.732, 86.962, 87.044, 87.24, 87.556, 87.83, 87.508, 87.724, 87.904, 88.238, 88.416, 88.518, 88.668, 88.822, 88.88, 88.282, 88.738, 89.144, 89.502, 89.44, 89.71, 89.718, 89.88, 89.696, 89.994, 90.026, 90.116, 90.102, 90.042, 90.386, 90.464, 90.51, 90.646, 90.748, 90.702, 90.908, 90.638, 90.564, 90.816, 90.72, 90.948, 90.978, 91.108, 90.974, 91.154, 91.086, 91.118, 91.132, 91.236, 91.212, 91.236, 91.308, 91.122, 91.084, 91.164, 91.126, 91.208, 91.222],