{"epoch": 199, "batch_size": 128, "net": "efficientnet_b6", "best_acc": 84.58, "parameters": 40758754, "train_loss": [3.1324534269854847, 2.251560825825957, 2.1984134946027987, 2.1716041235667665, 2.1462491342173817, 2.122977352508194, 2.1001465765716474, 2.0754537628129923, 2.054845126693511, 2.0283984720249615, 2.0063038433299347, 1.9823401532209743, 1.9456534794224498, 1.9202969729747918, 1.8895244138015201, 1.8557434347279542, 1.8132284580899016, 1.781211795099556, 1.7932306348210405, 1.7727622967546859, 1.7086378299366787, 1.6573645403927855, 1.651069845689837, 1.6015401444471706, 1.5721038930556352, 1.5329230517682517, 1.5120482152075414, 1.4649224278262205, 1.5568824018663763, 1.4889998448169446, 1.436114745981553, 1.3701358667724883, 1.34571982344703, 1.3447594493246444, 1.314801071306019, 1.3102442099310248, 1.2940552112696422, 1.3337235688553442, 1.4213178477933646, 1.2746112938122371, 1.18285663978523, 1.148331324310254, 1.0959235589827419, 1.0529550760603317, 1.0167497007743171, 1.17081624025579, 1.049102142491304, 0.9914613974368786, 0.9361081374880603, 0.9635669547883446, 0.8961848839164694, 0.860177998500102, 0.8446061969413172, 0.8099224125332845, 0.8150608310918979, 0.8528596966162972, 1.0072275244671365, 0.9213300011956783, 0.8385528580611928, 0.8039878859849232, 0.7941002979912721, 0.7841731357147627, 0.980660574286795, 0.9048768059371988, 0.8380438958287544, 0.7405439293597971, 0.7046168438918755, 0.6688132420220338, 0.7234942215635344, 0.6817978642633199, 0.6678882634548275, 0.6442776829995158, 0.6049731211436679, 0.587945279791532, 0.574319988489151, 0.5783032405254481, 0.6311122634831596, 0.6404708636081432, 0.5662651391285459, 0.5322223919279435, 0.5145820676518218, 0.5550350672601129, 0.599883420083224, 0.5382336745481662, 0.545962604491607, 0.499278238209922, 0.46686047224132604, 0.7528562166196916, 0.7161125898970973, 0.7583840586950102, 0.6331606281687842, 0.5571398717515609, 0.5123641001598914, 0.7167802339472125, 1.1951703961243105, 1.0570475196899356, 0.9818071811400411, 0.9205510567521196, 0.88122338910237, 0.8278290862622468, 0.8476242491656252, 0.7847965009072247, 0.7395260985702505, 0.8013129127604882, 0.8662661760664352, 0.9991441916321855, 0.884729373790419, 0.8186888999646277, 0.7705991380964704, 0.7674557423347708, 0.9295647071145684, 0.8322134502708455, 0.7417912564009351, 0.6805276245717198, 0.6424196640701245, 0.6124174414235918, 0.5905028466525895, 0.5665452927732102, 0.5432604450703887, 0.5277917116804196, 0.5113954457175701, 0.49382329665486463, 0.4900616373857269, 0.47863510837945183, 0.45956089955461604, 0.445987001404433, 0.44149428491702164, 0.4476182755759305, 0.4317889189933572, 0.413845067934307, 0.4075649387162665, 0.3942711237065323, 0.38936431523021836, 0.40256387788011594, 0.48629593247038017, 0.4121211012610999, 0.3756376831885189, 0.3782928669849015, 0.36242620502134115, 0.38548697858972625, 0.3709940887854227, 0.3711933878147998, 0.35265903807509585, 0.3410891816210564, 0.3347145528592112, 0.3288287429324806, 0.3529493519488503, 0.33709665698468533, 0.311731149511569, 0.3236068979934658, 0.312335681103532, 0.30405799444298, 0.30518268022086004, 0.29323931488082233, 0.3019363066881819, 0.28640271586073024, 0.28328038790189397, 0.2880397529324607, 0.27406447798089906, 0.26974502689850605, 0.26230712974315407, 0.26150635843310516, 0.26044148317230936, 0.2674250932186461, 0.2594371619622421, 0.2506962103954971, 0.25533437534518866, 0.25557881244994185, 0.24677216307357755, 0.24146646297420077, 0.23776239665496685, 0.23649261365918553, 0.22951455263759168, 0.23781973982939636, 0.23333252503362764, 0.22564210232032839, 0.22685996605002362, 0.22559893990645324, 0.22247452273621887, 0.21941512912664268, 0.2228633941668074, 0.219768848927582, 0.21629915677982828, 0.21728268252385546, 0.21361666717721373, 0.21606733762394742, 0.2124215698684268, 0.2145624680211172, 0.21324345454230637, 0.21092362669499023, 0.21129455594607935, 0.21097510384248042, 0.20914677036997606, 0.20927633882483557, 0.20501686129576105, 0.2114649681788881, 0.20690735193240978, 0.20988807080270688, 0.20705210888172354, 0.20488964158403294], "train_acc": [14.376, 16.92, 18.868, 19.778, 20.24, 21.214, 22.034, 23.018, 23.908, 24.886, 25.932, 26.642, 27.74, 29.004, 30.292, 31.714, 33.108, 34.438, 34.282, 34.778, 37.098, 38.664, 39.482, 41.202, 42.786, 44.126, 44.964, 46.898, 44.07, 46.2, 47.888, 50.526, 51.722, 52.01, 52.932, 52.9, 53.854, 52.458, 49.64, 54.19, 57.672, 59.042, 60.894, 62.268, 63.868, 58.702, 62.678, 64.79, 66.788, 66.472, 68.258, 69.484, 70.374, 71.266, 71.158, 69.934, 65.202, 68.02, 70.43, 72.018, 72.186, 72.434, 65.604, 67.978, 70.448, 74.044, 75.15, 76.416, 74.598, 76.054, 76.342, 77.344, 78.79, 79.316, 79.844, 80.048, 77.976, 77.568, 80.324, 81.376, 82.076, 80.474, 79.214, 81.25, 81.064, 82.628, 83.75, 73.88, 74.92, 73.16, 77.818, 80.562, 81.878, 75.1, 58.216, 62.94, 65.318, 67.38, 68.924, 70.868, 70.012, 72.074, 73.828, 71.984, 69.57, 64.634, 68.674, 70.91, 72.88, 72.866, 66.994, 70.632, 73.872, 76.116, 77.196, 78.26, 79.194, 79.962, 80.888, 81.452, 82.046, 82.664, 82.598, 83.086, 83.684, 84.144, 84.448, 84.148, 85.006, 85.434, 85.582, 86.286, 86.354, 85.848, 82.91, 85.448, 86.572, 86.598, 87.198, 86.564, 86.978, 86.858, 87.49, 88.028, 88.074, 88.474, 87.42, 88.004, 88.986, 88.522, 89.014, 89.218, 89.102, 89.578, 89.262, 89.806, 89.946, 89.83, 90.254, 90.24, 90.66, 90.838, 90.796, 90.636, 90.734, 91.056, 90.88, 90.904, 91.24, 91.494, 91.514, 91.5, 91.782, 91.58, 91.53, 91.846, 91.85, 91.918, 92.084, 92.01, 92.004, 92.152, 92.346, 92.186, 92.302, 92.418, 92.358, 92.392, 92.39, 92.52, 92.584, 92.276, 92.484, 92.588, 92.658, 92.376, 92.672, 92.484, 92.554, 92.57],