{"epoch": 199, "batch_size": 128, "net": "efficientnet_b2", "best_acc": 80.8, "parameters": 7715084, "train_loss": [2.970933498324031, 2.250973183175792, 2.17768316988445, 2.1289181026351423, 2.0783260103381807, 2.0244720299225634, 1.9710142252695224, 1.9229822003323098, 1.867181016356134, 1.8254775772314242, 1.7730513295859023, 1.7267293622121787, 1.68918202813629, 1.6466461871286182, 1.609163020272999, 1.5708138653079566, 1.5354952562190687, 1.4875986652301096, 1.4541682325055838, 1.3972436729294564, 1.3576871674993765, 1.3240797031870888, 1.2760727600673276, 1.238473016130345, 1.2105858643036669, 1.175027548657049, 1.1770106814706418, 1.1194076128018178, 1.0833286507355282, 1.0609215708339916, 1.032745255076367, 1.0113814512786963, 0.9847069929932695, 1.038107920180806, 1.0425564306776236, 0.9558812785331551, 0.9192748565198211, 0.9010068111102599, 0.8792685203235168, 0.8533414838564061, 0.8419900187446029, 0.8101144652537373, 0.8042852294719433, 0.7863049450737741, 0.7651791153356547, 0.7439593398357596, 0.7319938557227249, 0.7159705271044046, 0.7018651921121056, 0.6847720145416991, 0.6666591978438979, 0.6480646205832586, 0.6544149527921701, 0.6407161736122483, 0.6145690136858265, 0.597523085067949, 0.582964834502286, 0.5759105244865808, 0.5691604226294076, 0.5591023815867237, 0.5443504012149313, 0.5370710637715771, 0.5286651801727617, 0.5199416243969022, 0.5042455607972791, 0.4922148448884335, 0.4818885846211172, 0.4774950533114431, 0.46899783870448236, 0.45607866647908146, 0.4448625590185375, 0.43608449532857635, 0.4322887058072078, 0.41876048005907734, 0.41181014657325454, 0.40461908540000086, 0.39468264987554086, 0.3845073134469254, 0.3736538468190776, 0.3672140302789181, 0.3601032369734381, 0.35576376040725755, 0.34616885610553616, 0.34134302015804574, 0.3301917345779936, 0.3974048946519642, 0.38980914221700197, 0.3262172349349922, 0.303883243819027, 0.29718276404816174, 0.28810988903960305, 0.27814539601964416, 0.27111851968957335, 0.26859797567815125, 0.26469753078563746, 0.260144568274698, 0.24914230734033657, 0.24589291415022463, 0.23758215198050375, 0.23219694597336948, 0.22636117662310296, 0.22311164166235253, 0.23797573793269788, 0.21397277114488888, 0.20140908969104138, 0.20318341573409718, 0.1929598981728944, 0.18813718767727122, 0.18462229453389298, 0.17811985062363814, 0.17460208511947062, 0.17433954691490555, 0.1647719236190819, 0.1611442470832554, 0.15364741285324401, 0.15243684348967068, 0.14933657317477114, 0.14222790133160398, 0.142453503844988, 0.13268973739327067, 0.12768107478309165, 0.12633595601333986, 0.12363657209059924, 0.1244404748977755, 0.12177146491034867, 0.11734882680713521, 0.10924456926905896, 0.10661625047512066, 0.10156054527062894, 0.10428297363431252, 0.09482248492367432, 0.09392675169079048, 0.09098122047874933, 0.08795431717906309, 0.09644909450293654, 0.08436235439394364, 0.08092356059233398, 0.07595770961850348, 0.07632976561270254, 0.07333499316573905, 0.0698460263016698, 0.06716128439663926, 0.06672355053169876, 0.06581461905975781, 0.06674829447675315, 0.06554678926253905, 0.059603390205279945, 0.05807126343221692, 0.05368963910786011, 0.05460012619100187, 0.053506873894597184, 0.04933699071192947, 0.04799533065865793, 0.045809980661696406, 0.04332411074338009, 0.04498759578422779, 0.04324770805365204, 0.04216560191008003, 0.0396404583769305, 0.040093681233151414, 0.03642148717456614, 0.038851234359819145, 0.0359829601860317, 0.03602772025400987, 0.03336065002452687, 0.03272412600927055, 0.02968572525639811, 0.030085153493653895, 0.03003432318839766, 0.029968150253610118, 0.02965968299988786, 0.025483888315508508, 0.026552891547498687, 0.025644968852431744, 0.024817401344073304, 0.024210976439413837, 0.023140651627045955, 0.023295815258174944, 0.02039341263287246, 0.021645398807230754, 0.02137490814564216, 0.021334958831419993, 0.021401327258348705, 0.01958612080060822, 0.019743169923467786, 0.019150016199954597, 0.02026576515140674, 0.01668679051111926, 0.018307186341147794, 0.017115243918249323, 0.017940772137583216, 0.016667915757059518, 0.01824828143746061, 0.01802160711842887, 0.017532740554967632, 0.016529039220165107, 0.01936472449509744, 0.01646126422014616, 0.018292750533827392, 0.01654778134293349], "train_acc": [13.88, 17.27, 19.168, 20.908, 22.664, 24.5, 26.882, 28.372, 30.534, 32.392, 33.834, 35.708, 37.292, 39.068, 40.748, 42.424, 43.746, 45.678, 47.052, 49.386, 50.872, 52.254, 53.964, 55.15, 56.598, 58.004, 57.868, 60.002, 61.256, 62.184, 63.238, 63.834, 64.976, 63.63, 63.16, 66.16, 67.47, 68.368, 68.632, 70.014, 70.172, 71.252, 71.484, 72.276, 72.934, 73.582, 74.09, 74.752, 75.092, 75.688, 76.414, 77.05, 76.91, 77.412, 78.056, 78.784, 79.396, 79.664, 79.736, 80.226, 80.554, 81.064, 81.264, 81.504, 82.1, 82.442, 82.962, 83.026, 83.332, 83.892, 84.108, 84.376, 84.66, 84.966, 85.282, 85.48, 85.804, 86.096, 86.634, 86.77, 87.176, 87.19, 87.618, 87.724, 88.186, 85.86, 86.22, 88.252, 88.94, 89.254, 89.632, 89.836, 90.292, 90.326, 90.488, 90.59, 90.994, 91.136, 91.304, 91.596, 91.78, 92.006, 91.496, 92.244, 92.684, 92.63, 92.994, 93.13, 93.434, 93.508, 93.608, 93.636, 94.064, 94.222, 94.482, 94.556, 94.602, 94.904, 94.84, 95.242, 95.374, 95.424, 95.54, 95.55, 95.582, 95.91, 96.082, 96.256, 96.368, 96.202, 96.618, 96.556, 96.684, 96.844, 96.664, 96.986, 97.12, 97.332, 97.338, 97.308, 97.526, 97.614, 97.698, 97.782, 97.73, 97.662, 97.882, 97.922, 98.094, 98.088, 98.13, 98.23, 98.258, 98.344, 98.46, 98.458, 98.468, 98.526, 98.604, 98.606, 98.782, 98.6, 98.738, 98.8, 98.818, 98.87, 98.954, 98.936, 99.002, 98.944, 98.958, 99.154, 99.044, 99.132, 99.142, 99.15, 99.224, 99.19, 99.288, 99.274, 99.298, 99.258, 99.264, 99.322, 99.352, 99.308, 99.276, 99.424, 99.366, 99.398, 99.364, 99.426, 99.386, 99.38, 99.414, 99.436, 99.38, 99.47, 99.384, 99.462],