{"epoch": 199, "batch_size": 128, "net": "QuadCompression", "best_acc": 90.68, "parameters": 11652234, "train_loss": [1.5766861743634315, 1.2045125875936444, 1.0502776069104518, 0.9530939372909039, 0.8891167979106269, 0.8487927659088389, 0.8031554991936745, 0.7764681248408755, 0.7429204617467378, 0.7174539217711104, 0.7011352686016151, 0.6851468362161875, 0.6690425065624744, 0.6480771353482591, 0.6339307051637898, 0.6208728784337982, 0.6069389101489425, 0.5941583300795397, 0.5797575162652203, 0.5762667817532864, 0.558524020568794, 0.5567833506085379, 0.5430443701536759, 0.5400134684027308, 0.5280430531867629, 0.5206107709109021, 0.5116723409241728, 0.5055462087664153, 0.4967805203574393, 0.4853685426590083, 0.47987019314485435, 0.47653584144152034, 0.4668899310366882, 0.46303033043661385, 0.45205247821405414, 0.45471217561408384, 0.4401471848073213, 0.43644958223833147, 0.4299183501230786, 0.42660279072763974, 0.4216141749525924, 0.41272631805876026, 0.4035930940714639, 0.4035705073410288, 0.39810789184039813, 0.3953830399705321, 0.38731309043629397, 0.3791790731880061, 0.37954259486606967, 0.3750445676962738, 0.36894513293148, 0.368268280649734, 0.3621940876516845, 0.35627734969796426, 0.3552674139323442, 0.3403900203954838, 0.3413268424894499, 0.34206711205527607, 0.3335197445986521, 0.3332893226838783, 0.32920380462618437, 0.3259045559045909, 0.3228128397327555, 0.31282198669203104, 0.3103937641586489, 0.30336688112115007, 0.30721355719334636, 0.30140124006039654, 0.2957251584133529, 0.29587102614705213, 0.2848802740540346, 0.28762258292006715, 0.28586926339837293, 0.27539670000524474, 0.27614573959042044, 0.2752079406319677, 0.26934499348825813, 0.2648929003483194, 0.2644938873055646, 0.26058966378726617, 0.25540073036842637, 0.24957142170051785, 0.2493281207616677, 0.24170036150899996, 0.24077733596572487, 0.23467577132575043, 0.2332437109116398, 0.2318277702955029, 0.2352054260499642, 0.23107569630417374, 0.21950276365594182, 0.22126727217755965, 0.21882024540773135, 0.21172009711451542, 0.212672264927336, 0.21187826141219615, 0.20572191267214773, 0.20130187755121903, 0.2014378420913311, 0.19780538031054884, 0.1931798713438956, 0.19035588995651212, 0.1940986919776558, 0.1864036397860788, 0.18201348539965842, 0.1797142755002012, 0.18184725441934202, 0.17833271241553908, 0.17219723854452143, 0.17697413706832835, 0.1641573993122334, 0.16202132630607355, 0.16294155032624064, 0.15994485048458096, 0.15749080328609022, 0.15325914230912238, 0.15566559655167866, 0.15084084714084026, 0.14589535400195194, 0.14774677352717772, 0.14424055870955863, 0.14387287827365844, 0.14013943426749287, 0.137357276647597, 0.13481955159255457, 0.13191748385691582, 0.12832678793488866, 0.12835055759267125, 0.125187403967847, 0.12181701738854199, 0.12358671333402624, 0.11547406020162203, 0.11859668745561634, 0.11621147969170757, 0.11447740945479144, 0.1094178586264553, 0.11196367570277675, 0.11049047951846172, 0.10495914277308585, 0.10546849118283642, 0.10108587451641211, 0.10068459073295984, 0.09802374827777943, 0.0950116008243826, 0.09857815356872728, 0.09342720673498138, 0.0952939801537396, 0.09082184300360167, 0.09075713463489661, 0.0865264630464413, 0.08820159370294008, 0.08645096097303473, 0.08198352037545513, 0.08152550063989199, 0.08011841174700986, 0.08039763698454404, 0.08245389402160407, 0.07562593409739186, 0.07587980004051305, 0.07362691769162026, 0.07285048173087866, 0.07268201350889471, 0.07028820768446492, 0.07089249637749646, 0.07283301708167014, 0.06874807615338079, 0.06887999694803944, 0.06985627224340159, 0.06558216453227393, 0.06480626744525436, 0.06683259599310967, 0.06383567094764746, 0.06367105942057527, 0.06108772842084889, 0.0639982152268138, 0.06030915966710014, 0.060579315606800035, 0.06098836904529797, 0.05942753682870542, 0.06049813528109313, 0.05890795273368087, 0.05973051867121473, 0.05834555758587311, 0.05991686100992934, 0.06030621036620396, 0.05738533676489997, 0.058676920819293966, 0.05815417613462567, 0.05686161336024551, 0.057639019461372475, 0.05533873021621686, 0.05679693767357894, 0.05662025060847668, 0.05485823583048399, 0.057870033042281485, 0.05318668060947943, 0.054911800118310906, 0.0577764598405003, 0.05700589042833394, 0.05545214082464538], "train_acc": [42.626, 56.72, 62.634, 66.374, 68.524, 70.166, 71.882, 72.58, 73.942, 74.856, 75.418, 75.826, 76.538, 77.446, 77.764, 78.148, 78.528, 79.344, 79.764, 79.956, 80.396, 80.6, 81.072, 80.988, 81.498, 81.746, 82.118, 82.418, 82.738, 83.12, 83.178, 83.35, 83.7, 83.87, 84.228, 84.206, 84.648, 84.662, 85.08, 84.934, 85.216, 85.526, 85.66, 85.792, 86.072, 86.002, 86.448, 86.676, 86.762, 86.854, 86.942, 87.102, 87.284, 87.574, 87.484, 87.93, 88.126, 88.022, 88.282, 88.29, 88.478, 88.58, 88.654, 88.97, 89.008, 89.346, 89.19, 89.452, 89.588, 89.672, 89.868, 89.782, 89.956, 90.186, 90.332, 90.38, 90.392, 90.556, 90.658, 90.816, 91.052, 91.098, 91.182, 91.516, 91.638, 91.638, 91.822, 91.856, 91.794, 91.818, 92.2, 92.012, 92.186, 92.404, 92.638, 92.406, 92.74, 93.01, 92.832, 93.142, 93.178, 93.238, 93.17, 93.358, 93.542, 93.678, 93.52, 93.71, 93.93, 93.69, 94.268, 94.214, 94.132, 94.306, 94.482, 94.478, 94.484, 94.564, 94.848, 94.79, 94.862, 94.96, 95.066, 95.15, 95.3, 95.366, 95.39, 95.496, 95.67, 95.612, 95.608, 95.906, 95.808, 95.914, 95.93, 96.106, 96.096, 96.048, 96.316, 96.254, 96.406, 96.432, 96.538, 96.672, 96.512, 96.688, 96.652, 96.808, 96.858, 96.952, 96.84, 96.946, 97.126, 97.164, 97.154, 97.112, 97.106, 97.348, 97.276, 97.466, 97.418, 97.478, 97.606, 97.526, 97.498, 97.586, 97.628, 97.676, 97.756, 97.804, 97.686, 97.752, 97.764, 97.832, 97.786, 97.92, 98.008, 97.956, 97.92, 97.928, 97.952, 97.932, 98.004, 97.942, 97.924, 97.998, 97.946, 97.95, 98.04, 98.042, 98.076, 98.066, 98.004, 98.146, 98.0, 98.158, 98.14, 98.042, 98.062, 98.094],