{"epoch": 199, "batch_size": 128, "net": "QuadCompression", "best_acc": 89.01, "parameters": 38084234, "train_loss": [1.6020991070496151, 1.2337157241523724, 1.091852798791188, 1.0018533831057341, 0.9482625870753432, 0.9040223780800315, 0.8694604083400248, 0.8339072728096066, 0.8085131202359943, 0.7843627403764164, 0.7605053046170402, 0.7540754515801549, 0.7273512266938339, 0.7083784513308874, 0.6947485809893255, 0.6779677851883041, 0.6664035438424181, 0.6576281106837875, 0.6394103620668201, 0.6361136183409435, 0.6249496185261271, 0.6138333477022703, 0.6081205838171723, 0.5960600828880545, 0.5867527047996326, 0.5718586832056265, 0.5629193440575124, 0.5568763393422832, 0.5536003476366058, 0.5413792031195462, 0.5441839887815363, 0.5219430925748537, 0.5266506518701763, 0.516187813352136, 0.5059820669691276, 0.5067132811259736, 0.5035049390152592, 0.49352746127206654, 0.4873798732333781, 0.47965574813315937, 0.47343038235936324, 0.46596266817101434, 0.46176779613165597, 0.45821963505976643, 0.45109485756710666, 0.45053923343453567, 0.44544968443453464, 0.4346966953457469, 0.426591358869277, 0.4247172844913, 0.4208494489988708, 0.41429520560347516, 0.40510384589814774, 0.40659662787719153, 0.4007606029586719, 0.3990345868613104, 0.39502095482538424, 0.39091751291928695, 0.38209417107922344, 0.3856230011910124, 0.3741120269993687, 0.3701626451500237, 0.3615076599066215, 0.3658845700952403, 0.3591456768076743, 0.36029254136335515, 0.3546408743733335, 0.3456627983037773, 0.34573755739137646, 0.34055182688376484, 0.3382658651646446, 0.3376913071059815, 0.33157121521585126, 0.32651720243646665, 0.32546137780179757, 0.32009455706457346, 0.3234455268782423, 0.3168671143710461, 0.31120115888240696, 0.3060274049068046, 0.3038323644710624, 0.30123627056246216, 0.29740003795575, 0.2943811005414904, 0.28814377340361896, 0.28290135135202454, 0.2812719646927036, 0.2805764340340634, 0.2764107142110615, 0.2739873880429951, 0.27580926416780027, 0.2681297547448322, 0.26979863834198176, 0.2672523532034186, 0.2567661293708455, 0.2558717945271441, 0.2577042840135372, 0.2537976636567994, 0.24789196835911792, 0.24554771817553683, 0.24371656583017096, 0.2413717092722273, 0.23903413238885152, 0.23622137824516468, 0.23614401459846351, 0.23144832434480453, 0.22545632933411758, 0.22419206780926956, 0.22456202532171898, 0.22345528700162687, 0.22127159810660746, 0.21604912606117976, 0.21841622235448768, 0.2137269105600274, 0.20714238848146574, 0.20660260374969838, 0.205920256455155, 0.2079766226546539, 0.20134838680019768, 0.1971045056991565, 0.197491267719842, 0.19369023594328816, 0.19036117811565814, 0.19242773488011505, 0.1892940518553452, 0.18546349658152025, 0.18620533696220964, 0.18070982299421146, 0.1794085624768301, 0.1766679793539102, 0.17605956624764615, 0.17624685137777987, 0.17113483749577763, 0.16897154163064249, 0.16728725550157944, 0.16925727198724552, 0.16328792973323855, 0.16126907473939764, 0.15775832298504727, 0.1599166451017265, 0.15600428360578655, 0.15859662862423132, 0.1583869022786465, 0.15330436826705018, 0.15416747858495358, 0.15408025021710053, 0.14787067044192873, 0.14661189449755738, 0.1415656733867305, 0.14517239720353384, 0.14342899953998872, 0.14162643984569917, 0.1397147855585646, 0.13863423061759575, 0.14141008424598847, 0.13542848274759625, 0.13757697042182584, 0.13583700177843308, 0.13376839289351192, 0.13200122648683352, 0.13093651207092474, 0.12916378795509906, 0.13060851144554364, 0.1328669646397576, 0.12945156747384753, 0.12943025417340076, 0.13186658665423504, 0.1277096393277578, 0.12496210627086327, 0.12224433482493587, 0.1270682775818021, 0.12491808507753455, 0.11985035063436879, 0.1233192448554289, 0.12344474246358628, 0.11917303253889389, 0.12347831820016322, 0.12253298763843144, 0.11805717246916593, 0.1226988480524029, 0.11999643321537301, 0.11834434652343735, 0.11610054499124323, 0.11914144510693868, 0.11824770989206136, 0.1170533488187796, 0.11722718331667469, 0.11942176265008461, 0.11532963449826174, 0.1173644948969869, 0.11645892442053998, 0.11426808596457667, 0.1165686384739016, 0.11650144329766178, 0.11977930218362443, 0.11559103948571493, 0.11520977141073598, 0.1121542651558776, 0.11584149917487598, 0.11727393030300927], "train_acc": [42.542, 55.872, 61.086, 64.648, 66.69, 68.046, 69.636, 70.774, 71.83, 72.52, 73.446, 73.926, 74.846, 75.454, 75.71, 76.38, 77.128, 77.152, 77.92, 78.104, 78.612, 78.6, 78.968, 79.284, 79.758, 80.242, 80.31, 80.616, 80.968, 81.274, 81.262, 81.84, 81.708, 82.156, 82.46, 82.442, 82.736, 82.838, 82.84, 83.31, 83.486, 83.792, 84.058, 83.982, 84.416, 84.594, 84.562, 84.824, 85.166, 85.102, 85.386, 85.588, 85.856, 85.86, 86.11, 85.966, 86.222, 86.358, 86.604, 86.538, 87.04, 87.008, 87.326, 87.242, 87.468, 87.278, 87.622, 87.884, 87.886, 87.92, 88.168, 88.242, 88.358, 88.49, 88.45, 88.924, 88.756, 88.938, 89.146, 89.274, 89.182, 89.394, 89.468, 89.658, 89.7, 90.008, 89.942, 90.152, 90.238, 90.304, 90.39, 90.566, 90.482, 90.548, 90.916, 91.026, 90.976, 90.992, 91.312, 91.258, 91.408, 91.252, 91.4, 91.498, 91.602, 91.74, 92.128, 92.0, 91.956, 92.042, 92.22, 92.274, 92.208, 92.374, 92.688, 92.678, 92.638, 92.482, 92.826, 92.95, 92.99, 93.11, 93.216, 93.262, 93.154, 93.424, 93.23, 93.402, 93.49, 93.628, 93.634, 93.676, 93.952, 93.986, 93.97, 93.844, 94.156, 94.168, 94.332, 94.254, 94.442, 94.328, 94.27, 94.576, 94.524, 94.57, 94.652, 94.628, 94.874, 94.694, 94.84, 94.858, 95.06, 95.108, 95.0, 95.042, 95.052, 95.14, 95.278, 95.242, 95.318, 95.286, 95.38, 95.338, 95.416, 95.384, 95.236, 95.386, 95.602, 95.592, 95.384, 95.446, 95.682, 95.59, 95.652, 95.656, 95.55, 95.548, 95.766, 95.548, 95.652, 95.79, 95.822, 95.69, 95.744, 95.718, 95.822, 95.792, 95.864, 95.876, 95.826, 95.846, 95.678, 95.8, 95.688, 95.86, 95.82, 95.938, 95.816, 95.738],