{"epoch": 199, "batch_size": 128, "net": "resnet152", "best_acc": 87.54, "parameters": 58164298, "train_loss": [1.6743672866650554, 1.2772581964502554, 1.0928864160462108, 0.9725592758344568, 0.8862294088239255, 0.8157444436226964, 0.7594903801255823, 0.7049600570403096, 0.6663865311371396, 0.6388536761788761, 0.6046037357633985, 0.5756437735789267, 0.5553439668834667, 0.5244074260334834, 0.5089692882717113, 0.4840344025960664, 0.4633148539706569, 0.4458076120032679, 0.4330876983340134, 0.41523830573577103, 0.40201993648658324, 0.3835254212474579, 0.369025924359746, 0.3635218080580997, 0.3446814530645795, 0.337101287739661, 0.32524048618953244, 0.3132401073299101, 0.30598048839117864, 0.29627499121534245, 0.29042164916577545, 0.2779419279807364, 0.26924867135332065, 0.25610640923232986, 0.256486897502104, 0.24096777011899997, 0.239200528015566, 0.22945156590560514, 0.2251801445813435, 0.2169753968563226, 0.21054821415706668, 0.2106528512542815, 0.20306389685482015, 0.19043733008072505, 0.19231768112505793, 0.18915808500002718, 0.1747730416638772, 0.17586905513044512, 0.16876865947223685, 0.16124029284166863, 0.1628674824467248, 0.15733590350507776, 0.1525236712792493, 0.15429471178775858, 0.14292986267020025, 0.13736435969162475, 0.1441380609389004, 0.13110716332731498, 0.1317310502557346, 0.12890859112105407, 0.12448215618005494, 0.11832144460104921, 0.12284884966738388, 0.11436807131275649, 0.11605402274662271, 0.11716591937900961, 0.1088756244948796, 0.10988531816188636, 0.10578764466297291, 0.10131784160966839, 0.09922215002386467, 0.09560566589407757, 0.09430426306060284, 0.096553835617688, 0.09125972218582849, 0.08935356572689608, 0.08861248763492498, 0.08088163838333562, 0.08343320423760987, 0.08222574095391785, 0.07859268943872065, 0.07881546221063722, 0.07883524733697972, 0.07306262091888338, 0.07252548111940893, 0.07321049397349205, 0.06896463420737506, 0.06662192565324666, 0.06694852249444369, 0.06568777978020099, 0.061523099266745325, 0.06217561581450731, 0.06004224336632263, 0.05903806856206959, 0.055521845600813094, 0.058828124720507954, 0.05702131850968884, 0.05232009856039872, 0.05045102940827056, 0.052507124560149124, 0.05159028275105197, 0.04635512095559245, 0.04630662287976069, 0.04503900182607305, 0.045846874799455525, 0.04175604351789064, 0.043308089819529556, 0.04299192055535819, 0.041245008880734596, 0.03614888961612702, 0.036781186962028596, 0.0342848791378786, 0.03510174003806051, 0.03629327890352415, 0.03364216479237008, 0.03541911395845453, 0.030960873921897232, 0.028737236672114398, 0.029018246978128333, 0.029798243700376596, 0.02757818175359484, 0.027999077268275895, 0.028172171142314326, 0.026589423844107257, 0.023755969950402883, 0.02291496641858888, 0.023467354662686617, 0.022678767452123657, 0.02108771623010435, 0.022260384532459834, 0.020294072477461393, 0.017539586792962, 0.017891740292439336, 0.019642721955388156, 0.018456895601824928, 0.017853778694212064, 0.015304627312246657, 0.016542826242663938, 0.014220425051257677, 0.013552900065433906, 0.014740869796792011, 0.013412259370454795, 0.012652739478923354, 0.012056338754074667, 0.012740430004699418, 0.009154894073461622, 0.011694964292943609, 0.010492080935950526, 0.009207828904834368, 0.009880438385776345, 0.008503286682022855, 0.00894613825554407, 0.008476116980226232, 0.008026609681677692, 0.008314925187844676, 0.007399111135971144, 0.006134180036341281, 0.005937046710858205, 0.0064385835876260514, 0.006012301387060928, 0.005113254329511773, 0.005370601107266046, 0.004985715019293865, 0.004076025242584295, 0.0050776053862290425, 0.004509807828011166, 0.0035882596349273094, 0.0039091270706412985, 0.0028732105650112975, 0.0030490229068503506, 0.003121085342221439, 0.002742442113379805, 0.0032484136564188007, 0.0024233940473870155, 0.0031349582646851655, 0.002211628333491105, 0.0024168706367375067, 0.0027378531828321858, 0.002273221788250932, 0.0025186399755923673, 0.0025860307919907087, 0.0024104311203542316, 0.001758157579551178, 0.001761994685063569, 0.0016670350916283589, 0.0024021701923853038, 0.0023201393882643973, 0.0018522311368884365, 0.0018833236441525999, 0.0012863145864154722, 0.001886395386301021, 0.001987922298180087, 0.001831388198760534, 0.0014949686571742724, 0.0012644521609434243, 0.00151157518905533, 0.0014128292944724657, 0.0015321970978730043, 0.0015097342967723786, 0.00205051462678436], "train_acc": [37.952, 53.606, 60.52, 65.538, 68.588, 71.1, 73.258, 74.99, 76.59, 77.61, 78.68, 79.784, 80.44, 81.67, 82.122, 83.034, 83.738, 84.324, 84.884, 85.422, 85.716, 86.602, 86.98, 87.274, 87.982, 88.14, 88.51, 88.952, 89.236, 89.52, 89.788, 90.174, 90.42, 90.94, 91.022, 91.62, 91.44, 91.9, 92.138, 92.31, 92.506, 92.468, 92.838, 93.216, 93.174, 93.23, 93.784, 93.856, 93.974, 94.382, 94.278, 94.3, 94.608, 94.602, 94.87, 95.05, 95.01, 95.322, 95.374, 95.424, 95.676, 95.732, 95.71, 95.884, 95.868, 95.848, 96.146, 96.05, 96.31, 96.452, 96.52, 96.702, 96.622, 96.606, 96.786, 96.936, 96.852, 97.074, 97.014, 97.164, 97.268, 97.23, 97.378, 97.464, 97.492, 97.452, 97.692, 97.704, 97.676, 97.704, 97.808, 97.836, 97.914, 97.938, 98.084, 97.88, 98.078, 98.194, 98.196, 98.168, 98.188, 98.422, 98.414, 98.458, 98.414, 98.488, 98.504, 98.48, 98.586, 98.728, 98.708, 98.786, 98.756, 98.732, 98.854, 98.758, 98.916, 99.018, 98.944, 98.946, 99.074, 99.002, 99.034, 99.142, 99.218, 99.208, 99.222, 99.202, 99.3, 99.214, 99.296, 99.406, 99.408, 99.286, 99.358, 99.412, 99.454, 99.438, 99.494, 99.522, 99.512, 99.566, 99.598, 99.56, 99.558, 99.72, 99.614, 99.638, 99.706, 99.65, 99.754, 99.694, 99.712, 99.73, 99.722, 99.738, 99.814, 99.816, 99.754, 99.806, 99.836, 99.814, 99.816, 99.872, 99.844, 99.832, 99.874, 99.872, 99.918, 99.91, 99.904, 99.916, 99.91, 99.928, 99.894, 99.93, 99.922, 99.912, 99.918, 99.926, 99.922, 99.916, 99.956, 99.944, 99.954, 99.93, 99.938, 99.946, 99.942, 99.958, 99.942, 99.928, 99.946, 99.962, 99.964, 99.946, 99.96, 99.958, 99.952, 99.944],