{"epoch": 199, "batch_size": 128, "net": "resnet50", "best_acc": 87.6, "parameters": 23528522, "train_loss": [1.739334998533244, 1.327928251927466, 1.135958062260962, 1.0105227401189487, 0.9234130353573948, 0.8527778993787059, 0.792701299538088, 0.743894624511909, 0.7091515758610747, 0.6713341155930248, 0.6417811442061764, 0.6082335893455368, 0.5806980287022603, 0.559413182232386, 0.5392585287770957, 0.5215908283620234, 0.498049999441942, 0.4825585809967402, 0.46694470259844495, 0.45032174812863246, 0.4330720272286774, 0.417316788107233, 0.41035433144063294, 0.3944926148332903, 0.3813976518180974, 0.36859227137644884, 0.3631691607977728, 0.3484587215858957, 0.33731145703274273, 0.32818194953224544, 0.31885397864881987, 0.31379639664117026, 0.3026817218803079, 0.2915902171293488, 0.2860824163155178, 0.2726595968465366, 0.2676571621309461, 0.2645039503150584, 0.2552111350819278, 0.24516764052612397, 0.24297295632722127, 0.23433035533980032, 0.22614801987586425, 0.2221496642931648, 0.2155577938460633, 0.21289886431315977, 0.20197707921495217, 0.19645120261613366, 0.19386144304443198, 0.18877436505521045, 0.18585358087516501, 0.1798505052409666, 0.17478691028130938, 0.17105828217990562, 0.16878272705447034, 0.16571730265722556, 0.16138206169847638, 0.1525752774018156, 0.15213695495291743, 0.14703476195559478, 0.14368989130915583, 0.13979039591787112, 0.13804385244198467, 0.13848944316091744, 0.130119659635417, 0.12681840115305407, 0.1272311208440977, 0.12115835163103955, 0.12202337372790822, 0.11336967723486978, 0.11282913603098191, 0.11202567720028293, 0.11218115766449353, 0.11054975575650744, 0.10174949050826185, 0.1021830588198074, 0.0976139217557962, 0.09742204399060106, 0.09366363891736244, 0.09340865333157275, 0.09144163870578989, 0.0880843229982478, 0.08539489139814663, 0.08106312029006536, 0.08256275970917529, 0.082409683762647, 0.0802086471696682, 0.07984267447686866, 0.07260086989301778, 0.07167470199830087, 0.07457839704745109, 0.07256954537271082, 0.06985107121650902, 0.06820011592191427, 0.0689861305520091, 0.06127661904391578, 0.06296112415287881, 0.06291744680813206, 0.05367971101389898, 0.05805795802913435, 0.0557232037391466, 0.055009898876109166, 0.055193747423560646, 0.05096164762335437, 0.04912245246674627, 0.05096076092804256, 0.050751024292653324, 0.048039858539105224, 0.04482611950815601, 0.04370184844512197, 0.04344312569526646, 0.04171689960193318, 0.04065218146371148, 0.03785329149819225, 0.0394964442633645, 0.03790173138899114, 0.033383762705094557, 0.038203626121406244, 0.035077440352333934, 0.030935173178367945, 0.034083738182302176, 0.03248202620738703, 0.027933555550377846, 0.026048199514217694, 0.02878101651861673, 0.02724270157866142, 0.02542639670692875, 0.025908769540074268, 0.026804439811026464, 0.024908601208869844, 0.023260174890208388, 0.021561836248890156, 0.022862375514698514, 0.02157832495451374, 0.018734089091725057, 0.01867569599028491, 0.019422459708171826, 0.020281871769587984, 0.017940090678166598, 0.014918373798822883, 0.016768217257246653, 0.01494478607369239, 0.0161729186546722, 0.014340975646958555, 0.015155441852559185, 0.013494925328355898, 0.013003914103144483, 0.013492428382713934, 0.011672394121806507, 0.011362566151688961, 0.01067009256245173, 0.009887784896323176, 0.011684723696528513, 0.008822964984537138, 0.00935653441704993, 0.008607469735737972, 0.00883126134596839, 0.008665936244705267, 0.0062583147070568316, 0.0077724303676397835, 0.00710414335666977, 0.006374181360959836, 0.006340769131060826, 0.006751981934214242, 0.005516688253552191, 0.006092909848700245, 0.004687082174349019, 0.004659774112198061, 0.004515386605512469, 0.00446617023923638, 0.0049361527356168175, 0.004338314548400013, 0.0038473419684698197, 0.0038443920469214327, 0.003495662282850734, 0.003888229859973211, 0.0034310378378506956, 0.002835501693422124, 0.003559504829179954, 0.0031578912869817963, 0.0028650622510345584, 0.0026493170224945956, 0.0027421966147822088, 0.003013473262538767, 0.002755311808524751, 0.002658876086770714, 0.0028014090984216844, 0.0028386587629166474, 0.002256302760601046, 0.002445194662077879, 0.00223504070625895, 0.0026203366193824056, 0.0023883057774885382, 0.002462949672861777, 0.0023086182670952107, 0.0027102411364569464, 0.0021366603306882904, 0.0023720537218560145, 0.002068673636087084, 0.002364689994141828], "train_acc": [35.404, 51.554, 58.996, 63.658, 66.89, 69.746, 71.84, 73.526, 74.966, 76.3, 77.362, 78.812, 79.58, 80.148, 81.236, 81.67, 82.44, 83.006, 83.562, 84.098, 84.9, 85.264, 85.592, 86.28, 86.448, 87.102, 87.23, 87.736, 88.138, 88.396, 88.752, 88.912, 89.404, 89.726, 89.756, 90.384, 90.436, 90.6, 90.82, 91.39, 91.352, 91.608, 91.854, 92.09, 92.33, 92.518, 92.83, 93.048, 93.108, 93.162, 93.508, 93.69, 93.694, 93.952, 94.018, 94.168, 94.23, 94.502, 94.508, 94.772, 94.938, 94.992, 95.17, 95.062, 95.364, 95.422, 95.534, 95.718, 95.642, 95.988, 96.028, 96.028, 96.022, 96.132, 96.402, 96.302, 96.556, 96.586, 96.742, 96.782, 96.88, 96.88, 96.974, 97.112, 97.164, 97.074, 97.256, 97.222, 97.47, 97.44, 97.306, 97.424, 97.51, 97.584, 97.668, 97.826, 97.77, 97.762, 98.116, 97.916, 98.072, 98.106, 98.03, 98.218, 98.29, 98.248, 98.218, 98.35, 98.386, 98.5, 98.522, 98.51, 98.636, 98.686, 98.634, 98.672, 98.868, 98.64, 98.756, 98.96, 98.826, 98.884, 99.056, 99.132, 98.986, 99.084, 99.104, 99.104, 99.058, 99.064, 99.208, 99.286, 99.202, 99.294, 99.368, 99.386, 99.372, 99.318, 99.41, 99.49, 99.406, 99.47, 99.438, 99.546, 99.46, 99.538, 99.6, 99.542, 99.624, 99.6, 99.656, 99.644, 99.616, 99.72, 99.69, 99.712, 99.708, 99.726, 99.8, 99.75, 99.754, 99.788, 99.788, 99.798, 99.83, 99.8, 99.846, 99.846, 99.854, 99.884, 99.842, 99.848, 99.898, 99.878, 99.872, 99.878, 99.888, 99.918, 99.898, 99.888, 99.914, 99.93, 99.922, 99.904, 99.91, 99.92, 99.9, 99.904, 99.942, 99.936, 99.944, 99.91, 99.926, 99.918, 99.93, 99.91, 99.938, 99.936, 99.952, 99.938],