{"epoch": 199, "batch_size": 128, "net": "resnet101", "best_acc": 87.36, "parameters": 42520650, "train_loss": [1.7032213631798239, 1.290922159581538, 1.1128625131933891, 1.0006145534612942, 0.9117894509564275, 0.8441463059476574, 0.7885937634331491, 0.7440702415183377, 0.6971511218096594, 0.6655312645465822, 0.6356589451927663, 0.6023997306976172, 0.5809669714144734, 0.5605488446972254, 0.5350925744799397, 0.5108070945190957, 0.4972736355288864, 0.47979012848166247, 0.4630954189373709, 0.45213799334852894, 0.4358011213562373, 0.4172376180091477, 0.40221035552909, 0.3877211530190295, 0.38408617831556996, 0.3686750706504373, 0.3561395241705048, 0.35005013778081634, 0.3376182320401492, 0.3241286380287936, 0.3167422490427866, 0.3107910388723359, 0.2986953295100376, 0.2929781371980067, 0.27943585799706866, 0.2721615468563936, 0.26307530579207195, 0.25896989929554104, 0.24698330147568223, 0.24068999307615982, 0.23632459378684573, 0.2320466595499412, 0.22572158797241537, 0.21986092131613466, 0.21085111514839064, 0.20483990531900656, 0.20228818051345512, 0.1955011178313009, 0.19062991503178311, 0.18223318289917753, 0.1853864111406419, 0.17390721288445354, 0.17315269307331052, 0.16726841518412466, 0.16821688928110215, 0.1570949710505393, 0.1562086031355364, 0.1504508778833977, 0.1454305586350315, 0.14355068022142287, 0.14284925769700113, 0.13800243354971756, 0.13373148859576192, 0.13258781660433924, 0.13260587767871748, 0.12461326390390506, 0.11953095755423121, 0.12261523820860001, 0.11871919115943372, 0.10880946277943261, 0.11470598970418391, 0.1035171955337991, 0.1100655596160218, 0.10583447283872253, 0.1037648552052124, 0.09950821136917605, 0.09573176644666267, 0.0922048715279078, 0.08990253066486867, 0.09004195703817602, 0.0850024503153151, 0.08812295544006483, 0.08475731519262886, 0.08362291682549679, 0.08157274208467483, 0.07883331630035968, 0.07443070198740344, 0.07917319426355916, 0.07229729682740653, 0.07031562034269352, 0.0688374544567693, 0.06679123268960535, 0.06560818764412076, 0.06873599649704706, 0.06355831800433605, 0.06408665638388422, 0.05618150336096239, 0.05832869775802888, 0.05412504650519022, 0.05691583549408504, 0.05535985320649298, 0.052824908202928504, 0.04996231699343342, 0.05153713791685946, 0.05025042351597296, 0.04558889147804102, 0.04546792916667736, 0.04398635870245907, 0.04733976173450422, 0.04244123135462327, 0.04065089802081456, 0.03968925418479897, 0.04044648124467191, 0.039520722476865555, 0.03511147482423088, 0.03466212159484777, 0.03278844210419261, 0.03758968667143865, 0.030283757332412294, 0.03356904823206784, 0.029219572522255884, 0.02780858149318515, 0.02784326031272326, 0.026048264607353627, 0.027610757289623457, 0.02506954283834628, 0.02457641933888645, 0.026082967190653124, 0.02135439794195001, 0.023217541929048575, 0.023030313213154567, 0.019140913249904534, 0.02111110913143267, 0.021489071766036035, 0.019553373222756784, 0.018260521912480444, 0.01824162523527189, 0.017266247049033585, 0.015661182347982836, 0.015058314621709335, 0.014830450731320092, 0.014037351807519255, 0.015065356206549021, 0.013093948802452826, 0.013743906293649112, 0.012888139116984514, 0.011200430770621985, 0.010928909882338588, 0.010345457561636854, 0.010685182823737026, 0.008944192555655019, 0.010657242546111102, 0.00909606002234256, 0.007691739446512135, 0.007758060247627506, 0.007711620885077739, 0.007316889532376081, 0.00709259413677575, 0.007225675341870298, 0.006027887367191302, 0.0054631629729342155, 0.0069146080273370285, 0.006851650130100753, 0.00571046455180385, 0.005628889862858036, 0.004916991075940604, 0.0044272296391121594, 0.004459582625192624, 0.004460987689256695, 0.005155785609931534, 0.003932280716553042, 0.004240524051023562, 0.0031546506354824372, 0.003959147741211161, 0.0032321636177338312, 0.004186932084942147, 0.0030833382886769536, 0.0029196216637687577, 0.002703318573192686, 0.0029410692608219384, 0.0030674297980966565, 0.0019921631291628513, 0.0026054912009653088, 0.0022080091811778188, 0.0021308896181377497, 0.0017187001538127276, 0.0023885584375171985, 0.0025574946648284497, 0.002598014671716939, 0.00204737790709655, 0.0020202531661774876, 0.0019566007075207015, 0.0021654328271310673, 0.0019448013807473648, 0.0020261065772901837, 0.002007460359388979, 0.0021434007490345854, 0.0022214521761777673, 0.0019580300290133732, 0.002166798488604893], "train_acc": [36.734, 52.95, 59.92, 64.144, 67.444, 69.998, 71.976, 73.554, 75.41, 76.35, 77.58, 78.822, 79.58, 80.144, 81.034, 82.102, 82.556, 83.232, 83.758, 84.098, 84.654, 85.484, 85.89, 86.324, 86.682, 87.024, 87.374, 87.728, 88.1, 88.564, 88.8, 89.1, 89.47, 89.524, 90.282, 90.292, 90.582, 90.856, 91.214, 91.408, 91.604, 91.792, 92.03, 92.154, 92.53, 92.778, 92.7, 93.022, 93.086, 93.468, 93.36, 93.844, 93.824, 94.036, 93.984, 94.35, 94.516, 94.65, 94.786, 94.942, 94.926, 95.088, 95.208, 95.254, 95.3, 95.504, 95.716, 95.564, 95.69, 96.106, 95.956, 96.348, 96.146, 96.318, 96.292, 96.506, 96.584, 96.69, 96.812, 96.844, 96.912, 96.906, 96.938, 97.022, 97.13, 97.164, 97.372, 97.242, 97.468, 97.588, 97.598, 97.67, 97.746, 97.618, 97.772, 97.742, 98.054, 97.942, 98.1, 98.034, 98.082, 98.118, 98.294, 98.162, 98.258, 98.404, 98.388, 98.496, 98.326, 98.54, 98.578, 98.652, 98.588, 98.618, 98.81, 98.828, 98.864, 98.71, 98.988, 98.876, 99.006, 99.04, 99.014, 99.11, 99.048, 99.154, 99.154, 99.098, 99.268, 99.216, 99.254, 99.348, 99.29, 99.284, 99.288, 99.41, 99.382, 99.394, 99.458, 99.472, 99.48, 99.534, 99.472, 99.572, 99.57, 99.548, 99.63, 99.598, 99.674, 99.632, 99.698, 99.648, 99.672, 99.744, 99.752, 99.756, 99.74, 99.768, 99.766, 99.794, 99.824, 99.778, 99.796, 99.826, 99.826, 99.854, 99.844, 99.876, 99.848, 99.818, 99.866, 99.868, 99.908, 99.888, 99.908, 99.882, 99.916, 99.906, 99.918, 99.906, 99.898, 99.956, 99.928, 99.94, 99.94, 99.956, 99.922, 99.928, 99.918, 99.93, 99.94, 99.942, 99.936, 99.938, 99.94, 99.944, 99.942, 99.932, 99.954, 99.938],