{"epoch": 199, "batch_size": 128, "net": "resnet101", "best_acc": 86.47, "parameters": 42520650, "train_loss": [1.6962888234716547, 1.2972341248446413, 1.123895203061116, 1.0088455491053783, 0.9155383570419858, 0.8472483839525287, 0.7899820768009976, 0.7434194624576422, 0.6995420585507932, 0.6687014567882509, 0.6412823695660858, 0.6046130826406162, 0.5793950345052783, 0.5600924637464001, 0.5326856947920816, 0.514271165251427, 0.4933398889611139, 0.47447354272198494, 0.45919875354718065, 0.44370716055640785, 0.42958561108087945, 0.4093767598919246, 0.3998744467563946, 0.3871633838052335, 0.37603731354331726, 0.36277119807727504, 0.34795562538039654, 0.3392210822276142, 0.32363332228739855, 0.3160979544262752, 0.30332013332020596, 0.29845628786422407, 0.2861258311725943, 0.2762304376382047, 0.26586453803360005, 0.25800683528489776, 0.25062054325171446, 0.2451382065215684, 0.2379766581842052, 0.2259087723196315, 0.221401141827826, 0.20927173268916965, 0.20990595067172405, 0.20308502519603275, 0.1932065034347117, 0.19179534851132757, 0.18203150781104938, 0.17663311192294215, 0.1724603033965201, 0.1653518346436036, 0.15777414910438115, 0.1569465717296009, 0.15178593237172155, 0.14901808894160765, 0.14551949400045072, 0.13629655319901987, 0.13268153468513733, 0.13300857065088303, 0.12442753012851833, 0.1256611024212959, 0.12061695402959728, 0.10991867286298433, 0.11416071728157723, 0.10805261930655641, 0.11160809705819925, 0.1046162167149584, 0.10148274809207834, 0.09903148082477967, 0.09406749428966847, 0.09426281947518705, 0.09251508340858819, 0.08646284898652522, 0.08755507479991069, 0.08088036910023379, 0.08467855576968863, 0.07879044874416441, 0.07693588382342968, 0.07514490610193414, 0.07517826735087292, 0.07488768283858933, 0.06934924104996502, 0.06854593688193375, 0.06475692996731423, 0.06054327905635395, 0.06157639858496311, 0.05952419506628876, 0.06334124278643971, 0.06010458352820724, 0.05564786213666886, 0.05498774319677554, 0.05573415160512604, 0.05307436895454326, 0.05002548284542835, 0.05057889095071674, 0.04713921393494091, 0.04484018636986499, 0.04474754194262178, 0.04207494918404676, 0.044469302140242986, 0.040894104653726455, 0.04243055726472965, 0.04086505809960806, 0.03906473272260936, 0.03542920083457799, 0.036739979303129916, 0.03424280354588786, 0.034653551599649175, 0.03426722384384259, 0.03263474884204795, 0.030947926975286488, 0.028891851552678725, 0.03004157651380143, 0.02763679794743276, 0.02939914196820172, 0.026329383910562165, 0.02653641620284075, 0.0239573415649264, 0.023847606356727325, 0.02483441316990999, 0.022854451012685705, 0.02245514948770185, 0.022182655961388516, 0.019085537605618826, 0.01969554305181998, 0.020849255372739166, 0.021366714370970513, 0.01678426784378074, 0.017395700571303498, 0.016828522513992132, 0.01793710605928834, 0.0184863034965973, 0.015827583338287623, 0.016627660134102783, 0.014666780567048546, 0.0145599269224039, 0.01332655138566273, 0.011245395535516227, 0.012699635962032966, 0.012892723037253754, 0.013341196075193774, 0.01163783465134566, 0.011153382523690381, 0.010493021094031236, 0.011270041791032916, 0.010052742109724197, 0.011310931206281866, 0.009662344591277341, 0.008692003525038789, 0.008698090240741899, 0.008620172488706215, 0.008741877615683154, 0.0067581007271023145, 0.007046531149632204, 0.007514526521193955, 0.006118541055530443, 0.0070500841158155775, 0.006009233965179817, 0.007010440720813027, 0.005571702042600656, 0.006286464398484909, 0.0052919548653146955, 0.005103182101291289, 0.005461132103420795, 0.004179059698082962, 0.004785338124717557, 0.005393796221288653, 0.004060283352722428, 0.0040685981423120654, 0.004608601806406572, 0.0038851457006169087, 0.003592889630723835, 0.0038594686626413507, 0.003198150324000208, 0.003470837171362919, 0.0031242517232157626, 0.0033302679353034393, 0.0032909318935447625, 0.0028273752699175146, 0.0026559988152031946, 0.0031053465515220834, 0.002944885982492509, 0.0027497253684259123, 0.0030368516154967926, 0.002246030082981533, 0.0025456542857391746, 0.0021309628634119753, 0.002147487006782506, 0.003230839810201318, 0.00254730498990519, 0.0019918814725682836, 0.002303062732542811, 0.0019950459159318295, 0.0024978620347708255, 0.001814379208732981, 0.002418212025565558, 0.00227208662466222, 0.0023260215158372416, 0.0025534285768491613, 0.0021476498046081767, 0.0024321998025465513], "train_acc": [36.91, 52.614, 59.582, 63.922, 67.458, 69.938, 72.21, 73.702, 75.236, 76.35, 77.234, 78.744, 79.646, 80.292, 81.318, 81.926, 82.596, 83.376, 83.804, 84.33, 84.808, 85.638, 85.834, 86.418, 86.65, 87.002, 87.698, 87.928, 88.58, 88.944, 89.09, 89.374, 89.874, 90.172, 90.562, 90.758, 91.068, 91.098, 91.514, 91.83, 92.1, 92.536, 92.482, 92.772, 93.048, 93.164, 93.54, 93.704, 93.812, 94.152, 94.23, 94.336, 94.6, 94.748, 94.8, 95.138, 95.276, 95.23, 95.538, 95.598, 95.666, 96.084, 95.98, 96.182, 95.986, 96.272, 96.352, 96.452, 96.686, 96.638, 96.778, 96.922, 96.902, 97.094, 97.036, 97.168, 97.28, 97.36, 97.278, 97.3, 97.538, 97.564, 97.658, 97.942, 97.828, 97.948, 97.774, 97.888, 98.034, 98.08, 98.042, 98.13, 98.284, 98.244, 98.364, 98.466, 98.4, 98.534, 98.482, 98.564, 98.544, 98.548, 98.646, 98.694, 98.726, 98.784, 98.822, 98.86, 98.898, 98.926, 98.98, 98.982, 98.984, 99.002, 99.096, 99.084, 99.166, 99.21, 99.124, 99.244, 99.204, 99.256, 99.326, 99.338, 99.28, 99.278, 99.444, 99.364, 99.442, 99.378, 99.358, 99.432, 99.42, 99.494, 99.506, 99.554, 99.6, 99.574, 99.582, 99.55, 99.592, 99.624, 99.654, 99.6, 99.676, 99.648, 99.658, 99.702, 99.706, 99.72, 99.7, 99.8, 99.788, 99.768, 99.81, 99.766, 99.786, 99.782, 99.792, 99.796, 99.824, 99.846, 99.824, 99.866, 99.876, 99.812, 99.872, 99.878, 99.85, 99.858, 99.878, 99.864, 99.896, 99.894, 99.906, 99.882, 99.9, 99.922, 99.912, 99.904, 99.922, 99.912, 99.918, 99.922, 99.93, 99.936, 99.942, 99.89, 99.924, 99.956, 99.95, 99.946, 99.92, 99.952, 99.914, 99.924, 99.932, 99.926, 99.946, 99.922],