{"epoch": 199, "batch_size": 128, "net": "resnet18", "best_acc": 85.02, "parameters": 11181642, "train_loss": [1.7034096501367477, 1.2941583850804497, 1.1245444726456157, 1.0187961353975183, 0.9371483652183162, 0.8749295316083961, 0.8243595122376366, 0.7829063269488342, 0.7419443956726347, 0.713673072855186, 0.6862961922765083, 0.662451172271348, 0.6314710882466162, 0.6177148826591804, 0.5923482118665105, 0.5764289739186806, 0.559348400444021, 0.532612484967922, 0.5249627904818795, 0.5083613186083791, 0.4989239085665749, 0.48123042045346914, 0.46787866645152004, 0.4502364552539328, 0.4392140397559042, 0.4272802163039327, 0.41155346465842496, 0.4094567769552436, 0.39823610364171247, 0.3850829759445947, 0.3768079611651428, 0.36544848444974026, 0.3621381430522255, 0.3459461658735714, 0.33900882330392024, 0.3293460084273077, 0.31828216434744616, 0.31209630185685805, 0.308669667109809, 0.2934011727419046, 0.2905436478688589, 0.28060940632125, 0.2742109448860978, 0.2718600960415038, 0.25732512164222615, 0.25492110747434293, 0.25219515920676233, 0.2402717284000743, 0.23769057008540234, 0.2257665851918023, 0.22887188533459174, 0.21203994175509724, 0.21133785279434356, 0.20231699421430183, 0.20269048522652872, 0.19872840579665835, 0.19088109373055456, 0.18953055105245936, 0.1836327148310821, 0.17338073641404778, 0.1732292838413697, 0.17136605621298864, 0.16710884186922742, 0.161273008169573, 0.15453548004369602, 0.16075107961168986, 0.15012820128856413, 0.14652526133772356, 0.14159884535328812, 0.14349420661168635, 0.13955710096584867, 0.13191483743355403, 0.1386439044342931, 0.12390934069024022, 0.12840915820025423, 0.1188358356199606, 0.11355203289605315, 0.11618322924332088, 0.11563553456264689, 0.11126960391926644, 0.10751350114927115, 0.10628156076707042, 0.10463372579849589, 0.1038028203293948, 0.10303759793548481, 0.09590390377470752, 0.09330528445275085, 0.09236996580401192, 0.08999277597002665, 0.09005521439358859, 0.0847541402710978, 0.08647021653173524, 0.0815297089388494, 0.07527382567982234, 0.08267140625725927, 0.07485105857596068, 0.07341713411852603, 0.07398759326456911, 0.07089314890591919, 0.06978831816788601, 0.06798781269608671, 0.06471084638991777, 0.06171254599061997, 0.061274904695808735, 0.06190983000713998, 0.05874104955045464, 0.057447115485758884, 0.05460937870690204, 0.05351486147317054, 0.05192548438044422, 0.05328995712182444, 0.05030955048516164, 0.04731721749000461, 0.04922241103999755, 0.04659693768186032, 0.04464979776326577, 0.044215643815362776, 0.041612126290455194, 0.038263541306881116, 0.03952136574327336, 0.040211655215010085, 0.03713967602359383, 0.03994056877568174, 0.03584401123344784, 0.03405603766024513, 0.035348072126412486, 0.030701861501245015, 0.0318782720161016, 0.030923891457957705, 0.02913208589579462, 0.03173181428776487, 0.02988155175457754, 0.02671397750532669, 0.02617422510516089, 0.025078877095368875, 0.02510932048954203, 0.02544548763575561, 0.023519484541507537, 0.022496060565318863, 0.022368857445007148, 0.02188146460856147, 0.019751412513525322, 0.019600601265709512, 0.01935449354511345, 0.0179335106517929, 0.017674890339977163, 0.016907925266758217, 0.015453978405927148, 0.014391030450952965, 0.014309699564804192, 0.014270841611026432, 0.014171081372861848, 0.014310417421128782, 0.012934565781573992, 0.011385987606852332, 0.011160514431337462, 0.011612411648722227, 0.010398765237641085, 0.011762536650099565, 0.010484998086419747, 0.010571342934181441, 0.009422123341647255, 0.010513001239112437, 0.009406639866026528, 0.007622328837496846, 0.00810008137562798, 0.0083720779788229, 0.008183748591938378, 0.007657258801729135, 0.007051397086409352, 0.0069255661312773555, 0.0065936138219622265, 0.006512691638634309, 0.006494319792289068, 0.006136738225486299, 0.005628641487819457, 0.0055328608579326855, 0.005464594409330045, 0.005308856330293914, 0.005492168441152824, 0.0055459471371592335, 0.0052594446702628065, 0.004929788579294623, 0.004317745345856344, 0.005091682477264523, 0.005113149776964274, 0.004692616760986797, 0.004877997602186049, 0.0044464225511756175, 0.00463405632324007, 0.0040884392431733505, 0.003917566250076742, 0.00441024319269954, 0.0042283297002064235, 0.004002870109481285, 0.0035236317383506824, 0.004218667225945411, 0.004162406987499308, 0.004331102353565947, 0.0039926879139958885], "train_acc": [36.832, 52.588, 59.372, 63.344, 66.52, 68.882, 70.58, 72.03, 73.6, 74.888, 75.69, 76.596, 77.8, 78.39, 79.148, 79.664, 80.34, 81.246, 81.644, 82.09, 82.402, 82.978, 83.448, 84.152, 84.518, 84.878, 85.206, 85.528, 85.944, 86.382, 86.636, 87.06, 87.198, 87.826, 87.914, 88.296, 88.718, 88.892, 89.052, 89.542, 89.626, 89.944, 90.304, 90.374, 90.836, 90.856, 91.088, 91.484, 91.56, 92.066, 91.896, 92.388, 92.384, 92.944, 92.758, 92.906, 93.232, 93.236, 93.412, 93.842, 93.854, 93.842, 94.082, 94.276, 94.452, 94.22, 94.656, 94.878, 94.934, 94.91, 94.978, 95.402, 95.118, 95.564, 95.428, 95.81, 96.052, 95.92, 95.918, 96.204, 96.188, 96.322, 96.31, 96.372, 96.36, 96.578, 96.658, 96.742, 96.87, 96.866, 97.032, 96.948, 97.148, 97.43, 97.052, 97.374, 97.416, 97.402, 97.464, 97.55, 97.672, 97.726, 97.85, 97.832, 97.85, 97.992, 98.028, 98.166, 98.142, 98.19, 98.128, 98.252, 98.342, 98.326, 98.376, 98.5, 98.538, 98.556, 98.694, 98.628, 98.594, 98.7, 98.688, 98.834, 98.838, 98.794, 98.976, 98.86, 98.972, 99.01, 98.91, 98.996, 99.128, 99.124, 99.122, 99.186, 99.106, 99.23, 99.222, 99.266, 99.274, 99.298, 99.34, 99.332, 99.384, 99.426, 99.452, 99.47, 99.522, 99.508, 99.528, 99.542, 99.534, 99.622, 99.616, 99.65, 99.596, 99.674, 99.622, 99.668, 99.652, 99.704, 99.646, 99.7, 99.78, 99.746, 99.732, 99.748, 99.768, 99.788, 99.804, 99.794, 99.822, 99.806, 99.824, 99.84, 99.854, 99.852, 99.852, 99.84, 99.818, 99.846, 99.864, 99.882, 99.852, 99.848, 99.854, 99.858, 99.894, 99.862, 99.892, 99.904, 99.884, 99.888, 99.882, 99.91, 99.888, 99.876, 99.874, 99.88],