{"epoch": 199, "batch_size": 128, "net": "CompressionNet_tiny", "best_acc": 60.69, "parameters": 504676, "train_loss": [4.379722196427758, 4.095653950405852, 3.947886070022193, 3.817510248754945, 3.7260481311232234, 3.637367031458394, 3.5524854739303784, 3.4606298113722938, 3.3851313542222123, 3.304044443018296, 3.234133764910881, 3.198981235704154, 3.161472468729824, 3.105657132385332, 3.0834618242805267, 3.057516229122191, 3.0325362365264112, 3.0098599430240327, 2.9842703372926054, 2.956581630365318, 2.950750835106501, 2.926219388956914, 2.9196094692210712, 2.9075060720029087, 2.9013650466109175, 2.8776725612942826, 2.8847053929058184, 2.8471268570941426, 2.8625318955277543, 2.847808775694474, 2.8457144044549265, 2.828334180900203, 2.8072053764177407, 2.818139222576795, 2.792378913411094, 2.8076163051683274, 2.793550040715796, 2.7780146159784262, 2.7646730068089713, 2.764336959785208, 2.7616060767942074, 2.7493589912229184, 2.752207467623074, 2.7396616618651564, 2.73155792533894, 2.7234177138189524, 2.7146931987284395, 2.7219235067782193, 2.705870177129955, 2.7009696143362527, 2.6963803402298248, 2.7036560508601197, 2.6789696454392065, 2.6831596501343085, 2.6827167360983846, 2.669953882846686, 2.6612148498330277, 2.652245524594241, 2.6619713934486176, 2.629332182657383, 2.6264835495473173, 2.6368213675516037, 2.624682988657061, 2.6142395054897687, 2.6017715912645736, 2.605229374087985, 2.595892525085098, 2.594405576091288, 2.5965207080402033, 2.5713367632892736, 2.568821639965867, 2.565143243126247, 2.5630076035209326, 2.543787515986606, 2.533744369931233, 2.51957446412967, 2.5427065389540493, 2.515724053468241, 2.5088402468834996, 2.507918393825326, 2.506426042607983, 2.472694165261505, 2.488608124920779, 2.4692597889229466, 2.452073922547538, 2.455267773869702, 2.4567441903721647, 2.434719208256363, 2.4183633452486197, 2.4163297323314734, 2.4162166514969847, 2.415828742639488, 2.4037934264258656, 2.394969053585511, 2.370903814845073, 2.369763027676536, 2.356873220799829, 2.3474735600869066, 2.349165145698411, 2.331659168233652, 2.3296856633232683, 2.312015713328291, 2.2982043415079336, 2.3023557141613775, 2.2953055786049883, 2.261784706884028, 2.2739156036425734, 2.260997817949261, 2.248266256983628, 2.234912052788698, 2.2314483113301073, 2.2240782421263283, 2.2096186129333417, 2.2055327441076487, 2.198975063345926, 2.202292867633693, 2.1691663640234475, 2.163804778662484, 2.148656026176784, 2.138314179447301, 2.1386216546568417, 2.1189227899931886, 2.1150596013764287, 2.0933975871566615, 2.083951740618557, 2.0810407223299032, 2.0706346281958967, 2.050249166500843, 2.045963757483246, 2.023652785879267, 2.02358170025184, 2.01463843398082, 1.9960877428884092, 1.9796415058243306, 1.9741123820204869, 1.978640718838138, 1.9490559421231985, 1.9214964464802267, 1.9272971561802623, 1.9039924416090825, 1.8854602874087556, 1.8677413195295407, 1.8812944687845763, 1.8383112490329596, 1.837557876811308, 1.8307603740936045, 1.8170715826551627, 1.7910563582959382, 1.7907912908002848, 1.7679234660799852, 1.7579558727991245, 1.7397139996213986, 1.7293671305527163, 1.715775826398064, 1.69804803184841, 1.6941686740616704, 1.6597781995373309, 1.6452784593148, 1.6357803103868918, 1.618052941454036, 1.6133964442840927, 1.5920385783895508, 1.5840811150153276, 1.5708791014483519, 1.550282887485631, 1.5268130339015171, 1.5282630206983718, 1.4944222793554711, 1.4785584802822689, 1.469159833000749, 1.4470924645128762, 1.4373386360495293, 1.4310898567404589, 1.411262583549675, 1.397422774978306, 1.3765832472335346, 1.366770930149976, 1.3459743282679097, 1.3340542673149987, 1.3136402987458211, 1.3069132889628106, 1.299918027942443, 1.2854468099906315, 1.2680156761423096, 1.2586527532323852, 1.2564815595326826, 1.23900426958528, 1.2214405410125126, 1.2177473507878724, 1.204911825297129, 1.2044653756844113, 1.1951480283761573, 1.1896321810115025, 1.1879888443690736, 1.1906653724972853, 1.1771405072468322, 1.1747422765587907, 1.1740811116555159, 1.1683427758533935, 1.1734734394056412], "train_acc": [3.026, 5.998, 8.37, 10.214, 11.568, 13.124, 14.438, 15.95, 17.528, 18.474, 19.938, 20.474, 21.4, 22.242, 22.928, 23.308, 23.594, 24.192, 24.888, 25.044, 25.398, 25.772, 26.18, 26.734, 26.558, 26.994, 27.07, 27.592, 27.384, 27.968, 28.19, 28.382, 28.836, 28.716, 28.952, 28.876, 28.976, 29.538, 30.014, 29.792, 29.95, 30.022, 30.174, 30.618, 30.404, 30.684, 31.06, 30.698, 30.672, 31.46, 31.384, 31.29, 31.38, 31.644, 31.952, 32.11, 32.068, 32.518, 32.024, 32.89, 33.01, 32.816, 32.966, 33.22, 33.398, 33.642, 33.704, 33.992, 33.876, 34.226, 34.524, 34.616, 34.752, 34.922, 35.232, 35.332, 35.082, 35.498, 35.8, 35.5, 35.75, 36.254, 36.166, 36.626, 37.034, 37.144, 37.01, 37.214, 37.78, 37.894, 37.894, 38.028, 38.234, 38.242, 38.652, 38.976, 39.302, 39.372, 39.444, 39.7, 39.87, 40.328, 40.362, 40.392, 40.574, 41.4, 41.494, 41.382, 41.786, 42.074, 42.096, 42.23, 42.74, 42.684, 42.734, 42.918, 43.564, 43.724, 43.876, 44.322, 44.518, 44.768, 45.024, 45.364, 45.62, 45.824, 45.836, 46.272, 46.714, 47.094, 47.222, 47.076, 47.576, 47.876, 48.048, 47.98, 48.918, 49.236, 49.45, 49.984, 50.322, 50.622, 50.48, 51.076, 51.464, 51.5, 51.772, 52.426, 52.592, 53.182, 53.36, 53.634, 54.068, 54.224, 54.736, 54.976, 55.564, 55.95, 56.186, 56.57, 56.62, 57.202, 57.34, 57.768, 58.152, 58.97, 58.542, 59.414, 59.922, 60.122, 60.41, 60.76, 61.226, 61.618, 61.92, 62.446, 62.352, 62.796, 63.354, 63.682, 63.91, 64.174, 64.58, 64.918, 65.082, 65.384, 65.86, 65.994, 66.028, 66.31, 66.496, 66.8, 66.78, 66.978, 66.892, 67.038, 67.288, 67.13, 67.262, 67.17],