{"epoch": 199, "batch_size": 128, "net": "CompressionNet_small", "best_acc": 61.61, "parameters": 712708, "train_loss": [4.28732676335308, 3.981986283036449, 3.8491830667266456, 3.729397947526039, 3.6491324785725237, 3.566966499513982, 3.4922534577986775, 3.447515482183003, 3.377237108967188, 3.3209668870472235, 3.283008918737816, 3.221279263801282, 3.1748085217097834, 3.160582054606484, 3.12416240931167, 3.1044402866412306, 3.0641186987347617, 3.0534997425420816, 3.022004183600931, 3.014461941121484, 2.9934257290247457, 2.9834246909831794, 2.9603297240898736, 2.9443912792693623, 2.9272147426214974, 2.9110198795338116, 2.9040991333134643, 2.8960223100374423, 2.885250276921655, 2.862813117254116, 2.8565451665912445, 2.87323168842384, 2.8382860144690785, 2.831844963990819, 2.818974112610683, 2.8069753213916595, 2.807778678586721, 2.7829431219174126, 2.7852340476287294, 2.776116823601296, 2.7709978578035788, 2.76702088956028, 2.747421596361243, 2.745866623680915, 2.741574223389101, 2.7312164501765803, 2.715144989740513, 2.7258359166362403, 2.700296567224176, 2.704341806109299, 2.681283956903326, 2.6813136933709654, 2.6776225743696207, 2.6622839882550644, 2.6653430437492895, 2.647991327983339, 2.645221859597794, 2.635450439379953, 2.6337364610198817, 2.6237160519260883, 2.6253134814064825, 2.604513331752299, 2.6095457077026367, 2.596636136779395, 2.5904037976813745, 2.585001111945228, 2.5695397420917327, 2.5491758624611, 2.5555750707836102, 2.5509580456082475, 2.5422439130065997, 2.5257935255689694, 2.5016671281946286, 2.510875450680628, 2.5021466388726785, 2.48840860393651, 2.4822919624845694, 2.474470609289301, 2.4524179468374423, 2.4654816617746182, 2.4296849740435706, 2.441522565948994, 2.4359764449126886, 2.4106776790545723, 2.414875763761418, 2.403754522123605, 2.397499699726739, 2.3834783476027077, 2.3635076141113514, 2.3733120174968945, 2.3580837210121057, 2.3360243913767587, 2.340437526593123, 2.3161200967896014, 2.3210503183057547, 2.3052141794463252, 2.289470496689877, 2.2815367669400657, 2.288401484489441, 2.251527509116151, 2.255604526880757, 2.2506954916907698, 2.2421626456253363, 2.218565883843795, 2.2174582838097496, 2.18911952649236, 2.190259461817534, 2.19489693977034, 2.1810770586628436, 2.1480280508470657, 2.140760556511257, 2.125077074141149, 2.116645956588218, 2.0988906207291977, 2.1064882769304165, 2.098244432903007, 2.0616602068362027, 2.06825703672131, 2.06279246002207, 2.0337348405052635, 2.0324641487482564, 2.0034981411131447, 2.013283492049293, 1.997904087576415, 1.9753946172611794, 1.9722408525779118, 1.9549976008017655, 1.934304483101496, 1.9368446711689005, 1.9248491931144538, 1.898657907305471, 1.8816841041950314, 1.869708727387821, 1.8616792146507126, 1.8403596246943754, 1.8372552977193652, 1.8273163972913151, 1.8077384074935523, 1.798385964025317, 1.7693735861107516, 1.763128996810035, 1.7407297588065458, 1.7407756693222944, 1.7233195704267459, 1.6841654320202215, 1.6896565140360762, 1.674076472706807, 1.6497238423208447, 1.6484363045533905, 1.622312003389344, 1.6022957212784712, 1.586268666760086, 1.573186647556627, 1.560852905063678, 1.533679009093653, 1.5188185199142417, 1.4977519411565092, 1.4752555305085828, 1.4670771406129803, 1.4459480940533416, 1.428321609716586, 1.4146200459631508, 1.3965931970749974, 1.3776207509857918, 1.3631820674137691, 1.3313942938814383, 1.3207428587976928, 1.3006469410703616, 1.2778153794500835, 1.2573573351516139, 1.2480508017418024, 1.2303895477748588, 1.2095517604552266, 1.178262286783789, 1.1700171662108672, 1.1546578079538272, 1.1309938063402005, 1.1283767016037651, 1.1054142840073238, 1.093783082712032, 1.079690555934711, 1.0677700972618045, 1.0535326334826476, 1.0329660694007679, 1.0220642452654631, 1.0008722714450964, 0.9908750528264838, 0.9887011917045964, 0.9693436575362749, 0.96866416306142, 0.9629826942063353, 0.9552090820449087, 0.9391512793043385, 0.9345466111931959, 0.9375049436793608, 0.9378419164806375, 0.9259902818123703, 0.9268532389265192, 0.9244655821939258, 0.9277975559234619], "train_acc": [4.4, 7.856, 9.84, 11.946, 13.24, 14.446, 15.846, 16.522, 17.944, 18.676, 19.192, 20.442, 21.2, 21.776, 21.838, 22.29, 23.138, 23.392, 24.018, 24.076, 24.582, 24.838, 25.118, 25.448, 25.732, 25.926, 26.676, 26.524, 26.732, 27.236, 27.568, 27.084, 27.486, 27.784, 27.956, 28.576, 28.32, 29.04, 28.89, 29.35, 29.294, 29.098, 29.826, 30.054, 29.938, 29.86, 30.232, 30.496, 30.714, 30.716, 31.352, 31.34, 31.716, 31.562, 31.572, 31.57, 32.082, 32.366, 32.484, 32.508, 32.636, 32.942, 32.834, 33.134, 33.418, 33.59, 33.844, 34.254, 34.376, 34.33, 34.79, 35.084, 35.124, 35.146, 35.372, 35.592, 35.972, 36.15, 36.348, 36.276, 37.148, 36.868, 37.0, 37.608, 37.502, 37.692, 37.786, 38.178, 38.58, 38.416, 38.774, 39.428, 39.222, 39.948, 39.766, 39.88, 40.586, 40.526, 40.71, 41.322, 41.014, 41.448, 41.828, 42.508, 42.34, 42.93, 42.792, 42.96, 43.32, 43.894, 43.998, 44.5, 44.666, 45.252, 44.964, 45.306, 46.128, 45.876, 46.094, 46.594, 46.836, 47.444, 47.242, 47.516, 48.092, 48.418, 48.806, 49.242, 49.134, 49.364, 49.858, 50.438, 50.768, 50.722, 51.036, 51.322, 51.694, 52.224, 52.324, 52.966, 53.13, 53.634, 53.808, 53.996, 54.998, 55.16, 55.396, 55.918, 56.122, 56.61, 56.738, 57.562, 57.736, 57.848, 58.746, 59.298, 59.714, 60.108, 60.292, 60.85, 61.184, 61.624, 62.074, 62.49, 62.82, 63.688, 63.686, 64.08, 64.666, 65.316, 65.458, 65.848, 66.06, 67.066, 67.58, 67.878, 68.334, 68.446, 69.108, 69.23, 69.914, 70.202, 70.526, 70.934, 71.382, 71.702, 71.948, 71.928, 72.44, 72.388, 72.738, 72.854, 73.456, 73.452, 73.434, 73.154, 73.704, 73.608, 73.684, 73.566],