{"epoch": 199, "batch_size": 128, "net": "QuadCompression", "best_acc": 63.78, "parameters": 38176484, "train_loss": [3.9511190649798458, 3.3787438015803657, 3.075221713546597, 2.9045993812248834, 2.7863888600293327, 2.701449357640103, 2.618588064027869, 2.5597534521156566, 2.4901715385944336, 2.4545723864489504, 2.40822873396032, 2.365927443784826, 2.3326505654303316, 2.2972953526870064, 2.2692935189322743, 2.235983890340761, 2.194478753582596, 2.1892462843824227, 2.1610860736168864, 2.1239315402477295, 2.110407740258805, 2.081689079704187, 2.069467491201123, 2.05116566337283, 2.029900494438913, 2.007676920927394, 1.9916838791669178, 1.980196426896488, 1.9490412845635963, 1.9478530133776653, 1.915417465407525, 1.9126608987598468, 1.8898075620841492, 1.8797847273404642, 1.863893538789676, 1.8490665891896123, 1.83004857573058, 1.8156325942110223, 1.8072968681754968, 1.7915944897610208, 1.7761303448616086, 1.77588600331865, 1.7561340475326304, 1.7387113180916633, 1.7299185643720505, 1.7142399903148642, 1.702651486372399, 1.6903811967586313, 1.6839312430842759, 1.6716076007584477, 1.6571847365030548, 1.6526371999774747, 1.637217340871806, 1.6342458234113806, 1.6140780116591003, 1.6054098319519512, 1.5870808481865222, 1.5833844388537395, 1.5746671193091155, 1.5639221396897456, 1.5470080799458887, 1.5439612606297368, 1.5332568935726, 1.525242925909779, 1.5093855848702629, 1.4982030513646352, 1.4964603240532643, 1.4775358151901714, 1.4663152953852778, 1.4558135582053142, 1.4569876471443859, 1.4419271369724322, 1.4304808219680396, 1.4222656872571278, 1.4197074525496538, 1.4062068532494938, 1.3934152928154793, 1.3941254259070472, 1.3834922434119008, 1.3646960639587753, 1.3649812238600554, 1.3562129467649533, 1.3391252149401418, 1.3392475245858702, 1.3236592730597767, 1.3014172750055943, 1.2969180491879164, 1.293144581872789, 1.2740120319149377, 1.27668488193351, 1.2618112384205888, 1.2525014174563804, 1.2516699145212198, 1.248354666068426, 1.2398675225884712, 1.2159066515810348, 1.2167700047383223, 1.1980623549512586, 1.2041026250175808, 1.1823210551610688, 1.1725466132468885, 1.160627656580542, 1.1546296172434716, 1.1535436695494006, 1.139110896136145, 1.132429841229373, 1.119330675553178, 1.115436970730267, 1.1106279935983137, 1.099606175556817, 1.092642068558032, 1.0810072836668596, 1.0784390777578134, 1.0711269195732254, 1.0660417959513262, 1.0580650796670743, 1.0428327215297142, 1.0394138460573943, 1.0263151552366174, 1.029224742556472, 1.0115001924202571, 1.0055487309880269, 0.9979770717108646, 0.999387735753413, 0.9840053082122218, 0.9768376338207508, 0.9663808007374444, 0.9648641870759637, 0.9532257359655921, 0.947402883978451, 0.9383383875002946, 0.9313399377076522, 0.9248754395853223, 0.910954556806618, 0.9174960990391119, 0.9061942952673149, 0.9071491054256858, 0.8987940037646867, 0.8878383420007613, 0.8869793233664139, 0.8767451994559344, 0.8690963029251684, 0.8635880049232327, 0.8538727953915706, 0.8407817525631937, 0.84988633400339, 0.8356311740472798, 0.8370230998224615, 0.8237277784615832, 0.8259041256002148, 0.8117202945682399, 0.8178118921606742, 0.8040879417563338, 0.8030992407932915, 0.8043336721942248, 0.7935749383838585, 0.7925326540646955, 0.7934343842289332, 0.7824045973055808, 0.7852274241959653, 0.7617862454003386, 0.7720346796085767, 0.764491788871453, 0.7580232342795643, 0.7508874336624389, 0.7505893393245804, 0.7480341737227671, 0.744987305396658, 0.7475685787475322, 0.7503175182110818, 0.7365390624841461, 0.7424786035971873, 0.7371487970394857, 0.733447238231254, 0.7290714200957656, 0.7229456968624574, 0.7202998315129439, 0.7232918826972737, 0.7108063113201609, 0.7215098732572687, 0.7188660561123772, 0.7194624069096792, 0.7128872250961831, 0.7164763316626439, 0.7128829785320155, 0.7078320784946842, 0.7115448151555512, 0.711542844391235, 0.7059697757291672, 0.7082216927157644, 0.6963893045549807, 0.7102114097846438, 0.7009487058348058, 0.7171291539736111, 0.697832955195166, 0.7021746265766261, 0.7015810721670576, 0.705589782322764, 0.7027042810721775, 0.7069875432554719], "train_acc": [10.476, 18.286, 23.638, 27.078, 29.076, 30.598, 32.882, 33.634, 35.054, 36.164, 36.768, 37.662, 38.526, 39.274, 39.832, 40.722, 41.392, 41.694, 42.466, 43.266, 43.322, 43.954, 44.086, 44.728, 45.368, 45.654, 45.968, 46.27, 46.79, 46.968, 47.518, 47.728, 48.126, 48.43, 49.076, 48.912, 49.662, 50.122, 50.384, 50.452, 50.886, 50.688, 51.256, 51.754, 51.792, 52.338, 52.49, 52.752, 52.806, 53.028, 53.642, 53.496, 53.816, 54.32, 54.69, 54.75, 55.278, 55.364, 55.456, 55.986, 56.35, 56.222, 56.308, 56.834, 56.832, 57.368, 57.39, 57.744, 57.938, 58.342, 58.39, 58.51, 58.97, 59.288, 59.282, 59.644, 59.834, 59.676, 59.936, 60.438, 60.824, 60.624, 61.078, 61.044, 61.666, 62.016, 62.318, 62.384, 62.886, 62.702, 63.02, 63.216, 63.558, 63.522, 63.514, 64.176, 64.328, 64.698, 64.53, 65.056, 64.954, 65.6, 65.856, 65.752, 66.412, 66.4, 66.518, 66.75, 66.876, 67.16, 67.418, 67.74, 67.626, 67.746, 68.046, 68.254, 68.82, 68.832, 69.068, 69.158, 69.418, 69.614, 69.796, 69.824, 70.31, 70.314, 70.634, 70.804, 71.042, 71.242, 71.56, 71.476, 71.832, 72.272, 72.186, 72.004, 72.376, 72.442, 72.814, 72.764, 72.848, 73.184, 73.474, 73.76, 73.982, 73.798, 74.236, 74.178, 74.556, 74.43, 74.994, 74.838, 74.94, 75.08, 75.08, 75.266, 75.412, 75.508, 75.6, 75.796, 76.29, 76.09, 76.34, 76.286, 76.416, 76.674, 76.452, 76.8, 76.848, 76.534, 76.882, 76.896, 76.944, 77.04, 77.148, 77.374, 77.446, 77.244, 77.848, 77.418, 77.43, 77.516, 77.752, 77.682, 77.592, 77.908, 77.826, 77.742, 77.91, 77.99, 78.214, 77.826, 78.122, 77.444, 78.14, 78.07, 78.036, 77.788, 78.144, 77.786],