{"epoch": 199, "batch_size": 128, "net": "resnet18", "best_acc": 54.96, "parameters": 11227812, "train_loss": [4.051291838936184, 3.2800980315488926, 2.939304173754914, 2.6987344974751974, 2.5162202165559733, 2.38702501086018, 2.2604809386650926, 2.159272486596461, 2.0679455425428306, 1.9766827321723295, 1.8972118510614575, 1.8218266317606582, 1.7492122973322564, 1.692324827394217, 1.6153874071052923, 1.5544879543202004, 1.5033665328379482, 1.4405824641132599, 1.3812837109846228, 1.3243877261191073, 1.2764571441713806, 1.2274040406012474, 1.1681574796471754, 1.1138597394499328, 1.069843921819916, 1.0100737448848423, 0.970775196924234, 0.9153657968696731, 0.8714421101848183, 0.8242134976265071, 0.7903796626478815, 0.7418502164466302, 0.7011922459163324, 0.6708912977477168, 0.6363793093987438, 0.5992955678259321, 0.5577694056436534, 0.53297887311872, 0.5048729778860536, 0.48545576803519597, 0.445499935456554, 0.4352898196033809, 0.4106472178417094, 0.3956325552652559, 0.373850095645546, 0.3501994788951581, 0.3416257785333087, 0.33212305933160857, 0.3150268449922047, 0.2891135958340162, 0.29328007207197304, 0.27909817378920365, 0.262613201594871, 0.25737912083983117, 0.2491008285671244, 0.23583253457799286, 0.226490271861291, 0.22349842921699709, 0.21356660011403092, 0.21004854241752868, 0.20604185207420603, 0.19953894853363258, 0.1864114705749485, 0.18417587655279644, 0.17667288786691168, 0.1731006873633398, 0.16634460771099077, 0.16089620627939244, 0.16804844959427023, 0.15302181924166885, 0.1477875069660299, 0.13845858572389158, 0.14742371903927734, 0.14336368797913843, 0.12789655188122367, 0.1415982027740582, 0.12769921099209725, 0.11628254318176329, 0.1159663961728668, 0.11817473193149433, 0.10863160281001455, 0.10966332976603904, 0.10493308483430035, 0.1044670526138352, 0.09505422822559428, 0.09592945139636011, 0.09273386196902646, 0.08994939529320316, 0.09662622361994155, 0.09573395723653266, 0.08913972151591955, 0.0805323466687175, 0.0763138698132904, 0.07273300628051581, 0.07477059319634419, 0.0763417232562514, 0.0734251346629675, 0.07138947960789628, 0.066227890674949, 0.0635538962514847, 0.054242291466316296, 0.0625338950253966, 0.061791558011585035, 0.057467394179719335, 0.053303260165635885, 0.053062575985975274, 0.05238952494138266, 0.050344098688048476, 0.05132824164884322, 0.04827686757220865, 0.04450205511763654, 0.04645527573659673, 0.040917213679865345, 0.03875900940526553, 0.04344512492327777, 0.03847840699412481, 0.0321670696460892, 0.038306302274279586, 0.03538057301312571, 0.0307373368399232, 0.029687022976100902, 0.03141106953582419, 0.03118563974347642, 0.02895723146093471, 0.02750824980170983, 0.025625644787036054, 0.025706643318457296, 0.021469367822856092, 0.02246519306119617, 0.021036687991855776, 0.022108761671706653, 0.020466139172668308, 0.019577582664501943, 0.02040091787507791, 0.01897391208561847, 0.018014153972377673, 0.018725325928672272, 0.017243229444650815, 0.013651915411750698, 0.013966055428537795, 0.015764059505754095, 0.01330339053170541, 0.011923459548767551, 0.012831260440656748, 0.010901248566044108, 0.01080243305310302, 0.01074899236708546, 0.010135156759584938, 0.009110324208617515, 0.008913940894167366, 0.008296594093672817, 0.007902619223642732, 0.008018603735088902, 0.007024524120829495, 0.007286128406549859, 0.007131265868912773, 0.006754499268503693, 0.006502375739407451, 0.005671172185599699, 0.005953818747444469, 0.006181821413308411, 0.005176207165012274, 0.0048244717458556016, 0.005558880973313137, 0.004743400906302544, 0.004819420549650545, 0.004311103348234964, 0.003840582021806851, 0.004212778181765381, 0.004192123649944968, 0.003491105907328684, 0.0036116716951546273, 0.0034797671122971893, 0.0032849740441692065, 0.0029836973007035957, 0.0031082433458004396, 0.003375699170707318, 0.0029101429036413524, 0.0026454991354193788, 0.0025205341102394617, 0.002570246049227393, 0.002689152387181616, 0.0022747016693775057, 0.0029733323154103397, 0.0022260391623373657, 0.0021826496146514517, 0.002233982959073251, 0.0020041765458018415, 0.00222193892962416, 0.0019730277074550937, 0.0020626834326493973, 0.0021255145884726953, 0.0021451802559844827, 0.0018437100793062316, 0.0019451791856094332, 0.001986608141958785, 0.001988215643316781, 0.0018548913040410376, 0.0018769820807162253, 0.0021455881367523884], "train_acc": [8.244, 20.434, 26.628, 30.976, 35.084, 37.822, 40.246, 42.648, 44.534, 46.534, 48.136, 50.048, 51.92, 53.096, 54.92, 56.226, 57.56, 59.11, 60.504, 61.982, 63.14, 64.286, 65.78, 67.294, 68.15, 70.208, 70.942, 72.482, 73.626, 74.894, 75.978, 77.494, 78.354, 79.382, 80.204, 81.274, 82.658, 83.282, 84.196, 84.704, 86.258, 86.476, 86.966, 87.538, 88.264, 88.882, 89.176, 89.504, 89.998, 90.882, 90.756, 91.188, 91.788, 91.888, 92.214, 92.608, 92.892, 92.822, 93.258, 93.328, 93.534, 93.732, 94.138, 94.19, 94.444, 94.526, 94.704, 95.028, 94.788, 95.256, 95.446, 95.754, 95.43, 95.568, 96.076, 95.548, 96.032, 96.416, 96.384, 96.398, 96.63, 96.61, 96.784, 96.748, 97.118, 97.114, 97.136, 97.316, 96.984, 96.966, 97.344, 97.58, 97.78, 97.84, 97.688, 97.714, 97.842, 97.838, 98.062, 98.13, 98.458, 98.09, 98.168, 98.312, 98.474, 98.442, 98.502, 98.51, 98.516, 98.612, 98.742, 98.674, 98.862, 98.936, 98.758, 98.912, 99.154, 98.932, 98.996, 99.182, 99.214, 99.134, 99.108, 99.226, 99.236, 99.298, 99.298, 99.468, 99.41, 99.46, 99.414, 99.468, 99.492, 99.432, 99.524, 99.532, 99.518, 99.546, 99.676, 99.644, 99.616, 99.67, 99.732, 99.68, 99.734, 99.732, 99.748, 99.762, 99.822, 99.816, 99.816, 99.824, 99.814, 99.848, 99.836, 99.838, 99.852, 99.84, 99.864, 99.862, 99.854, 99.89, 99.898, 99.862, 99.888, 99.886, 99.912, 99.922, 99.88, 99.89, 99.928, 99.912, 99.908, 99.926, 99.928, 99.93, 99.904, 99.936, 99.942, 99.942, 99.944, 99.94, 99.948, 99.924, 99.948, 99.948, 99.944, 99.952, 99.942, 99.952, 99.95, 99.942, 99.948, 99.962, 99.948, 99.954, 99.952, 99.956, 99.952, 99.948],