{"epoch": 199, "batch_size": 128, "net": "resnet101", "best_acc": 57.84, "parameters": 42705060, "train_loss": [3.8858412531635644, 3.2589573591871335, 2.9266416563097475, 2.651882392366219, 2.440036419407486, 2.2680224552178934, 2.135612286265244, 2.012425227543277, 1.899578916752125, 1.7972118104510295, 1.7022967945279368, 1.6096465807131795, 1.5298243864722874, 1.4364570452429144, 1.3627801362205954, 1.2814541190786435, 1.20365228997472, 1.1201536806343158, 1.0584724367122211, 0.989691330648749, 0.9091673572654919, 0.8482417793530027, 0.7801617483043914, 0.7181685161407646, 0.6584940187613982, 0.6110604621107926, 0.5662268859803524, 0.522166288950864, 0.47929814076789506, 0.447813924201919, 0.43375015876177325, 0.3989988963698487, 0.37195897567302677, 0.3443223363374505, 0.32517280702090934, 0.3202697444907235, 0.31514159222240645, 0.28851058677105645, 0.2830871368003318, 0.265064321687002, 0.25844121429011646, 0.24868914871798148, 0.2327268489676973, 0.23057910426498374, 0.22274487301745377, 0.2189750275991457, 0.2165097240596781, 0.20966604611148004, 0.19581138002483742, 0.19249523164289992, 0.18561820161845677, 0.18373216116977165, 0.1709071600814457, 0.17023989543928514, 0.18109517094805416, 0.17141554873350942, 0.15151030121518827, 0.16065147964050397, 0.1430787667822655, 0.14925059603760615, 0.1505211068083868, 0.14934440367781293, 0.1395444489939286, 0.1287598648511083, 0.12846406850287373, 0.14480924036572962, 0.11855127330859909, 0.11749654814429447, 0.11594941709047693, 0.12360178431510316, 0.11285819323814433, 0.10824026576126627, 0.11684549297861126, 0.10834877019571831, 0.1045403380823486, 0.10562101251367108, 0.10210431495305065, 0.09313960050416115, 0.09854983408813892, 0.09755512645177523, 0.09166679573733635, 0.08385384015624633, 0.0830365014417321, 0.09914285334689385, 0.08253840255596297, 0.08106786131744495, 0.08465967710842104, 0.07648974462219364, 0.0694336408744459, 0.06952271758176176, 0.06831292673716764, 0.06974873084412969, 0.07215021145494317, 0.06198123219372976, 0.06568479103743649, 0.06316736726866812, 0.06063814576991531, 0.059697561892573636, 0.05836501159012089, 0.04734241002051117, 0.05112546238133593, 0.05389702877463282, 0.05319737558922423, 0.0505955596680722, 0.044460544638964525, 0.05299960824725268, 0.0422988553481448, 0.044563594862551945, 0.03914024542940928, 0.04145519156485339, 0.03642211086057184, 0.03700504335038878, 0.04044998754911563, 0.03057896933825615, 0.03372745376670985, 0.034992159661048516, 0.029196384745766708, 0.031156603294565245, 0.026508314730337514, 0.028395006711216038, 0.026719353685174568, 0.02865154597589084, 0.03063067546247712, 0.022169961443985513, 0.020952391870500867, 0.018675809029413536, 0.01894550881666534, 0.017908750939756975, 0.02271609170043179, 0.022556029289336803, 0.016028013990839463, 0.014568814666598769, 0.016117794295389426, 0.014769886728719143, 0.01677162860832213, 0.014022841221293257, 0.012380061817624608, 0.014584779636065007, 0.01059706598613173, 0.012185771580990356, 0.008932402740349359, 0.009320574385189044, 0.010964209917704087, 0.007448245279069352, 0.007880133655591561, 0.007891703036029006, 0.009392241090762398, 0.007114113155750039, 0.005705551396015689, 0.006974416951377354, 0.005627062075081832, 0.004531461003687842, 0.00464252754055914, 0.00386632145705509, 0.004514654443892257, 0.004888345062023486, 0.005142463118304162, 0.004774123054284179, 0.00358770000944843, 0.003279191500972063, 0.002405290676252869, 0.002582448993480819, 0.0024860955271905627, 0.0021998018099372023, 0.003089537826011522, 0.002111670166483897, 0.001763169871657477, 0.0017602401535639176, 0.0014678632541920793, 0.0016072868088009003, 0.001610263221441051, 0.0016346476423187012, 0.0013898742008421933, 0.001404485569390304, 0.0013312801192349355, 0.001233272431081112, 0.0012691731647620468, 0.0012408255339588833, 0.0010915325020293735, 0.0010268039088603942, 0.0011881734332916222, 0.0010953337793773495, 0.0011354780863234214, 0.0010813758021507584, 0.0009462100706398017, 0.0008901045959525625, 0.0010090495942702666, 0.0009217832181823787, 0.0008938460746426326, 0.0007848132963051432, 0.0008989921360949675, 0.0008444787554788705, 0.0008334291584091856, 0.0008008121097300504, 0.0007606313004025349, 0.0007576466779979487, 0.0007460148905648354, 0.0006979519031908247, 0.0008277315945170857, 0.000722610638872899], "train_acc": [10.638, 19.86, 26.178, 31.458, 35.63, 39.22, 42.646, 44.992, 47.558, 49.586, 52.22, 54.184, 56.24, 58.602, 60.242, 62.316, 64.114, 66.478, 68.344, 69.946, 72.336, 73.792, 75.928, 77.792, 79.448, 80.632, 82.24, 83.816, 84.854, 85.812, 86.018, 87.436, 88.104, 89.032, 89.836, 89.752, 90.192, 90.908, 91.034, 91.622, 91.888, 92.198, 92.808, 92.778, 92.962, 93.094, 93.114, 93.45, 93.918, 94.082, 94.28, 94.28, 94.796, 94.7, 94.348, 94.602, 95.296, 95.07, 95.732, 95.42, 95.302, 95.456, 95.684, 96.148, 96.064, 95.464, 96.458, 96.414, 96.474, 96.214, 96.582, 96.712, 96.35, 96.798, 96.868, 96.804, 97.044, 97.188, 96.948, 97.068, 97.248, 97.53, 97.59, 97.014, 97.518, 97.568, 97.444, 97.738, 98.002, 97.954, 98.028, 97.972, 97.892, 98.238, 98.178, 98.186, 98.224, 98.284, 98.296, 98.69, 98.588, 98.448, 98.464, 98.582, 98.786, 98.47, 98.826, 98.7, 98.892, 98.842, 99.02, 98.996, 98.834, 99.196, 99.086, 99.038, 99.242, 99.12, 99.294, 99.256, 99.268, 99.226, 99.17, 99.394, 99.466, 99.538, 99.544, 99.544, 99.374, 99.406, 99.588, 99.646, 99.594, 99.626, 99.542, 99.634, 99.702, 99.624, 99.72, 99.704, 99.794, 99.77, 99.744, 99.826, 99.804, 99.794, 99.778, 99.822, 99.868, 99.832, 99.852, 99.9, 99.896, 99.9, 99.89, 99.876, 99.862, 99.862, 99.898, 99.912, 99.94, 99.92, 99.922, 99.93, 99.898, 99.938, 99.94, 99.944, 99.954, 99.94, 99.94, 99.936, 99.946, 99.948, 99.954, 99.95, 99.958, 99.944, 99.95, 99.96, 99.944, 99.962, 99.952, 99.94, 99.954, 99.96, 99.952, 99.952, 99.962, 99.964, 99.954, 99.964, 99.956, 99.966, 99.958, 99.962, 99.97, 99.972, 99.96, 99.97],