{"epoch": 199, "batch_size": 128, "net": "resnet34", "best_acc": 62.43, "parameters": 21335972, "train_loss": [3.9650177833674203, 3.2766860561907443, 2.985984529070842, 2.7715150931912005, 2.6077501054310126, 2.5027288482012344, 2.4209889091189254, 2.3577342524248013, 2.303700063539588, 2.245889970103798, 2.200931647854388, 2.1590248078031613, 2.129601705409682, 2.090859068324194, 2.0736515131752813, 2.040761104020316, 2.0165871903109736, 1.997260459548677, 1.974203142668585, 1.957905891911148, 1.9471137862071357, 1.9286441690171772, 1.902054206489602, 1.881048237576204, 1.8859645442279709, 1.8726427844723168, 1.8646463442336567, 1.845187549091056, 1.8325315189483526, 1.8287234092917284, 1.8199547388974358, 1.8090900832124988, 1.7949882227441538, 1.7853279369871329, 1.7754448085184902, 1.768767077599645, 1.764950961408103, 1.7580456416625196, 1.7483632994429839, 1.742291472452071, 1.7326274466941425, 1.7228131876577197, 1.7134228752702094, 1.7058315072827936, 1.7046626461741259, 1.6905070683535408, 1.6884921078791704, 1.6761356558641205, 1.6702359798924087, 1.662528559374992, 1.6492422495961494, 1.6411330004787201, 1.6355850717905538, 1.6312904656695588, 1.6250335103105706, 1.6145383461052194, 1.5998380357956947, 1.593856362735524, 1.5930025306199214, 1.578380611546509, 1.5742832699700084, 1.5594847494988795, 1.5473273129719298, 1.5429081685097932, 1.537230939816331, 1.5170046441695269, 1.5133136257796032, 1.5050512262622413, 1.5005974022628705, 1.4893629261294898, 1.47555851509504, 1.4620574935317954, 1.4576162749239245, 1.4548972238360158, 1.4372007657804757, 1.42815041816448, 1.4213393854972955, 1.4148948755105744, 1.3958479922140956, 1.3850457372567844, 1.3745864987983119, 1.3590836028003936, 1.3539957818777666, 1.3421827338235763, 1.3227657207747554, 1.3129979187570264, 1.3148590641863205, 1.292421691710382, 1.2810591488238185, 1.2776345125854474, 1.2561120073813612, 1.2521002646297446, 1.2238926645130148, 1.2049410440732755, 1.187612097281629, 1.1911539721976765, 1.1662194742571057, 1.1575156942657803, 1.139008410903804, 1.1353829042685917, 1.1053838676503858, 1.0970855309530292, 1.0875737964344756, 1.0691211600132915, 1.0626406447052041, 1.034261165982317, 1.0179029351000286, 1.0091608249013075, 0.9887091631779585, 0.9656236266236171, 0.9448262576556876, 0.9456164326204364, 0.9145875913102913, 0.901119173792622, 0.8885499803001619, 0.8565098677602265, 0.8490138348106229, 0.8229352089450183, 0.8002502497504739, 0.8050698776684149, 0.7757531675841193, 0.7368364445388774, 0.7333351504772215, 0.7118442063136479, 0.6855876610407134, 0.6773520663876058, 0.6514565401979725, 0.6313484540528349, 0.6117724344858428, 0.5860023398685943, 0.5795863060390248, 0.5574260969905902, 0.5393577205860401, 0.49624658012024275, 0.4914981273129163, 0.48070959125638313, 0.45586949160031953, 0.45173141021100455, 0.4270961198889081, 0.390202755856392, 0.3748397571046639, 0.36530250326141983, 0.3440947599346985, 0.31483684144818874, 0.3058006236772708, 0.2912639447337831, 0.2725021137339075, 0.2545031110001037, 0.23159935119588052, 0.2252014996412465, 0.20575958888625245, 0.18660972092081518, 0.16980120922674607, 0.1511075081842025, 0.1370675024740836, 0.12250260917274543, 0.1114951359093799, 0.1021324802294869, 0.09113581760612595, 0.07496495945069491, 0.06852841176702391, 0.06189946449168808, 0.05635176601407625, 0.04938315392931557, 0.041498972743730565, 0.03675536073915794, 0.03329107532149081, 0.02921771381974525, 0.028400853169067285, 0.02465222414125643, 0.023017218164966234, 0.021589245054099107, 0.02060808083447425, 0.019558053134995347, 0.018722038856609856, 0.018160150972340267, 0.017092463577075688, 0.01693140087730211, 0.01633602079085034, 0.015816781911617884, 0.01581873037778508, 0.014996949283172712, 0.015390551669280167, 0.014489949869034846, 0.014487312885139452, 0.014307632671950189, 0.01373651103280923, 0.014127115907190402, 0.013680646901049882, 0.013510708622110392, 0.013797048339977518, 0.013262680587608872, 0.013690101400808528, 0.013536012805331394, 0.01297551007403056, 0.01349132348809515, 0.013057643223715864, 0.013256960791414198, 0.012816027268919799, 0.013077158041422248], "train_acc": [9.228, 19.82, 25.146, 29.372, 32.278, 34.872, 36.608, 37.618, 39.002, 40.254, 41.224, 42.358, 42.806, 43.75, 44.016, 44.602, 45.416, 46.092, 46.302, 46.892, 47.196, 47.37, 48.006, 48.612, 48.224, 48.762, 48.848, 49.078, 49.478, 49.686, 49.796, 50.402, 50.43, 50.92, 50.928, 51.17, 51.326, 51.29, 51.598, 51.896, 52.09, 52.576, 52.468, 52.64, 52.508, 53.162, 52.906, 53.294, 53.286, 53.588, 53.986, 54.086, 54.414, 54.366, 54.536, 54.87, 55.07, 55.238, 55.336, 55.708, 55.746, 56.228, 56.426, 56.436, 56.912, 57.252, 57.384, 57.552, 57.454, 57.72, 58.084, 58.526, 58.578, 58.644, 58.972, 59.258, 59.524, 59.684, 60.192, 60.152, 60.608, 61.034, 61.054, 61.402, 61.682, 62.114, 61.988, 62.398, 62.69, 63.254, 63.608, 63.61, 64.328, 64.77, 65.018, 65.026, 65.832, 65.86, 66.274, 66.818, 67.08, 67.424, 67.784, 68.452, 68.292, 69.186, 69.612, 69.936, 70.228, 70.836, 71.468, 71.53, 72.282, 72.602, 72.978, 73.818, 74.118, 74.992, 75.478, 75.386, 76.11, 77.264, 77.344, 78.014, 78.768, 79.078, 79.654, 80.458, 81.18, 81.908, 82.086, 82.582, 83.27, 84.654, 84.666, 84.934, 85.81, 85.824, 86.638, 87.982, 88.416, 88.726, 89.348, 90.38, 90.734, 91.18, 91.75, 92.33, 93.134, 93.326, 93.98, 94.652, 95.256, 95.902, 96.338, 96.862, 97.228, 97.436, 97.794, 98.37, 98.562, 98.722, 98.9, 99.116, 99.328, 99.472, 99.55, 99.67, 99.662, 99.726, 99.798, 99.8, 99.824, 99.838, 99.858, 99.876, 99.88, 99.892, 99.908, 99.894, 99.89, 99.92, 99.888, 99.92, 99.928, 99.944, 99.948, 99.924, 99.936, 99.94, 99.938, 99.964, 99.916, 99.936, 99.954, 99.92, 99.948, 99.942, 99.948, 99.946],