{"epoch": 9, "batch_size": 32, "net": "convnext_nano", "best_acc": 65.0, "parameters": 15593560, "train_loss": [1.8030509434673776, 1.4889107600512295, 1.3708908004174991, 1.2870520004002772, 1.2217176981408553, 1.1635240908242614, 1.115258412641817, 1.0670335019961885, 1.0237881678346632, 0.9808584772579501], "train_acc": [35.686, 45.756, 50.082, 53.324, 55.982, 58.352, 59.95, 61.828, 63.366, 64.84], "test_loss": [1.484154567718506, 1.3567423450946807, 1.2880447506904602, 1.1993779039382935, 1.143259214758873, 1.1934229427576064, 1.079729468226433, 1.0498103654384614, 1.0149485242366791, 0.98493019759655], "test_acc": [46.13, 51.28, 52.81, 56.42, 58.92, 58.03, 61.36, 62.92, 64.14, 65.0], "image_size": 32}