{"epoch": 9, "batch_size": 32, "net": "convnext_pico", "best_acc": 64.09, "parameters": 9045672, "train_loss": [1.815542400912909, 1.5091448590226153, 1.383369313320592, 1.3016996783319377, 1.2372641048596138, 1.1822818800644928, 1.128509539331447, 1.0844098824533377, 1.0414703966559924, 1.002798453955336], "train_acc": [35.2, 45.212, 49.53, 53.054, 55.342, 57.598, 59.55, 61.26, 62.764, 64.19], "test_loss": [1.5316620457172394, 1.405353090763092, 1.2847220492362976, 1.2390873646736145, 1.1649631750583649, 1.1417519187927245, 1.1223559141159059, 1.0676146668195725, 1.0372608476877212, 0.9995988881587983], "test_acc": [45.99, 49.41, 53.28, 55.66, 58.2, 59.4, 60.44, 62.07, 63.1, 64.09], "image_size": 32}