{"epoch": 199, "batch_size": 128, "net": "convnext_pico", "best_acc": 74.15, "parameters": 8537802, "train_loss": [1.8061911428675932, 1.5568053201031502, 1.4325311065025037, 1.349565338295744, 1.2773955395764403, 1.2183760023482926, 1.1624448473191322, 1.1158869150654434, 1.073399803370161, 1.0330373518302312, 0.9973093756019612, 0.9709486808923199, 0.9397461473789361, 0.9100660382939116, 0.8765233456326262, 0.8546806476305208, 0.8284652771242439, 0.80425362300385, 0.7807063554863796, 0.7522886582195302, 0.7346919560066575, 0.7116810971361291, 0.6927305007224802, 0.6658508024557167, 0.6487982609997625, 0.6219226114280388, 0.5973303658730539, 0.5835838381134336, 0.5635475104727099, 0.5411662040921428, 0.520981460352383, 0.5038581453930692, 0.4861377444870941, 0.4677158121562675, 0.44558916360978273, 0.43007908235577974, 0.41222737847691604, 0.39159266738330617, 0.3744937414708345, 0.3558953979893414, 0.3442942083567914, 0.33001930447643063, 0.31283177115270855, 0.30040936911350014, 0.28538826732989164, 0.2667241678061083, 0.26212256615195434, 0.2502394194531319, 0.23981168397399774, 0.22793679947362228, 0.21823852511165698, 0.2015657874057665, 0.19552524934720505, 0.19084059216482255, 0.18081303154263656, 0.17594167077556597, 0.1677083977262306, 0.1584333323056588, 0.16050749972386433, 0.1464213363426116, 0.14175337970333027, 0.14109214992664965, 0.13628815868131036, 0.11962655595387034, 0.12250048046945916, 0.11894303804639812, 0.11596682283293713, 0.10918490162781437, 0.10994728180148718, 0.10633712295738175, 0.09834506360771102, 0.09405459671297951, 0.08983270911847616, 0.08638184932072449, 0.09342047539265717, 0.08353385888754636, 0.08011766641979556, 0.08142171348528483, 0.08020123561648913, 0.06770018454822128, 0.07339689919434468, 0.065931237150279, 0.06802420759968975, 0.06555866944315412, 0.06498860568284531, 0.06208608166107436, 0.053707100553414246, 0.059137844220947124, 0.055105487563554434, 0.053339008834984755, 0.049932268639916885, 0.04674917799384926, 0.05140840953401745, 0.049667779994590204, 0.042839111252914154, 0.045993856975541966, 0.044792717417983144, 0.03772652219019859, 0.04243658112464449, 0.03684098234214365, 0.038293707987789034, 0.03620893110537811, 0.03406421698289244, 0.03273433146437349, 0.03390996552505971, 0.031254037254182694, 0.028376917559605884, 0.029043161474904308, 0.02864231353701876, 0.02887904107132379, 0.026101109894800006, 0.02648295875271911, 0.02530591859978855, 0.02241015443494996, 0.023212871464240885, 0.019409520336000435, 0.020183651913803002, 0.02158322689153821, 0.02017776579435324, 0.01999026812765452, 0.017097293731400415, 0.01839013926847421, 0.017298777174154567, 0.01470677015792026, 0.015860685318171898, 0.017421601524176385, 0.013303484678577483, 0.011504108344589996, 0.015183198449584177, 0.013258277313010243, 0.012184633699449998, 0.011239766731665915, 0.013632127864952045, 0.009040546638150033, 0.010903583725167336, 0.010158574520162177, 0.008873481232182557, 0.008248368378148338, 0.008343486561198168, 0.009016052791094015, 0.006408237215035352, 0.006370587927947158, 0.006155538103503623, 0.00676102755546836, 0.006670415212321059, 0.005825037013485079, 0.00634865191883629, 0.006266650246291245, 0.006448113797761737, 0.004338499231417627, 0.005201840772043186, 0.0037051485336693528, 0.0035070582603960706, 0.00406687690443142, 0.003567893571509739, 0.0040166691213719226, 0.003593658899583662, 0.002500438735798916, 0.003582866224718591, 0.0028043062330557534, 0.0026194178122969252, 0.0022282726519275604, 0.002030254058918403, 0.002561759831312144, 0.0023824432008650617, 0.0019391466544185856, 0.001700577577116223, 0.001521081787736259, 0.002311527179485625, 0.0016982318756700618, 0.0018424060831967856, 0.0012061962400638762, 0.0012711569228360433, 0.0012758290182560798, 0.0017251272615364409, 0.0011153947423577927, 0.0011234641198844164, 0.0008157304942158036, 0.0012916588488773033, 0.0008836591955642384, 0.0007074097441329421, 0.0011146521435927085, 0.0010491733127731017, 0.000943998865916787, 0.0008566202077766895, 0.0006092037909049088, 0.0007136075612385316, 0.0006525136449224013, 0.0007047855357374951, 0.0008630629872711076, 0.0006462400340221284, 0.0005463060257552058, 0.0006718759429376081, 0.000852859173296693, 0.0005169551014704296, 0.0006938219134322503, 0.00047408538799558896, 0.00048161291789323665, 0.0005515201120821992, 0.0006456038339601574], "train_acc": [35.294, 43.84, 48.236, 51.256, 54.008, 56.21, 58.49, 60.114, 61.526, 63.056, 64.556, 65.41, 66.424, 67.64, 68.648, 69.706, 70.518, 71.432, 72.274, 73.106, 73.88, 74.788, 75.284, 76.212, 76.906, 77.938, 78.62, 78.948, 79.778, 80.566, 81.474, 82.056, 82.596, 83.322, 84.062, 84.522, 85.106, 86.034, 86.68, 87.322, 87.974, 88.11, 88.944, 89.262, 89.958, 90.348, 90.584, 91.196, 91.574, 91.82, 92.228, 92.84, 93.138, 93.232, 93.576, 93.798, 94.038, 94.352, 94.424, 94.852, 95.006, 94.922, 95.16, 95.724, 95.75, 95.804, 95.928, 96.15, 96.11, 96.212, 96.648, 96.694, 96.916, 96.948, 96.688, 97.058, 97.23, 97.2, 97.152, 97.666, 97.414, 97.682, 97.682, 97.674, 97.81, 97.862, 98.168, 97.912, 98.056, 98.104, 98.254, 98.354, 98.182, 98.304, 98.566, 98.426, 98.514, 98.702, 98.584, 98.708, 98.654, 98.722, 98.892, 98.942, 98.804, 98.876, 99.024, 98.954, 99.05, 98.98, 99.09, 99.066, 99.098, 99.24, 99.214, 99.324, 99.33, 99.258, 99.326, 99.32, 99.42, 99.368, 99.384, 99.49, 99.456, 99.414, 99.558, 99.612, 99.518, 99.588, 99.584, 99.64, 99.564, 99.708, 99.642, 99.662, 99.72, 99.724, 99.724, 99.69, 99.806, 99.778, 99.814, 99.794, 99.74, 99.796, 99.796, 99.804, 99.778, 99.854, 99.836, 99.904, 99.902, 99.882, 99.878, 99.864, 99.9, 99.91, 99.908, 99.908, 99.932, 99.93, 99.942, 99.92, 99.924, 99.938, 99.952, 99.96, 99.92, 99.954, 99.942, 99.958, 99.962, 99.954, 99.944, 99.966, 99.962, 99.978, 99.964, 99.98, 99.986, 99.96, 99.974, 99.966, 99.982, 99.99, 99.976, 99.982, 99.98, 99.978, 99.982, 99.99, 99.984, 99.982, 99.994, 99.978, 99.994, 99.994, 99.984, 99.988],