{"epoch": 199, "batch_size": 128, "net": "regnetx_080", "best_acc": 86.34, "parameters": 37670858, "train_loss": [1.8122230009044833, 1.432660245529526, 1.268855976021808, 1.1505807744877419, 1.050977347299571, 0.9727066279677175, 0.9005882436662074, 0.8516203288531974, 0.8010466412814987, 0.7535181428160509, 0.7104852092083153, 0.6817236329283556, 0.6454308571108162, 0.614493951010887, 0.5939729940860777, 0.5663560305714912, 0.5487597885796481, 0.5308123439779062, 0.5041739227216872, 0.49013431267360286, 0.47062099368675897, 0.45293636677210286, 0.44099620060847544, 0.4184379391658032, 0.40618630111827264, 0.39409692551168946, 0.3837506340440277, 0.36384050498533127, 0.3592032987595824, 0.3436614709437046, 0.33265570960843655, 0.32079020264508473, 0.31235608290833283, 0.302702116120197, 0.2852832866675409, 0.2809889099139082, 0.2743806966659053, 0.26554271698836474, 0.250870000275657, 0.24255267614522552, 0.23479675703570055, 0.2294498944793211, 0.22033783492377346, 0.21482710372608946, 0.20664556465490394, 0.20034274251183584, 0.19576206264059867, 0.1873402007476753, 0.18357443994344652, 0.1733202224268633, 0.1690999766254364, 0.16754819841488547, 0.16241353971269124, 0.14755367649161755, 0.15235291218475613, 0.1446980719771379, 0.13745317953969816, 0.12980700392857233, 0.1299229957963652, 0.127388504974525, 0.12124052986769421, 0.12033675450002751, 0.11428135135175323, 0.11059377323883726, 0.1082343225750853, 0.1084116108601203, 0.10005610873994163, 0.09803773625217893, 0.09387072732152842, 0.09799746461117359, 0.08898163278160802, 0.09008451682679794, 0.08770818934987878, 0.08384055655706873, 0.07950504624363407, 0.07959210911475102, 0.07676329722870952, 0.07213905154039031, 0.07217299837685759, 0.0699514871596566, 0.06950239354835065, 0.06368310596136485, 0.06578933739620249, 0.06370759495507802, 0.06174624182493486, 0.05879898748272444, 0.05910045808405065, 0.05836358452525438, 0.05826845348400571, 0.05147302258388161, 0.04984532858547576, 0.05008913441311063, 0.050157841541530454, 0.048142623212283756, 0.04727712889795032, 0.042295348431553, 0.04395530915752415, 0.04224390812013346, 0.04051344970341229, 0.03651240670784374, 0.03927940419753608, 0.03986259405245133, 0.03728654057256725, 0.03825148550764946, 0.03644253357725642, 0.03184352280891231, 0.03240703235682853, 0.032767182073729764, 0.031933303552624935, 0.028794083674021465, 0.027887596762465203, 0.029246572173162438, 0.027722674391596862, 0.026769853127069886, 0.02578383742812592, 0.02533827114837182, 0.025046156095864865, 0.022442349324734105, 0.023019681157082167, 0.023866414782040945, 0.021565011577725963, 0.023416155307313138, 0.018903090338379887, 0.01867004211836011, 0.018806908802484232, 0.017325956008636425, 0.017606945147754533, 0.01759451118972548, 0.016182495101639056, 0.01657058079832691, 0.01470665536511837, 0.015323429067051657, 0.01330142371307956, 0.013516977933198844, 0.013063307181718256, 0.013014498192270922, 0.012526633381314189, 0.010520366542434314, 0.009927175920437296, 0.011764362929119428, 0.011484903033987722, 0.010089619866827779, 0.009054098924020659, 0.009786384510713906, 0.009770592448109275, 0.008323828567756111, 0.008244867610503666, 0.008407491211043408, 0.008028751273829755, 0.007749874186419967, 0.007394610258029796, 0.008094219937677914, 0.007428242357300661, 0.006963340021484374, 0.006603568035997111, 0.005519064811925205, 0.005244083886910209, 0.00579450139066885, 0.005038844927771153, 0.005473484533767918, 0.0056956390680498415, 0.005555421942347765, 0.004406606870224191, 0.0050162937889853525, 0.004665643335683295, 0.004269730147083595, 0.0038404524094424247, 0.003716443047660109, 0.003438351297462413, 0.003892774181420003, 0.003085573703372021, 0.0029420583640415634, 0.0029964505249707777, 0.0023838892399310418, 0.0026262703971267985, 0.0034472213088738873, 0.0025876643806294736, 0.0034410906130495026, 0.0028375107813887793, 0.0021386306437556103, 0.002462222514979025, 0.0022527591384825002, 0.0025891404365376352, 0.002569314162151979, 0.001969149552329662, 0.0020469173141743255, 0.00210509761071829, 0.001981694597948972, 0.0021950237920171046, 0.0019285368019543157, 0.0022527499711899475, 0.0020091580677414995, 0.00188451912511824, 0.0022311531266098117, 0.0024502759931128637, 0.0017780575597735942, 0.0019385380877737243, 0.0019183639802563134, 0.0022891476436112017, 0.0026934212665576376], "train_acc": [32.112, 46.968, 54.09, 58.244, 62.33, 65.132, 67.828, 69.598, 71.384, 73.278, 74.71, 75.936, 77.256, 78.33, 79.094, 79.99, 80.762, 81.212, 82.266, 82.618, 83.352, 83.922, 84.234, 85.34, 85.404, 86.096, 86.392, 86.852, 87.338, 87.766, 88.2, 88.57, 88.92, 89.134, 89.756, 89.91, 90.256, 90.48, 91.124, 91.294, 91.59, 91.772, 92.176, 92.286, 92.586, 92.802, 92.872, 93.332, 93.514, 93.796, 93.78, 94.024, 94.25, 94.742, 94.524, 94.818, 95.038, 95.414, 95.25, 95.376, 95.77, 95.752, 95.87, 96.022, 96.158, 96.102, 96.502, 96.496, 96.614, 96.412, 96.852, 96.798, 96.908, 96.972, 97.274, 97.192, 97.298, 97.514, 97.368, 97.446, 97.536, 97.768, 97.642, 97.74, 97.812, 97.94, 97.91, 97.966, 98.028, 98.112, 98.264, 98.256, 98.246, 98.31, 98.372, 98.544, 98.432, 98.528, 98.542, 98.772, 98.626, 98.6, 98.708, 98.618, 98.776, 98.898, 98.866, 98.86, 98.882, 98.994, 99.002, 99.018, 99.092, 99.104, 99.102, 99.16, 99.15, 99.202, 99.23, 99.194, 99.286, 99.17, 99.382, 99.406, 99.35, 99.43, 99.408, 99.398, 99.436, 99.432, 99.514, 99.482, 99.574, 99.542, 99.566, 99.554, 99.58, 99.62, 99.664, 99.628, 99.634, 99.656, 99.688, 99.688, 99.648, 99.704, 99.752, 99.726, 99.714, 99.732, 99.766, 99.714, 99.78, 99.722, 99.78, 99.832, 99.844, 99.82, 99.848, 99.82, 99.812, 99.836, 99.866, 99.858, 99.838, 99.862, 99.882, 99.872, 99.892, 99.882, 99.894, 99.89, 99.912, 99.928, 99.922, 99.882, 99.922, 99.89, 99.918, 99.938, 99.924, 99.94, 99.922, 99.92, 99.942, 99.95, 99.94, 99.938, 99.946, 99.94, 99.942, 99.94, 99.936, 99.94, 99.928, 99.956, 99.948, 99.932, 99.946, 99.932],