{"epoch": 199, "batch_size": 128, "net": "CompressionNet_tiny", "best_acc": 86.91, "parameters": 498826, "train_loss": [1.9461753502526247, 1.6562258962475125, 1.524897657087087, 1.42039379683297, 1.3441600375773046, 1.2894707648345576, 1.2073474860252322, 1.1710710027028837, 1.1377269741519334, 1.1083256234903165, 1.0834979602442982, 1.058727530719679, 1.038172840309875, 1.0234068659565332, 1.016729868586411, 0.9868386893930947, 0.986848068359258, 0.9758684343998999, 0.9661628120695539, 0.952900281342704, 0.9463018127109694, 0.9416003568702952, 0.9314534943122084, 0.9284337928228061, 0.9232374460191068, 0.914704017931848, 0.9052724498312187, 0.9155886045197392, 0.9019674370660806, 0.8917114586781358, 0.9041565008785414, 0.8832639353659452, 0.8882643176466608, 0.8772210558052258, 0.8816143556324112, 0.865602997715211, 0.8617451109392259, 0.867814207625816, 0.8656984992954128, 0.8551399976091312, 0.8523873845329675, 0.8518522322330329, 0.8554740543560604, 0.8389343146777823, 0.8325287603661228, 0.8373003925203972, 0.8423458965842986, 0.8326250459531994, 0.8268730591630082, 0.826679840874489, 0.8216662818513563, 0.8092435721851066, 0.8222221014139902, 0.8188400805148932, 0.8099734528595225, 0.8017262375873068, 0.8050729961651365, 0.8029300655855243, 0.7948357286050801, 0.790745100859181, 0.799586230836561, 0.7835124722679557, 0.788119737220847, 0.7856020215527176, 0.7891939213818602, 0.7713643768254448, 0.7847088444263429, 0.7661398862633864, 0.7640627531139442, 0.7782600665336374, 0.7581796783315556, 0.7569712824223901, 0.7564550947655192, 0.7522242106592564, 0.751173188466855, 0.7500249149701784, 0.7546011677483464, 0.7408168369241993, 0.7446138044757307, 0.7438186521420393, 0.7381911615429022, 0.727823446473807, 0.7359037217124343, 0.7167033464707377, 0.7219642761265835, 0.7256673266515707, 0.7116072953052228, 0.7107794868671681, 0.7113209318779313, 0.7036486942597362, 0.704775226466796, 0.7060183984849154, 0.6997464184108597, 0.699456395243135, 0.699736609178431, 0.6944717507228217, 0.6875654762358312, 0.6871759066039034, 0.6770663107447612, 0.6809180121287666, 0.6723529200267304, 0.6753388994642536, 0.6686791071806417, 0.6670143721658556, 0.6509212798169811, 0.6547854525963669, 0.6523586674724393, 0.6522577328755118, 0.6531390249729156, 0.6398831148586615, 0.6365742485998841, 0.6316306955369232, 0.6278698416926977, 0.6307074394829743, 0.6253337692421721, 0.6185847741106282, 0.6173012397630745, 0.6107687923457007, 0.605606378954085, 0.6032777376796888, 0.605845044564713, 0.6008040619933087, 0.5895496862928581, 0.5920745696862946, 0.5827009706088649, 0.58322886524298, 0.5748255877086269, 0.5708653611295363, 0.5657931063943507, 0.5636161888194511, 0.5589381445704213, 0.5574593748278021, 0.5484414996241059, 0.5480722489259432, 0.5392257038437193, 0.5362722808900087, 0.536445010348659, 0.5288734720338641, 0.5222026772816163, 0.518040468701926, 0.5184781555172122, 0.5074077132717728, 0.5090183792516704, 0.5022498975934275, 0.49942623440871764, 0.4918902184804687, 0.4867734516520634, 0.48378959027550106, 0.47767412746348953, 0.47122021819776894, 0.46550653608101406, 0.4604761725496453, 0.4577531305801533, 0.4552364023902532, 0.44956411318400935, 0.4394837118246976, 0.43618112192739306, 0.43290642909991467, 0.4252560416146008, 0.42207595949892496, 0.4209150662050223, 0.41382989516038726, 0.4079876566482017, 0.39794481421827965, 0.39544359352582553, 0.3943378647879871, 0.3896504395529437, 0.3820405889807455, 0.3744939532121429, 0.3712510101478118, 0.36992659345459755, 0.3621310390093747, 0.35900680396867835, 0.3550269561045615, 0.34695556435896, 0.337674609687932, 0.33523191824136184, 0.3307187765684274, 0.3277323745248263, 0.32015030954957313, 0.318856146710608, 0.3179706922729912, 0.3076809741880583, 0.30432395736122375, 0.3007524077163633, 0.2942225051962811, 0.2949233592471198, 0.29243877560586273, 0.28924741685542915, 0.28368953682120196, 0.28475836571067803, 0.27724170644798546, 0.280194390917678, 0.27626268104519075, 0.2764164796075248, 0.27641705076789, 0.2723965680469637, 0.27197247951308173, 0.2742948054962451, 0.2711072767443974], "train_acc": [26.696, 38.614, 44.334, 48.44, 51.494, 54.012, 57.44, 58.946, 60.312, 61.276, 62.304, 63.28, 64.178, 65.124, 65.142, 66.428, 66.326, 66.91, 67.238, 67.786, 67.846, 68.428, 68.726, 68.632, 69.174, 69.364, 69.522, 69.324, 69.726, 69.88, 69.708, 70.51, 70.106, 70.92, 70.362, 71.064, 71.192, 71.056, 71.142, 71.682, 71.63, 71.484, 71.498, 72.058, 72.354, 72.13, 72.304, 72.438, 72.358, 72.88, 72.738, 73.16, 72.566, 72.872, 72.826, 73.288, 73.44, 73.484, 73.672, 73.894, 73.626, 74.004, 74.098, 73.904, 73.852, 74.304, 74.04, 74.632, 74.782, 74.334, 74.946, 74.926, 74.804, 75.25, 75.15, 75.272, 75.114, 75.574, 75.382, 75.32, 75.592, 75.882, 75.916, 76.296, 76.304, 76.17, 76.602, 76.54, 76.626, 76.936, 76.658, 76.828, 76.604, 76.926, 76.732, 77.192, 77.214, 77.292, 77.646, 77.542, 77.892, 77.852, 77.968, 78.17, 78.744, 78.486, 78.574, 78.588, 78.536, 78.942, 79.104, 79.078, 79.428, 79.316, 79.432, 79.628, 79.468, 79.702, 80.1, 80.224, 80.048, 80.268, 80.56, 80.596, 80.902, 80.912, 80.92, 81.034, 81.384, 81.504, 81.756, 81.864, 81.846, 81.792, 82.382, 82.382, 82.29, 82.806, 82.888, 82.872, 82.92, 83.268, 83.328, 83.434, 83.604, 83.924, 83.992, 84.1, 84.19, 84.534, 84.592, 84.86, 84.876, 85.162, 85.154, 85.556, 85.71, 85.616, 85.962, 86.06, 86.242, 86.4, 86.584, 86.854, 86.818, 86.988, 87.082, 87.302, 87.604, 87.644, 87.894, 87.972, 88.182, 88.47, 88.46, 88.842, 88.93, 89.126, 89.152, 89.516, 89.446, 89.456, 89.76, 89.804, 90.112, 90.134, 90.206, 90.352, 90.47, 90.576, 90.72, 90.69, 90.668, 90.826, 90.854, 90.864, 91.132, 91.142, 90.96, 90.894],