{"epoch": 9, "batch_size": 64, "net": "Compression2", "best_acc": 78.09, "parameters": 379110, "train_loss": [1.4486845391028373, 1.0829219222068787, 0.9448800129658731, 0.8743804166536502, 0.8140533064561122, 0.7734174788226862, 0.7403784645792774, 0.7071668452695202, 0.6843044061566252, 0.6636421141188468], "train_acc": [47.84, 61.576, 66.594, 69.5, 71.572, 73.12, 74.178, 75.484, 76.11, 76.842], "test_loss": [1.0608756363391876, 0.9305702728033066, 0.8451899927854538, 0.7935067826509475, 0.7229206094145775, 0.7232877323031426, 0.6845457810163498, 0.6711648339033127, 0.6384003967046737, 0.6394241696596146], "test_acc": [61.97, 67.04, 70.61, 72.16, 74.84, 75.39, 76.34, 77.12, 78.09, 77.44], "image_size": 32}