{"epoch": 199, "batch_size": 128, "net": "CompressionNet_large", "best_acc": 90.22, "parameters": 8686858, "train_loss": [1.8854040306852298, 1.4987906391358436, 1.3140422005177763, 1.1744154249615681, 1.0723638126002553, 0.9913854403873844, 0.9397671030610418, 0.8925140731779816, 0.8659600184091827, 0.8328081645319224, 0.8031515340366022, 0.7922559659499342, 0.7818966376811952, 0.7573497810632067, 0.7477964928845311, 0.7409843299394984, 0.7243142390952391, 0.7152315981095404, 0.6986742367982255, 0.6951397298394567, 0.6866122020784852, 0.6725720622960258, 0.6695484367325483, 0.6500057976721497, 0.6451992859011111, 0.6525672412741824, 0.6400991556284678, 0.6296683183259062, 0.6362802378661797, 0.6223274473948857, 0.6265257282940018, 0.6178753690798874, 0.6083875582803546, 0.6057830731887037, 0.6055256961404211, 0.6010792025977083, 0.604536555535958, 0.5895306528986567, 0.5865245206124338, 0.5897862959243453, 0.5915919292308486, 0.584157485943621, 0.5816823545166904, 0.5728486477566497, 0.5720553598592958, 0.5701893260107016, 0.5731359927550607, 0.5703328780048643, 0.5558310507813378, 0.559882199901449, 0.5605240836167884, 0.5498072272523895, 0.5437348395814676, 0.5499709457387705, 0.5502191390985113, 0.5321249612761886, 0.5364492666690855, 0.5322764524261056, 0.5308002494180294, 0.5304625730227936, 0.5235915223655798, 0.53023382068595, 0.5217239979435416, 0.5158258067524951, 0.5142247757643384, 0.5094514541004015, 0.5136343375648684, 0.5070781787795484, 0.5025636633033947, 0.5101598560657647, 0.4969279374307988, 0.4997535472940606, 0.4898679258725832, 0.4856005448971868, 0.48523759620878704, 0.48563475575288545, 0.4848120198072985, 0.4840825659692135, 0.4739684146231093, 0.4783599135820823, 0.46259054861715077, 0.4652718115798043, 0.46613987228449655, 0.4595684846267676, 0.46708130321996594, 0.45387553475092135, 0.45269143135498857, 0.45618162576652244, 0.44932551708672663, 0.445253885691733, 0.43478017580478695, 0.44048980594900866, 0.43972499413258587, 0.4299823243142394, 0.4297090867901092, 0.4276965641990647, 0.4093360338750703, 0.4260569182045929, 0.41645487575122464, 0.41490413122774694, 0.40650595972300185, 0.4115868146004884, 0.4050537634764791, 0.40000736496180217, 0.39440034333702245, 0.3877265154934295, 0.39430380168625767, 0.3821141945812708, 0.3782836372590126, 0.3724021745840912, 0.36714981237183447, 0.3717994948710932, 0.36730563979776926, 0.3579829772338843, 0.3627003635972967, 0.3500165829573141, 0.3492518151964983, 0.3442171079575863, 0.34672975704035797, 0.3390341784109545, 0.3361921867979762, 0.33234108039332777, 0.32514101712752486, 0.32395656090563213, 0.31836813551080806, 0.31575403661679124, 0.31131314423383044, 0.3055870570718785, 0.3064159479973566, 0.29524142378964996, 0.28972258373065984, 0.2875383349178392, 0.2832490710727394, 0.2830273330668964, 0.27231493870468093, 0.27326703917644823, 0.2662378772140464, 0.25983686470771994, 0.25546766556513584, 0.2571889965621102, 0.2501559812394554, 0.2472068084322888, 0.2343429351020652, 0.2391506907389597, 0.22993581038911629, 0.22536242025358902, 0.2142210199361872, 0.2189259862579653, 0.21356393232979737, 0.2038231144094711, 0.20255005363460696, 0.19554373259891938, 0.19399030458972888, 0.18998037152887914, 0.18504919887275037, 0.1808262228336938, 0.17131644871343127, 0.16834916176317294, 0.16475026911634313, 0.15527055947981833, 0.15905667157353037, 0.14782685607366855, 0.1471382380675172, 0.1409744311819601, 0.13297389185680147, 0.12859735376847065, 0.12495708865735232, 0.11636177558080314, 0.11499874228540131, 0.11110565862844667, 0.10271916600406322, 0.10137935662094284, 0.09845467626838886, 0.09006934381945206, 0.08754536108878415, 0.08567771255074406, 0.0817261028277409, 0.07778409981142606, 0.07181186197549486, 0.06633550442917191, 0.06430278101083263, 0.06292570480729079, 0.057175855940717564, 0.05442858621706743, 0.05364265078988374, 0.052557223026290574, 0.04952090848094362, 0.04828870785601266, 0.04661898149887238, 0.04294680702307112, 0.041984137828888185, 0.04132329747962105, 0.040817616757510417, 0.04136930906887897, 0.03794057493257667, 0.039165066150219544, 0.036154653380393906, 0.03726829308540086, 0.03741264228215989, 0.037134159382556556], "train_acc": [30.318, 45.352, 53.102, 58.296, 62.28, 65.36, 67.554, 68.922, 70.228, 71.482, 72.49, 72.952, 73.11, 74.366, 74.482, 74.968, 75.342, 75.752, 76.326, 76.522, 76.806, 77.44, 77.366, 78.21, 78.274, 78.048, 78.512, 78.886, 78.784, 79.122, 79.252, 79.284, 79.532, 79.65, 79.726, 79.76, 79.764, 80.128, 80.35, 80.314, 80.368, 80.566, 80.628, 80.924, 80.914, 80.87, 80.846, 81.122, 81.492, 81.414, 81.29, 81.688, 82.06, 81.688, 81.792, 82.168, 82.062, 82.216, 82.234, 82.564, 82.73, 82.418, 82.782, 82.762, 83.036, 82.978, 82.946, 83.272, 83.28, 83.048, 83.462, 83.404, 83.908, 83.874, 84.058, 83.916, 83.904, 83.868, 84.342, 84.034, 84.584, 84.566, 84.69, 84.796, 84.64, 84.992, 85.08, 84.788, 84.986, 85.084, 85.714, 85.402, 85.55, 85.672, 85.786, 85.946, 86.28, 85.918, 86.274, 86.202, 86.436, 86.384, 86.726, 86.866, 86.994, 87.158, 86.986, 87.308, 87.514, 87.568, 87.898, 87.798, 87.834, 88.146, 88.122, 88.39, 88.438, 88.6, 88.424, 88.768, 88.92, 89.016, 89.22, 89.316, 89.41, 89.552, 89.646, 89.998, 89.872, 90.122, 90.384, 90.436, 90.668, 90.77, 90.978, 90.89, 91.258, 91.334, 91.654, 91.454, 91.706, 91.91, 92.296, 92.168, 92.592, 92.51, 92.92, 92.774, 92.976, 93.402, 93.32, 93.546, 93.618, 93.834, 93.926, 94.03, 94.336, 94.482, 94.614, 94.926, 94.876, 95.184, 95.162, 95.358, 95.69, 95.874, 96.074, 96.3, 96.32, 96.382, 96.676, 96.704, 96.836, 97.15, 97.17, 97.33, 97.362, 97.462, 97.736, 97.894, 97.974, 98.074, 98.26, 98.348, 98.41, 98.42, 98.574, 98.632, 98.66, 98.778, 98.808, 98.836, 98.892, 98.822, 98.984, 98.886, 98.99, 99.004, 98.952, 98.93],