{"epoch": 199, "batch_size": 128, "net": "CompressionNet_small", "best_acc": 88.08, "parameters": 716010, "train_loss": [1.672643027951955, 1.292237967024069, 1.1128629412492523, 1.0037174145583911, 0.9250158178227027, 0.8636011888304025, 0.8164533556574751, 0.784067633206887, 0.7408590234454026, 0.7190851631676755, 0.6894149331333083, 0.6687920582873742, 0.6489742623113305, 0.6336059904159488, 0.6152948049633095, 0.6018696781771872, 0.5907045155382522, 0.57610098221113, 0.5557727587345006, 0.5496479047991126, 0.5374424320352656, 0.5268324022860174, 0.5145192607436948, 0.5026287602646576, 0.5023253393142729, 0.4901455296274951, 0.483481536435959, 0.4757193995406256, 0.4694254656734369, 0.45926061005848445, 0.44875318871434694, 0.44345526210487346, 0.43906510367875207, 0.4251173373378451, 0.4207953418917058, 0.4201820660430147, 0.41056313066531325, 0.4045441192205605, 0.3966919786637396, 0.3895115657230777, 0.38915084275748113, 0.3843037396516946, 0.38415681023884307, 0.3696517278547482, 0.3688887400014321, 0.3623218691867331, 0.3582317031100583, 0.3546665368406364, 0.348150307755641, 0.3446685971353975, 0.3465240436517979, 0.34169968592998623, 0.33244448980254593, 0.32839229794414454, 0.3237952456602355, 0.32050060109256784, 0.3200282163327307, 0.31716184653437046, 0.3101279087688612, 0.30339412530288673, 0.30404194412024127, 0.2937157586636141, 0.29501216734766655, 0.2983122104421601, 0.28959101160316514, 0.2863804662166654, 0.27917793187338985, 0.27814346365154247, 0.27290935528552746, 0.27347984039188955, 0.2723284424342158, 0.26796261707077856, 0.2636028705236247, 0.26198086435989953, 0.2573080136990913, 0.25822533487968735, 0.25135206431150436, 0.252264907921824, 0.24555200437450653, 0.23871762501766614, 0.23913886939244502, 0.2403738679330977, 0.23403902992110728, 0.23154444784840658, 0.23047535776939537, 0.2249631570923664, 0.2243544984313533, 0.22011757127540496, 0.22523962624390106, 0.21823575578229812, 0.21261232500643376, 0.2077877877656456, 0.21408795189979435, 0.20351483790999483, 0.20324786348492288, 0.20029933272344072, 0.1983292477438822, 0.19821503499279852, 0.19398817545770075, 0.19263376941537613, 0.19205754290303917, 0.18775345249782743, 0.1879339699854936, 0.18663312159383388, 0.18149460564412728, 0.176855089061934, 0.17528784430354757, 0.17616943170881028, 0.17320814481019364, 0.16577572295504153, 0.16868223758685924, 0.16687298104967302, 0.16588189611997445, 0.16285797050389486, 0.1601370495775014, 0.15555233287308223, 0.15669045414384977, 0.15298576839744588, 0.14962324524855675, 0.14730652618934126, 0.1478576405769419, 0.1489070597226205, 0.14278488846786339, 0.1404262456252142, 0.1423894024032461, 0.14332916426574788, 0.13679788073005578, 0.13461280767531955, 0.13440644725814194, 0.13049385960563978, 0.12797957956981476, 0.12810420951879847, 0.12394063232842918, 0.12483588604213637, 0.12089893279020744, 0.12186017517200516, 0.12046177416582547, 0.11779893207771089, 0.11437401373672973, 0.11237973627417594, 0.11312796619465894, 0.10912290386988989, 0.1119088187880452, 0.10626813090022873, 0.10629901896847789, 0.10670005864537585, 0.10549277712202743, 0.10315313468427609, 0.09920858709937166, 0.10020256874954228, 0.09861507281051267, 0.09596979451339568, 0.10016957400342845, 0.09637024431296475, 0.09518430316272904, 0.08929527611912363, 0.08956354863160407, 0.08925475120125219, 0.0899385461759994, 0.08556233161865064, 0.08537371568095958, 0.08288764133763588, 0.08200747888925893, 0.0852960710225584, 0.0812767369343954, 0.08262560997977662, 0.08106806973362213, 0.07869834963546689, 0.08093174234451846, 0.0809109859606799, 0.07735728877870475, 0.07789422806514346, 0.07585103736947411, 0.07265664579446816, 0.07498887860837876, 0.07403898813173442, 0.0749515173408915, 0.07681798101271815, 0.07396008178610783, 0.07209577494065093, 0.07248350668250753, 0.0719626980555027, 0.07194487019525388, 0.0706953905341799, 0.07113485535144654, 0.0721913077332594, 0.06838699265399857, 0.07128023265687096, 0.06718724074742526, 0.06883868255445262, 0.06908235546973203, 0.07272409715587297, 0.06682566842755013, 0.06984401565721578, 0.0702957634449653, 0.06803754956968834, 0.06964298487757631, 0.06994453313119729, 0.06740193661359493, 0.06767854900063609], "train_acc": [38.59, 53.35, 60.39, 64.742, 67.638, 69.69, 71.686, 72.596, 74.484, 75.216, 76.364, 77.042, 77.828, 78.408, 78.96, 79.406, 79.762, 80.396, 81.038, 81.104, 81.56, 81.916, 82.384, 82.75, 82.688, 83.168, 83.7, 83.694, 84.026, 84.356, 84.728, 84.692, 84.942, 85.5, 85.466, 85.584, 85.874, 86.112, 86.444, 86.63, 86.802, 86.738, 86.778, 87.278, 87.306, 87.532, 87.674, 87.824, 87.874, 88.19, 88.048, 88.318, 88.612, 88.834, 88.814, 88.716, 88.97, 89.06, 89.38, 89.49, 89.5, 89.876, 89.742, 89.782, 90.046, 89.976, 90.266, 90.484, 90.656, 90.454, 90.602, 90.796, 90.908, 90.942, 91.092, 91.074, 91.292, 91.276, 91.516, 91.782, 91.608, 91.788, 91.866, 91.978, 92.044, 92.244, 92.228, 92.468, 92.256, 92.39, 92.716, 92.694, 92.514, 92.932, 92.968, 93.034, 93.082, 93.024, 93.282, 93.392, 93.17, 93.556, 93.49, 93.484, 93.618, 93.886, 93.872, 93.956, 93.9, 94.294, 94.082, 94.284, 94.058, 94.342, 94.558, 94.56, 94.612, 94.612, 94.758, 94.788, 94.884, 94.854, 95.07, 95.096, 94.95, 95.008, 95.22, 95.228, 95.224, 95.422, 95.554, 95.632, 95.644, 95.578, 95.712, 95.738, 95.808, 95.876, 95.956, 96.144, 96.076, 96.118, 96.124, 96.204, 96.324, 96.328, 96.364, 96.51, 96.496, 96.598, 96.582, 96.672, 96.512, 96.684, 96.72, 96.91, 96.894, 96.842, 96.874, 97.022, 97.006, 97.166, 97.216, 97.008, 97.196, 97.138, 97.19, 97.338, 97.194, 97.208, 97.386, 97.35, 97.466, 97.55, 97.422, 97.474, 97.47, 97.35, 97.502, 97.578, 97.546, 97.544, 97.62, 97.552, 97.548, 97.472, 97.632, 97.616, 97.788, 97.722, 97.618, 97.564, 97.652, 97.572, 97.624, 97.654, 97.626, 97.59, 97.652, 97.716],