{"epoch": 9, "batch_size": 32, "net": "Compression", "best_acc": 77.79, "parameters": 189450, "train_loss": [1.4308356857040487, 1.1125828596695981, 0.9936151078169878, 0.9207745684848255, 0.8751361776221965, 0.8370687593768517, 0.8043460024905678, 0.7805481133595233, 0.7559285741239805, 0.7329742557351893], "train_acc": [48.582, 60.556, 65.184, 67.59, 69.394, 70.836, 72.132, 72.82, 73.758, 74.472], "test_loss": [1.0407624262571336, 0.9026927095651627, 0.8323884081840515, 0.7909399390220642, 0.7759816813468933, 0.7555436658859253, 0.6871047472953796, 0.776548747420311, 0.6652392384409904, 0.6455994889140129], "test_acc": [63.16, 67.52, 71.12, 72.42, 73.13, 73.82, 75.99, 74.39, 77.27, 77.79], "image_size": 32}