{"epoch": 9, "batch_size": 32, "net": "Compression", "best_acc": 77.99, "parameters": 189450, "train_loss": [1.430210505283878, 1.1082089790455898, 0.9915903084223192, 0.9284994325344942, 0.87735230321695, 0.8453372094544248, 0.8091805381646769, 0.7862398868482691, 0.7561948995844188, 0.7364617178475178], "train_acc": [48.918, 60.818, 65.328, 67.624, 69.384, 70.408, 71.99, 72.932, 73.658, 74.38], "test_loss": [1.0405283850431442, 0.9583612155914306, 0.815527749657631, 0.8282284408807754, 0.7699468547105789, 0.7426300898194313, 0.6860762804746627, 0.6820518079400063, 0.6794911026954651, 0.64996785312891], "test_acc": [63.26, 66.78, 71.68, 70.79, 73.64, 74.11, 76.43, 77.12, 76.68, 77.99], "image_size": 32}