{"epoch": 199, "batch_size": 128, "net": "CompressionNet_small", "best_acc": 88.71, "parameters": 701098, "train_loss": [1.8117462552112082, 1.5238117064966266, 1.3852004285358712, 1.2807634215220771, 1.2006917829098909, 1.1483967314900645, 1.090825968081384, 1.0492196555637643, 1.029814789972037, 1.0143271876722955, 0.9915295374362975, 0.973206406511614, 0.9524494241875456, 0.9386009101367667, 0.9316567838039544, 0.9168468599429216, 0.9068802941180861, 0.8865463175737035, 0.8896390025877892, 0.8708070524208381, 0.884996406867376, 0.8613617423245364, 0.8564206907511367, 0.8388928138386563, 0.8465716230594899, 0.8336848808676386, 0.8316609627755401, 0.8249596387833891, 0.8132061267752781, 0.8121486136980374, 0.7976669609699103, 0.7985709946783607, 0.801553429240156, 0.7902881471854647, 0.7910326713186395, 0.7712454469612492, 0.773113451802822, 0.7734474544330021, 0.7723009609200461, 0.7776019592266863, 0.75115839264277, 0.7594420865673543, 0.7637366876577782, 0.7526869757858383, 0.7544387229110884, 0.7435956864100893, 0.7383007577160741, 0.7418513781274371, 0.7334428090421136, 0.7372364307303563, 0.7255138544475331, 0.7241374006509171, 0.7271931359682546, 0.7212433698384658, 0.7026898754984522, 0.7020320778002824, 0.7057889046723885, 0.7047401445600993, 0.6925398255400645, 0.6937351634587778, 0.6850525908305517, 0.6918997642634165, 0.6881994190423385, 0.6825714740149506, 0.6717766422749786, 0.6757192549193302, 0.6658910774361447, 0.6755475033732021, 0.6641347689549332, 0.6646533058884808, 0.6635016810406199, 0.6422672207703066, 0.6562228365932279, 0.6469917835481941, 0.6508948507973605, 0.6453730593556943, 0.6384455599748265, 0.6406939097530092, 0.6363690500064274, 0.6265252106787299, 0.6270127289587885, 0.6313217508670924, 0.6274200152710575, 0.6175542698644311, 0.6173582579321264, 0.6069053124131449, 0.6088509922442229, 0.6034283952030075, 0.5992757750441656, 0.6039248491492113, 0.588251897364931, 0.601378447793024, 0.5835451298510023, 0.5779989274109111, 0.578182093780059, 0.5756649471762235, 0.5686040647956722, 0.5645257468571139, 0.5633843890998674, 0.5607351999148689, 0.5526997651285528, 0.5543456177424897, 0.548068496958374, 0.54241279087713, 0.54146512420586, 0.5406047731561734, 0.5294488469505554, 0.527050136986291, 0.5291726750028712, 0.5132324369362248, 0.5166973945734751, 0.5154140556559843, 0.511022488860523, 0.5099334581886106, 0.5041112207695652, 0.49044173361395327, 0.49631740438663746, 0.48921678506809735, 0.48142743087790507, 0.47957422239396275, 0.48545217624558207, 0.4734698382332502, 0.47237011096666537, 0.4650141137945073, 0.46861220313155133, 0.4560016031993929, 0.44922640588125, 0.450541732370701, 0.4429704677265928, 0.4386889340017763, 0.434326830727365, 0.43555602255989523, 0.42925651634440704, 0.42089278740651165, 0.4213644569487218, 0.4107769559259, 0.41408477254840725, 0.4047064013645777, 0.3977890684629035, 0.3926502498595611, 0.3893266031351846, 0.384399178807083, 0.3794276343129785, 0.3771767371984394, 0.3735421172645696, 0.3679613559447286, 0.36759555560853474, 0.3581335433684956, 0.35597444396189715, 0.3466686287804333, 0.34401038414834406, 0.33864025985036056, 0.33020257652568086, 0.3326255906268459, 0.32440008508884693, 0.3208830788007478, 0.31512589867005264, 0.30919176458245345, 0.3038188973274987, 0.29930567985300516, 0.2959892861068706, 0.28872119709658806, 0.2819718162117102, 0.28145067708190447, 0.2727668844639798, 0.270038808436345, 0.25922878113244197, 0.2599363304350687, 0.25310109809155357, 0.2509849432408047, 0.2467544319493996, 0.23953255635621906, 0.23629445430186705, 0.22632573659310257, 0.22891796913826862, 0.2230865703633679, 0.21557554951333024, 0.21184621293983802, 0.20497483594338303, 0.20507682013847028, 0.1952959391409936, 0.19586259323884458, 0.18963799981967264, 0.190161246644414, 0.18361453692931348, 0.18122219429601488, 0.1797358223696804, 0.17557399615149974, 0.16997723478604765, 0.16621749958647486, 0.16659592677031637, 0.1626315564107712, 0.1614615484081266, 0.1581306741346636, 0.16015699949791973, 0.15578482544902342, 0.15605956292175271, 0.15801615333732436, 0.15764109192944853, 0.15590995010893668], "train_acc": [33.086, 44.126, 49.924, 54.308, 57.364, 59.268, 61.294, 63.152, 63.99, 64.336, 65.35, 66.568, 66.972, 67.448, 67.82, 68.25, 68.77, 69.54, 69.432, 70.068, 69.648, 70.378, 70.682, 71.346, 71.204, 71.45, 71.564, 71.784, 72.232, 72.462, 72.966, 72.744, 72.836, 73.192, 73.222, 73.996, 73.712, 73.636, 73.92, 73.672, 74.502, 74.43, 74.152, 74.54, 74.588, 74.768, 75.228, 75.316, 75.066, 75.18, 75.498, 75.408, 75.452, 75.638, 76.348, 76.162, 76.178, 75.958, 76.738, 76.602, 76.874, 76.732, 76.838, 77.028, 77.38, 77.282, 77.576, 77.218, 77.64, 77.756, 77.782, 78.314, 77.97, 78.216, 78.19, 78.13, 78.626, 78.598, 78.524, 78.796, 78.98, 78.888, 78.962, 79.374, 79.322, 79.488, 79.396, 79.846, 79.866, 79.768, 80.114, 79.712, 80.322, 80.5, 80.456, 80.596, 80.822, 80.948, 81.102, 81.228, 81.318, 81.362, 81.62, 81.64, 81.77, 81.694, 82.246, 82.286, 82.14, 82.672, 82.622, 82.586, 82.774, 82.606, 83.006, 83.406, 83.34, 83.68, 83.642, 83.76, 83.674, 84.048, 84.248, 84.494, 84.324, 84.64, 84.704, 84.774, 85.106, 85.262, 85.306, 85.246, 85.58, 85.844, 85.678, 85.882, 85.86, 86.19, 86.498, 86.596, 86.794, 86.818, 87.026, 87.31, 87.348, 87.472, 87.454, 87.624, 87.848, 88.126, 88.344, 88.44, 88.742, 88.62, 88.91, 89.02, 89.26, 89.434, 89.526, 89.784, 89.896, 90.136, 90.234, 90.492, 90.622, 90.822, 91.23, 91.138, 91.226, 91.312, 91.728, 91.786, 91.976, 92.168, 92.234, 92.264, 92.548, 92.694, 92.968, 92.892, 93.252, 93.322, 93.492, 93.468, 93.664, 93.776, 93.824, 93.912, 94.14, 94.324, 94.25, 94.27, 94.482, 94.524, 94.472, 94.664, 94.66, 94.594, 94.582, 94.698],