{"epoch": 199, "batch_size": 128, "net": "convnextv2_small", "best_acc": 76.21, "parameters": 49557130, "train_loss": [1.8849465551278781, 1.5752747311921376, 1.441356757107903, 1.3604873098680734, 1.282551926115285, 1.2167266672834411, 1.1539384231847876, 1.0996091431364075, 1.0445283791598152, 0.9958691290577354, 0.9609098902443791, 0.9106842000466173, 0.8737599453352907, 0.8300322006120706, 0.7894175256914495, 0.7444942259727536, 0.7047650185235016, 0.6597685125630225, 0.6108450142623824, 0.5608430289094101, 0.5145074358529143, 0.464044859342258, 0.41398921982406656, 0.3691545349100362, 0.3219052661029274, 0.28323850675921913, 0.2479404702096644, 0.2130650456070595, 0.19554468930301155, 0.17332384575282217, 0.15561094025478645, 0.14276053642144287, 0.13344163344720442, 0.12111799316028195, 0.11349021284209798, 0.11101343754269279, 0.09568145080371891, 0.09486057582642417, 0.08670121542347209, 0.09126905498602202, 0.0815569521702083, 0.07738854608419911, 0.0742115912973271, 0.07155113929496779, 0.06701550354747593, 0.06785827580496402, 0.06255363365230353, 0.06382783340609363, 0.06035956725373369, 0.05592487708967932, 0.056394591050989484, 0.051872466777777654, 0.05151397795142496, 0.046464252423809464, 0.04964695236457469, 0.04652660829670099, 0.04577185722041751, 0.041564182642742496, 0.04211780076186694, 0.037857832364461684, 0.04134080101690634, 0.040544740167324955, 0.035990271415999704, 0.03479690818637705, 0.03646715619402421, 0.0358001165314699, 0.02952041143737257, 0.03221963173019059, 0.02964193169730227, 0.03115445789327259, 0.02943260765359368, 0.030617061112185612, 0.023878812312048473, 0.02470015664294641, 0.02837869695589051, 0.02505007764959322, 0.02251226556605881, 0.026112067192355815, 0.024294979318760842, 0.01940159126148557, 0.02143474110081206, 0.020424124310769693, 0.02262029832120642, 0.020377023718700937, 0.018536884879843448, 0.016580917421900168, 0.015424030237248205, 0.019210584986748894, 0.01808539746381888, 0.016663872302495553, 0.013617405524801004, 0.015041884537676083, 0.01856100490717801, 0.01337213245501993, 0.015389727939547295, 0.01018841408648352, 0.01279709970212632, 0.0151396132500582, 0.012702556568785342, 0.010612133949267966, 0.011108021154013329, 0.011849635855487995, 0.01169849655374273, 0.009839643826349423, 0.01107159282404693, 0.009778712489715149, 0.008802795886372328, 0.008359774238402572, 0.00861610207158332, 0.008552403164324988, 0.0062881485005478015, 0.004811303622508094, 0.0103418345922185, 0.008404799371396097, 0.005596473031431151, 0.006093817549608642, 0.006577366326168618, 0.00534167629448906, 0.005443808490853629, 0.005499328454856522, 0.005991940909373688, 0.004579477610972473, 0.0052602264987327285, 0.006261622268522931, 0.003640592882699688, 0.0034558814821748526, 0.0026901677209030016, 0.004265129466622729, 0.005393590551748252, 0.0048865250422787465, 0.003019953724233951, 0.0031193192467315876, 0.0023057620201399304, 0.0019258798431361552, 0.0021627543404639906, 0.003672052469413096, 0.0016635587643626158, 0.0019804670017519502, 0.003210823397709304, 0.0027040061969829596, 0.001547299905826123, 0.002080216400807568, 0.002155782252254453, 0.00202615725212636, 0.0008638521125042078, 0.0005340954116922535, 0.0008346921971931346, 0.0016122532790684586, 0.000956528155148657, 0.0012101428288132157, 0.0010672092191405988, 0.001122770560420607, 0.0006295058255314438, 0.0003181866231752932, 0.0004954750617625417, 0.0006607677330102563, 0.0005110428777722095, 0.0005689753216391024, 0.0005577964783029224, 0.00030195732590312604, 0.00048254900037437623, 0.00019655032481075098, 0.00020607588615992827, 0.00028904540416537053, 0.0002410003752224827, 0.0005338934348662191, 0.0003762043161147556, 0.00016517655030356135, 0.00029192419346322254, 0.00010918320982933924, 7.102095959819211e-05, 6.993212022846602e-05, 0.00019251705894848353, 8.333684618258855e-05, 0.000144296962625368, 5.616608620894252e-05, 7.884565949883664e-05, 3.9656158942020835e-05, 0.00023068726777553174, 0.00013717475009120602, 0.00012640292571862297, 0.00013182153946820184, 4.573557819063107e-05, 7.679580799912845e-05, 2.488990929990727e-05, 6.412401963283828e-05, 4.356713524961014e-05, 3.7577184710328795e-05, 4.5476928949057735e-05, 3.512749833709561e-05, 3.562113996391276e-05, 3.275664488092283e-05, 7.05458269690082e-05, 2.6293647012169953e-05, 2.206118882294681e-05, 5.794640313401733e-05, 7.133553814674145e-05, 2.558184431146474e-05, 1.0793621861273464e-05, 3.788960627120072e-05], "train_acc": [31.752, 42.228, 47.612, 50.684, 53.938, 56.454, 58.45, 60.858, 62.564, 64.512, 65.872, 67.62, 68.818, 70.336, 71.87, 73.338, 74.832, 76.438, 77.968, 79.786, 81.38, 83.378, 85.318, 86.814, 88.548, 89.894, 91.172, 92.534, 93.034, 93.69, 94.53, 94.942, 95.294, 95.732, 96.0, 96.138, 96.75, 96.616, 97.008, 96.884, 97.126, 97.258, 97.402, 97.524, 97.692, 97.736, 97.924, 97.798, 97.97, 98.018, 98.022, 98.216, 98.248, 98.402, 98.366, 98.43, 98.436, 98.58, 98.598, 98.714, 98.588, 98.586, 98.752, 98.848, 98.776, 98.792, 98.962, 98.894, 98.972, 98.91, 98.962, 98.976, 99.208, 99.136, 99.022, 99.178, 99.216, 99.116, 99.176, 99.348, 99.298, 99.296, 99.252, 99.306, 99.362, 99.434, 99.49, 99.386, 99.404, 99.462, 99.572, 99.476, 99.388, 99.554, 99.496, 99.662, 99.556, 99.496, 99.606, 99.664, 99.622, 99.622, 99.63, 99.68, 99.64, 99.69, 99.688, 99.722, 99.706, 99.728, 99.8, 99.842, 99.68, 99.706, 99.836, 99.81, 99.782, 99.834, 99.8, 99.812, 99.798, 99.848, 99.828, 99.808, 99.9, 99.904, 99.906, 99.876, 99.822, 99.84, 99.904, 99.88, 99.926, 99.946, 99.924, 99.874, 99.944, 99.936, 99.898, 99.908, 99.952, 99.934, 99.93, 99.934, 99.978, 99.982, 99.962, 99.952, 99.964, 99.966, 99.964, 99.962, 99.984, 99.992, 99.984, 99.986, 99.984, 99.976, 99.982, 99.992, 99.986, 99.996, 99.994, 99.992, 99.992, 99.984, 99.99, 99.998, 99.988, 99.998, 100.0, 99.998, 99.996, 99.998, 99.996, 100.0, 99.998, 100.0, 99.992, 99.994, 99.996, 99.996, 100.0, 99.996, 100.0, 99.998, 99.998, 100.0, 99.998, 100.0, 99.998, 100.0, 99.998, 100.0, 100.0, 99.998, 99.998, 100.0, 100.0, 100.0],