{"epoch": 199, "batch_size": 128, "net": "DueCompression", "best_acc": 88.74, "parameters": 1744778, "train_loss": [1.5773226833709366, 1.2054085240644568, 1.0360943409792907, 0.9260836188750499, 0.846363062596382, 0.7924220002520724, 0.7404385411830814, 0.710890322694998, 0.6764664934266864, 0.654371076837525, 0.6277730877289687, 0.6153542446663313, 0.5907317914468858, 0.5758781780672195, 0.5597814041025498, 0.5465332315401044, 0.5329499273653835, 0.512931145289365, 0.5038686257494075, 0.49287565178273585, 0.4825412918006063, 0.47348641365995187, 0.4652417043743231, 0.45555329597209726, 0.44253023323195667, 0.43203075108168376, 0.4272091988559879, 0.4241311388552341, 0.4112414918897097, 0.3973059400039561, 0.399958127904731, 0.38718568638462547, 0.3822624912042447, 0.36817764134510705, 0.37326309789934425, 0.3655805026021455, 0.35559035769051606, 0.3527245130151739, 0.3449488706753382, 0.339965830564194, 0.3292228581426698, 0.3302844665620638, 0.32714982292688716, 0.31380089408601336, 0.3126186190358818, 0.30973082327324414, 0.303585180579244, 0.2985409500501345, 0.2941282368300821, 0.2964202982309224, 0.2912266792162605, 0.2830028600057068, 0.27681935479497666, 0.2773691167307022, 0.2656674630882795, 0.2673828771618931, 0.2587214394489213, 0.26324971382270385, 0.2553553375441705, 0.2490763142133308, 0.24438004689219664, 0.23979546863328466, 0.23971637264084633, 0.23327283753687159, 0.2360559869795809, 0.22671729854077025, 0.22905363822760788, 0.22557943598236269, 0.21533135538134734, 0.21715405657696907, 0.2169020644882146, 0.2104434239513734, 0.20739907847569727, 0.20690595074687773, 0.20084310629788568, 0.20294670951183494, 0.2001026786692307, 0.19495067472957894, 0.19294523393444699, 0.19423683989993143, 0.18069140031895675, 0.17989105569279712, 0.17852678687295034, 0.17881113531834938, 0.1764003382257336, 0.1700794139634008, 0.16911828976191218, 0.16598382472153514, 0.16145491452358873, 0.16140682601829623, 0.16023348615793012, 0.15243187785872717, 0.15556831630256474, 0.15115950029829275, 0.15023704264741725, 0.15120915357795212, 0.14334869521010257, 0.1460011630030849, 0.13911231694852605, 0.14147880568604945, 0.1364216413777655, 0.13601406153929813, 0.1315106970003194, 0.1313710011008298, 0.12654833659491577, 0.12632795407072359, 0.12528637739474816, 0.1237370390492632, 0.12103901243270815, 0.11965452212735515, 0.11622245060970716, 0.11582543617090606, 0.11525897003348222, 0.11315004773380812, 0.10926507059913462, 0.10509216239499619, 0.10697173490129469, 0.1054668489300534, 0.10071067215727113, 0.09910722806706758, 0.0998387350879438, 0.0963070775094011, 0.09367679003769022, 0.09642614863927254, 0.09166107277678864, 0.08823767746977336, 0.09164185379929554, 0.08799228595231501, 0.08791868688295716, 0.0853380260422178, 0.08587669994196166, 0.07949843919833603, 0.08256276492077066, 0.08174637490240357, 0.07947957513334654, 0.07962247059035027, 0.07519881944636554, 0.07460643981328553, 0.07292765836276667, 0.07086601965796308, 0.07246922724463446, 0.06977259904584464, 0.06516755318454921, 0.06813103944787284, 0.0669175303157638, 0.06510915621505368, 0.06256825419957451, 0.0627492786196949, 0.05897504273001724, 0.06071908443289645, 0.06019294710682176, 0.060420619219046116, 0.05597880061315682, 0.05742079262023844, 0.057403015787415496, 0.05565148008429943, 0.05172369382856295, 0.054557830052416954, 0.05312574650530163, 0.050554669702716194, 0.05034438808165167, 0.050770291517895964, 0.05009669869366433, 0.049658614384663076, 0.049698535445839395, 0.046219455776140665, 0.04685521282284232, 0.04630290104976624, 0.048214948031089035, 0.04388324345540627, 0.04287803569651397, 0.04189423416667353, 0.04479439844332083, 0.04365457588916316, 0.043768966348979935, 0.043477645816753056, 0.04252444101197412, 0.041897092838688275, 0.04290200374982393, 0.03985750694971179, 0.04064139263237567, 0.04033662459772566, 0.042207246705832535, 0.040317839266413164, 0.0394379493263562, 0.03928538671006327, 0.03874413643742118, 0.04015088350871754, 0.03988566647862534, 0.03820610556708615, 0.03859479445845003, 0.038231845692638544, 0.037942784650208394, 0.03854453431971162, 0.040395273620982074, 0.03834204066811544, 0.03720228510248996, 0.03986757786234703, 0.03691867851864194, 0.038863153346930926], "train_acc": [41.894, 56.692, 63.078, 66.954, 70.134, 71.922, 73.978, 75.02, 76.192, 76.956, 78.078, 78.31, 79.29, 79.716, 80.304, 81.014, 81.466, 81.68, 82.224, 82.698, 83.1, 83.262, 83.33, 83.97, 84.252, 84.694, 84.898, 85.066, 85.59, 86.026, 85.866, 86.49, 86.48, 87.13, 86.88, 87.19, 87.488, 87.546, 87.75, 88.092, 88.436, 88.332, 88.396, 88.654, 89.022, 88.898, 89.08, 89.34, 89.574, 89.58, 89.594, 89.956, 90.262, 90.104, 90.578, 90.59, 90.914, 90.614, 90.746, 91.166, 91.308, 91.344, 91.446, 91.712, 91.56, 91.856, 91.814, 91.976, 92.454, 92.334, 92.22, 92.5, 92.758, 92.66, 92.888, 92.72, 92.822, 92.92, 93.114, 92.962, 93.628, 93.484, 93.582, 93.774, 93.824, 93.98, 94.014, 94.082, 94.286, 94.2, 94.236, 94.59, 94.566, 94.526, 94.586, 94.636, 94.97, 94.85, 95.116, 94.996, 95.182, 95.214, 95.262, 95.272, 95.464, 95.542, 95.598, 95.588, 95.798, 95.826, 95.846, 95.864, 95.936, 95.978, 96.098, 96.294, 96.268, 96.294, 96.512, 96.528, 96.548, 96.498, 96.768, 96.528, 96.804, 97.07, 96.844, 96.948, 96.97, 97.076, 97.006, 97.296, 97.24, 97.122, 97.274, 97.198, 97.412, 97.438, 97.516, 97.5, 97.456, 97.676, 97.774, 97.622, 97.686, 97.824, 97.888, 97.932, 98.008, 97.994, 97.984, 98.002, 98.154, 98.12, 98.04, 98.134, 98.26, 98.206, 98.192, 98.388, 98.33, 98.28, 98.36, 98.386, 98.418, 98.568, 98.506, 98.406, 98.464, 98.574, 98.686, 98.658, 98.556, 98.594, 98.624, 98.592, 98.692, 98.658, 98.594, 98.706, 98.716, 98.748, 98.666, 98.764, 98.738, 98.8, 98.764, 98.722, 98.762, 98.758, 98.782, 98.788, 98.742, 98.844, 98.66, 98.83, 98.848, 98.724, 98.848, 98.738],