{"epoch": 199, "batch_size": 128, "net": "regnetx_080", "best_acc": 86.34, "parameters": 39572648, "train_loss": [1.8631479352941294, 1.4402624213177224, 1.273041332469267, 1.156286887195714, 1.059834603915739, 0.9888214661032343, 0.9201793847486491, 0.8666631904099603, 0.8167603645483246, 0.7748087812262727, 0.7324836595588938, 0.695603216929204, 0.6695496231088858, 0.6323558630235969, 0.6066719011577499, 0.5776544830683247, 0.5565390026630344, 0.5310429092258444, 0.5181575743743526, 0.4942200821836281, 0.47098659066592946, 0.4581277272128083, 0.4392471311952147, 0.4278054001081325, 0.41194213949658376, 0.3981312788889536, 0.38412949839211485, 0.370755194550585, 0.35664184559184264, 0.3419442820503279, 0.3347705144559026, 0.3179547937248674, 0.3133491910708225, 0.2993713676014825, 0.2863374488128116, 0.28344018589657594, 0.2675896966091507, 0.2600077768916364, 0.2482392715142511, 0.24244836856946922, 0.23305705866164259, 0.2257588921148149, 0.21996815780849407, 0.21120412045580042, 0.20480779383112402, 0.19868858573991624, 0.18948426509223631, 0.18603324318480918, 0.1813674288256394, 0.16977275818433907, 0.16726225454484106, 0.15972506098658837, 0.1582978642200265, 0.15272958215583315, 0.14699205617084526, 0.14088524424987833, 0.13596733382252782, 0.13125942217762512, 0.12994353903833863, 0.12325689464312076, 0.12214159120417312, 0.11659715731945032, 0.11643513031494435, 0.11276813973779873, 0.10517072757644116, 0.10365692981282996, 0.10280701932509231, 0.096625024795799, 0.09536746258149519, 0.0952250226817625, 0.09044021269416108, 0.08434434462567349, 0.08398210343516543, 0.08193863202553348, 0.07876417926415001, 0.08043277552565727, 0.07562384307336853, 0.07190441326154849, 0.07010937667668551, 0.06981984196025925, 0.0682243665947062, 0.0656090572004771, 0.061292508452692455, 0.06296431521534958, 0.061016196745883704, 0.058396622389697894, 0.059392946437620525, 0.05520078180896123, 0.052061030737665076, 0.05338657243043908, 0.04981905472991259, 0.05047975354434927, 0.048533054860070576, 0.048484932082226435, 0.044986995774895296, 0.04505815134619546, 0.04532394697830138, 0.04302696102772794, 0.03892933012729468, 0.03688122313219549, 0.039671986406702366, 0.037925760373068246, 0.03730921895729135, 0.034181651277610525, 0.03318103014424805, 0.03274118755807114, 0.033742582791692115, 0.03132937186399994, 0.030307214098858653, 0.031158949270525284, 0.02775036884874315, 0.026959837326194013, 0.02705420997164086, 0.026562688944866058, 0.025718266168511604, 0.02390521757907289, 0.022028803690801114, 0.021909175323956, 0.023113603065328676, 0.02206465074985438, 0.01967961688215137, 0.020531486518873984, 0.02153288915707513, 0.01822252529817681, 0.018482964512828947, 0.016446626420109592, 0.017730310037934585, 0.017654240963554196, 0.015693032324624955, 0.015094711199043142, 0.015186025608477451, 0.014137162303756279, 0.013426151583650056, 0.013121930850253505, 0.013091537782223002, 0.013248996838749817, 0.012528262124486182, 0.01098426303427602, 0.010310641460558649, 0.011188516909431647, 0.010195581248582965, 0.010374028831669737, 0.010835852758015704, 0.010686287166722848, 0.009281275742587542, 0.00858535823683776, 0.007941347397578782, 0.0075487844590188475, 0.006823544073688394, 0.006903222968045305, 0.006607761647215213, 0.007264389276533992, 0.006648877650559487, 0.005625284307699888, 0.0053193017932981765, 0.006183036420781039, 0.005297210039188335, 0.006077674162850115, 0.006026588366473364, 0.00491882916976651, 0.00443249791770887, 0.005081016053494764, 0.005519335085065435, 0.00495527392669591, 0.004423240097319259, 0.004194753769895477, 0.00403455590769408, 0.0032577267035690393, 0.0032582039465433132, 0.0037899574488112608, 0.0033320570993471666, 0.0030720629991851183, 0.0026708757640756552, 0.002488618807528419, 0.003170919532602852, 0.0025207601485580317, 0.002427271144330481, 0.0023605546554820874, 0.0024929067755746315, 0.0022039721914557152, 0.0023938356231467616, 0.002353691248307259, 0.0022056435709228747, 0.0022704481388666786, 0.0024132151976139554, 0.0018384279408709123, 0.0021911292595066007, 0.002304695627309227, 0.0020159118569974027, 0.0024933938847195173, 0.002575176061581053, 0.0017980123703634893, 0.0023821375241572045, 0.0020306807773638755, 0.0019855403622742692, 0.002187053407036347, 0.0017847233857514243, 0.0016277592654715936, 0.002261418434770053, 0.0019368173295759362], "train_acc": [32.318, 46.656, 53.844, 58.248, 61.86, 64.592, 66.986, 69.306, 70.894, 72.546, 74.104, 75.284, 76.328, 77.692, 78.598, 79.582, 80.438, 81.288, 81.776, 82.364, 83.196, 83.962, 84.362, 84.868, 85.41, 85.78, 86.242, 86.656, 87.398, 87.774, 88.168, 88.618, 88.852, 89.314, 89.752, 89.928, 90.448, 90.7, 91.002, 91.252, 91.622, 91.858, 92.11, 92.432, 92.682, 92.908, 93.142, 93.266, 93.426, 93.92, 93.878, 94.376, 94.354, 94.526, 94.73, 94.94, 95.19, 95.26, 95.404, 95.598, 95.8, 95.804, 95.84, 95.932, 96.242, 96.42, 96.41, 96.56, 96.6, 96.526, 96.774, 97.032, 97.082, 97.21, 97.262, 97.046, 97.238, 97.424, 97.566, 97.55, 97.63, 97.698, 97.856, 97.83, 97.9, 97.892, 98.03, 98.036, 98.22, 98.114, 98.276, 98.28, 98.316, 98.338, 98.466, 98.424, 98.42, 98.502, 98.646, 98.742, 98.636, 98.656, 98.714, 98.842, 98.832, 98.82, 98.884, 98.934, 98.986, 98.94, 99.046, 99.056, 99.056, 99.08, 99.12, 99.16, 99.212, 99.226, 99.204, 99.274, 99.286, 99.322, 99.262, 99.376, 99.36, 99.438, 99.384, 99.426, 99.428, 99.498, 99.48, 99.546, 99.556, 99.52, 99.526, 99.558, 99.598, 99.674, 99.662, 99.594, 99.656, 99.652, 99.622, 99.66, 99.684, 99.706, 99.738, 99.748, 99.758, 99.764, 99.768, 99.734, 99.77, 99.838, 99.83, 99.784, 99.816, 99.8, 99.788, 99.852, 99.866, 99.836, 99.806, 99.828, 99.844, 99.882, 99.86, 99.876, 99.894, 99.868, 99.91, 99.898, 99.92, 99.932, 99.896, 99.912, 99.924, 99.93, 99.916, 99.936, 99.924, 99.928, 99.934, 99.92, 99.922, 99.958, 99.934, 99.92, 99.926, 99.918, 99.916, 99.94, 99.938, 99.934, 99.93, 99.944, 99.948, 99.952, 99.928, 99.952],