{"epoch": 199, "batch_size": 128, "net": "seresnet18", "best_acc": 84.8, "parameters": 11779624, "train_loss": [1.9171062918270336, 1.2777221602247195, 1.1062469996149888, 1.0051229358329188, 0.9262846683907082, 0.8704545010081337, 0.8185853730991978, 0.7797703407609554, 0.7450270940885519, 0.7093267377532656, 0.6846750457878308, 0.65885519165822, 0.6305401776452808, 0.6107719166352011, 0.592207631186756, 0.5738073064543098, 0.551685509855485, 0.5362390975665559, 0.5141405178152997, 0.5021262530932951, 0.4912302394199859, 0.4759921279481, 0.4655458186288624, 0.4461587401454711, 0.4383297516866718, 0.42603385985812264, 0.41416038740473937, 0.4058752780222832, 0.3911654645067347, 0.38143033398996534, 0.3666373431453924, 0.3606831308292306, 0.35204934688937634, 0.3397557105859527, 0.33230899560177113, 0.32264486690768807, 0.3130302468834021, 0.3020987852531321, 0.298562265341849, 0.2863496424215834, 0.27986232902082947, 0.2707858275803154, 0.2662032591869764, 0.2574685660698225, 0.25259968990941184, 0.24296135129526142, 0.23623552026651096, 0.2231122940168966, 0.22475710238718316, 0.21601927369985435, 0.21438062697877663, 0.20175000228692808, 0.2010537963122358, 0.19055635607837107, 0.1881623272319584, 0.1889891185419029, 0.17786182266900608, 0.172885737417604, 0.1666886497222249, 0.16450773807399718, 0.16118580686962208, 0.15217353213016335, 0.1565130447106593, 0.1469314153332387, 0.14507511733552378, 0.13947839792007985, 0.1351686186535889, 0.1321386256924523, 0.12935525714360235, 0.12742249565699215, 0.12190543182784944, 0.11958680798292465, 0.11930032381240059, 0.11205690789519979, 0.11412133308856384, 0.10931994467783157, 0.10681547245482349, 0.10317732924905122, 0.0946032133506006, 0.09990963907173984, 0.09254592389840147, 0.09450135565103243, 0.0892048291480907, 0.08713573770945335, 0.08766502366803797, 0.08551368138293171, 0.08006964361919161, 0.07725843978697991, 0.07908033664145357, 0.07378484357786758, 0.07552765804769286, 0.07180339585789634, 0.07325364268787415, 0.06527933893996812, 0.06324390530624353, 0.0647639774376779, 0.06312852110618444, 0.06281650488686455, 0.061048046828669204, 0.05700599342641775, 0.05636019071283014, 0.055937012079912606, 0.05513715781771657, 0.05353967170171497, 0.04856288535020235, 0.049929527185923986, 0.04754634965163515, 0.046011945268477475, 0.04620267668515063, 0.044682692806653275, 0.042599353392648955, 0.04639008570500576, 0.04222533483024868, 0.04037741221942465, 0.03684171556335543, 0.03494631303974506, 0.03421917698546158, 0.03415789915536961, 0.03631591359975145, 0.03604572829123481, 0.03510048617656483, 0.03159258534591121, 0.030401347434896107, 0.03073895630448142, 0.030322918491533308, 0.029575497917759486, 0.027514589697663266, 0.02858734799279829, 0.02700378569771948, 0.025570770586862246, 0.025021235946842166, 0.02282968327275637, 0.02248979962932284, 0.023343508353914178, 0.020247909263052675, 0.02198588635291323, 0.020961057576660516, 0.02080097100700435, 0.019829744547980664, 0.02036510023396805, 0.018178732526075343, 0.017920848143541866, 0.017647666277547304, 0.016739819480580828, 0.016163435733050603, 0.015959503743803494, 0.014694314014435748, 0.014492039176602097, 0.013238286403010188, 0.013972183958034191, 0.012803724503068402, 0.012265146768186241, 0.013433626491625262, 0.011929619932890205, 0.011350626106578809, 0.011723322724170811, 0.010873651331620496, 0.011051470918766678, 0.010287535258347308, 0.010299028172750203, 0.011290265874707323, 0.010856501064593772, 0.009321622303514349, 0.01012007615355122, 0.008782921338026934, 0.0075653539975727565, 0.007964062682368442, 0.00811995747146349, 0.00728401595120267, 0.007776414755347144, 0.0074605282414761135, 0.006945150816301598, 0.006816401373935313, 0.0072617370513496475, 0.006699384034797668, 0.007121430955554211, 0.006978856702528708, 0.006477401683540524, 0.006196265303008163, 0.00708485631663126, 0.0072347652872719465, 0.006831342390405855, 0.006590624585065305, 0.005521311838564801, 0.0052446079146548094, 0.0059292271859896824, 0.005719076548984377, 0.006377208055807766, 0.005859909987802405, 0.005637120072278218, 0.005858165085102227, 0.005727846825579026, 0.005871448985590061, 0.004967610988043347, 0.005607430795829891, 0.00497643533724752, 0.005626052880966071, 0.004975230500409903, 0.005802215949130242, 0.005308529981152962], "train_acc": [36.408, 53.236, 60.296, 63.994, 66.912, 69.196, 70.938, 72.366, 73.584, 74.79, 75.622, 76.664, 77.602, 78.334, 79.216, 79.644, 80.496, 81.152, 81.732, 82.15, 82.728, 83.2, 83.596, 84.286, 84.62, 84.892, 85.246, 85.59, 85.994, 86.502, 86.858, 87.18, 87.444, 87.942, 88.186, 88.406, 88.872, 89.232, 89.432, 89.82, 89.98, 90.334, 90.424, 90.8, 90.93, 91.306, 91.592, 91.892, 91.922, 92.254, 92.238, 92.864, 92.86, 93.072, 93.222, 93.234, 93.628, 93.788, 94.014, 94.088, 94.168, 94.556, 94.442, 94.73, 94.78, 95.082, 95.132, 95.264, 95.324, 95.504, 95.59, 95.674, 95.726, 95.894, 95.982, 96.086, 96.158, 96.284, 96.692, 96.362, 96.704, 96.622, 96.782, 96.952, 96.878, 97.022, 97.13, 97.322, 97.238, 97.362, 97.276, 97.444, 97.376, 97.756, 97.704, 97.706, 97.82, 97.842, 97.83, 98.066, 98.008, 98.024, 98.092, 98.126, 98.278, 98.196, 98.324, 98.386, 98.348, 98.436, 98.514, 98.352, 98.564, 98.598, 98.716, 98.734, 98.796, 98.79, 98.736, 98.716, 98.812, 98.934, 98.974, 98.96, 98.944, 98.964, 99.086, 98.994, 99.094, 99.07, 99.16, 99.21, 99.226, 99.154, 99.278, 99.28, 99.28, 99.322, 99.338, 99.306, 99.406, 99.398, 99.404, 99.422, 99.462, 99.468, 99.534, 99.534, 99.57, 99.534, 99.564, 99.584, 99.51, 99.624, 99.638, 99.588, 99.658, 99.64, 99.664, 99.688, 99.666, 99.642, 99.702, 99.684, 99.748, 99.792, 99.768, 99.736, 99.776, 99.748, 99.752, 99.77, 99.792, 99.774, 99.804, 99.774, 99.784, 99.788, 99.808, 99.764, 99.78, 99.786, 99.816, 99.84, 99.834, 99.82, 99.83, 99.81, 99.822, 99.84, 99.824, 99.824, 99.82, 99.876, 99.84, 99.864, 99.81, 99.844, 99.812, 99.84],