{"epoch": 199, "batch_size": 128, "net": "seresnet18", "best_acc": 85.51, "parameters": 11271754, "train_loss": [1.5955793028292449, 1.2072650108800824, 1.0215957733371375, 0.9175242851762211, 0.8441755067357017, 0.784427557607441, 0.7330031895728977, 0.6940822845224834, 0.6617134285857306, 0.633393550467918, 0.6112711190262718, 0.5840259762218846, 0.5593147878451725, 0.541628211431796, 0.5248963299309811, 0.5064063163669518, 0.49247035376556086, 0.4804768837473886, 0.464621074821638, 0.45225999422390445, 0.4401572869561822, 0.43076434948712666, 0.41943320898753605, 0.4151497715345734, 0.40241643405326494, 0.39025918685871624, 0.38745132679372185, 0.3808555124360887, 0.3651076247701255, 0.3590479136809059, 0.3505516800734088, 0.3419054939847468, 0.3399428612054766, 0.3272206746327603, 0.3284916751982306, 0.31517790456104766, 0.31502147563887983, 0.30565704127101945, 0.30158550770538844, 0.30147465617607927, 0.28531071023486765, 0.28126938500062887, 0.2815527962068158, 0.2796297653023239, 0.26443028663430374, 0.26451148839710314, 0.2591998534243735, 0.25594980820365576, 0.25267153987875374, 0.2472543430031108, 0.2386786356720778, 0.23710696967056646, 0.2333467678760019, 0.23025746010910825, 0.23187812240532293, 0.22024272415605958, 0.21838494495052815, 0.21669353457058177, 0.2151405729372483, 0.20479506459992255, 0.20531740459754033, 0.19930395556380376, 0.19662244959026956, 0.19328808346215418, 0.19381578446692213, 0.18626617123861142, 0.18117164972874208, 0.18109232878974638, 0.17714788589407415, 0.179691422949819, 0.16824174676176226, 0.17101286991935252, 0.165002654485233, 0.16259031562739626, 0.16084387827940913, 0.1591586899726897, 0.15606755068730516, 0.14961192512032015, 0.15148327962669264, 0.15056501195558805, 0.1379673604179374, 0.14299232920493615, 0.13634107073249718, 0.13788069521679597, 0.1293758878965512, 0.12895484554969594, 0.1288491993799539, 0.1253951937722428, 0.12170235040928702, 0.11794471622104077, 0.1145542879896167, 0.11850429453965648, 0.11212440296207242, 0.10864969469664042, 0.11003736273178359, 0.10549465184816924, 0.10304991169677824, 0.0973451697717771, 0.10009393006410745, 0.0993090661104454, 0.0927085872749081, 0.08864267378130837, 0.0913348231474152, 0.0815620531501901, 0.08972107380857249, 0.0872071090456851, 0.0754860301711656, 0.08183272586196966, 0.07564877477400672, 0.07903411522593416, 0.07339713520482373, 0.07232018240996639, 0.06485101883597386, 0.0683559054161048, 0.06880016995074652, 0.06198372198340228, 0.058623461230226874, 0.06342032821634618, 0.061426946169237044, 0.05995475246911616, 0.0597586080222331, 0.047758255189622914, 0.056687587340984044, 0.05169101357888764, 0.04900127931562302, 0.0477855971697575, 0.046201321034384964, 0.04505725347263086, 0.04342814324402234, 0.04316692968385051, 0.0385459828109521, 0.03858964442325485, 0.0393202640181717, 0.03574447528949803, 0.035775318469666424, 0.033041185547557216, 0.03450313951793934, 0.033272274207118945, 0.032553756522917476, 0.02908506809407488, 0.029074929614999162, 0.028492517064890022, 0.02613115986324418, 0.026442943218276095, 0.022638984967459024, 0.02066291823810207, 0.022427075541020868, 0.021772722154200706, 0.021122059626135583, 0.022821957486636384, 0.018579679961099535, 0.017796874800643375, 0.018001221143283293, 0.01710170189067876, 0.016592888395859363, 0.014000002986869401, 0.015001333389437788, 0.015323609757996962, 0.013469990238721799, 0.011551770929168538, 0.012957787023820912, 0.011771820197158786, 0.011559402321666584, 0.010951372987517487, 0.009424409540349265, 0.009288663041668936, 0.009317927176879822, 0.008794690367280115, 0.007449442218906363, 0.007053818238866063, 0.007853021569163128, 0.00765521593084928, 0.0074712944519527424, 0.007398577862187102, 0.006139849538511723, 0.0060660340392258245, 0.005191890034753004, 0.005258263343719014, 0.005024721941390686, 0.00516321892275505, 0.00533680990358795, 0.004316539578328845, 0.004546605597135237, 0.004416018160917681, 0.004375526712004654, 0.004329112697551396, 0.004233337959515519, 0.003793803581191153, 0.003962102745127593, 0.003866843519779399, 0.0032859371526299586, 0.0030810444673951753, 0.003439267296125949, 0.003575603722694718, 0.0037695302353243526, 0.0034498605504096067, 0.0042131357535849685, 0.0035954900018004715, 0.002778618020223468, 0.0033215174188326343], "train_acc": [40.964, 56.47, 63.404, 67.568, 70.234, 72.32, 74.236, 75.684, 76.628, 77.866, 78.594, 79.432, 80.66, 81.128, 81.704, 82.326, 82.89, 83.218, 83.712, 84.15, 84.324, 84.91, 85.278, 85.354, 85.974, 86.122, 86.414, 86.51, 87.146, 87.26, 87.544, 88.138, 87.908, 88.354, 88.402, 88.828, 88.818, 89.242, 89.26, 89.162, 89.792, 90.074, 90.052, 90.26, 90.602, 90.578, 90.85, 90.824, 90.878, 91.144, 91.422, 91.616, 91.812, 92.076, 91.622, 92.132, 92.366, 92.302, 92.326, 92.646, 92.622, 92.946, 93.096, 93.13, 93.086, 93.568, 93.578, 93.564, 93.734, 93.502, 93.982, 93.9, 94.164, 94.162, 94.272, 94.408, 94.43, 94.632, 94.63, 94.572, 95.102, 94.936, 95.144, 95.064, 95.468, 95.47, 95.396, 95.508, 95.754, 95.746, 95.914, 95.832, 96.17, 96.096, 96.15, 96.308, 96.364, 96.538, 96.488, 96.512, 96.658, 96.912, 96.798, 97.156, 96.812, 96.898, 97.304, 97.142, 97.298, 97.28, 97.422, 97.472, 97.74, 97.6, 97.594, 97.834, 97.936, 97.826, 97.91, 97.866, 97.898, 98.394, 97.996, 98.166, 98.252, 98.358, 98.43, 98.436, 98.458, 98.498, 98.654, 98.71, 98.628, 98.75, 98.786, 98.874, 98.812, 98.87, 98.91, 99.008, 99.032, 98.964, 99.084, 99.108, 99.224, 99.302, 99.256, 99.234, 99.27, 99.236, 99.38, 99.386, 99.378, 99.428, 99.43, 99.528, 99.442, 99.482, 99.566, 99.612, 99.58, 99.618, 99.594, 99.624, 99.676, 99.704, 99.67, 99.73, 99.766, 99.772, 99.764, 99.748, 99.762, 99.772, 99.796, 99.818, 99.836, 99.82, 99.864, 99.838, 99.834, 99.862, 99.858, 99.856, 99.866, 99.866, 99.878, 99.894, 99.872, 99.878, 99.914, 99.918, 99.904, 99.88, 99.866, 99.91, 99.886, 99.882, 99.922, 99.894],