{"epoch": 9, "batch_size": 32, "net": "seresnet18", "best_acc": 77.01, "parameters": 11779624, "train_loss": [1.6880752148341462, 1.2548223109254453, 1.0887919091598697, 0.9933675095887041, 0.9179732752052241, 0.8607476399216374, 0.8142703609137069, 0.768140413310386, 0.734919835856841, 0.7038876051065331], "train_acc": [39.786, 54.788, 61.012, 64.666, 67.722, 69.502, 71.222, 73.05, 74.288, 75.312], "test_loss": [1.2480478692054748, 1.0439737087488175, 0.9607154363393784, 0.8584887617826462, 0.8102541959285736, 0.7582079946994782, 0.7688557004928589, 0.7250253254175186, 0.6801423451304436, 0.6746723434329033], "test_acc": [54.74, 62.69, 65.12, 69.68, 71.64, 73.67, 73.0, 74.72, 76.49, 77.01], "image_size": 32}